關鍵字,AIO內容,來源連結
益生菌 (Probiotics),NO_AIO_FOUND,
益生菌菌株 (genus‑species‑strain),"益生菌的命名遵循嚴謹的科學分類，以「屬（Genus）－種（Species）－菌株（Strain）」的層級結構來命名，例如「鼠李糖乳桿菌GG」（Lactobacillus rhamnosus GG），其中「屬」為乳桿菌屬， 「種」為鼠李糖乳桿菌，而「GG」則代表一個特定的菌株。
益生菌菌株的分類與意義：
屬（Genus）：
益生菌最大的分類單位，例如雙歧桿菌屬（Bifidobacterium）和乳酸桿菌屬（Lactobacillus）。
種（Species）：
屬於同一屬的不同種類，例如長雙歧桿菌（Bifidobacterium longum）、乾酪乳桿菌（Lactobacillus casei）。
菌株（Strain）：
同一菌種下，由不同來源分離出的獨特個體，表示具有特異性的基因型，並非所有同種的菌株都具有相同的功效。
為何菌株如此重要？
功效專一性：
不同的菌株可能具有不同的生理功效，因此選擇特定菌株才能達到預期的益生菌效果。
例如，長雙歧桿菌在嬰幼兒時期為原生菌種，有助於排便順暢。
鼠李糖乳桿菌GG則對排便順暢、調整體質、維持消化道機能有幫助。
避免「越多越好」的迷思：
雖然有些產品含有多種菌株，但研究顯示，菌株數量並非越多越好，關鍵在於所選菌株的功效是否具備人體實驗證實。
選擇原則：
選擇益生菌時，應注意產品菌種功效是否有人體實驗證實、有效菌數是否達標、是否有包埋技術或耐酸鹼的考量，以及是否經過第三方檢驗。","https://www.beauthy.com.tw/blogs/beauthy%E6%96%B0%E8%AD%98%E5%8A%9B#:~:text=%E7%9B%8A%E7%94%9F%E8%8F%8C%EF%BC%88Probiotics%EF%BC%89%E6%98%AF%E4%B8%80%E9%A1%9E%E5%B0%8D%E4%BA%BA%E9%AB%94%E5%81%A5%E5%BA%B7%E6%9C%89%E7%9B%8A%E7%9A%84%E5%BE%AE%E7%94%9F%E7%89%A9%EF%BC%8C%E4%B8%BB%E8%A6%81%E5%88%86%E5%B8%83%E6%96%BC%E8%85%B8%E9%81%93%E3%80%81%E5%8F%A3%E8%85%94%E3%80%81%E7%94%9F%E6%AE%96%E9%81%93%E8%88%87%E7%9A%AE%E8%86%9A%E7%AD%89%E9%83%A8%E4%BD%8D%E3%80%82%20%E7%A7%91%E5%AD%B8%E7%95%8C%E4%BE%9D%E6%93%9A%E7%B4%B0%E8%8F%8C%E7%9A%84%E5%B1%AC%EF%BC%88Genus%EF%BC%89%E3%80%81%E7%A8%AE%EF%BC%88Species%EF%BC%89%E8%88%87%E8%8F%8C%E6%A0%AA%EF%BC%88Strain%EF%BC%89%E4%BE%86%E5%88%86%E9%A1%9E%EF%BC%8C%E6%89%80%E4%BB%A5%E6%88%91%E5%80%91%E5%B8%B8%E5%B8%B8%E5%9C%A8%E8%AA%AA%E7%9A%84A%E8%8F%8C%E3%80%81B%E8%8F%8C%E3%80%81C%E8%8F%8C%EF%BC%8C%E6%98%AF%E6%9C%80%E5%A4%A7%E7%9A%84%E5%88%86%E9%A1%9E%E6%B3%95%E3%80%82%20%E9%9A%A8%E8%91%97%E5%B0%8D%E8%8F%8C%E6%A0%AA%E7%9A%84%E7%A0%94%E7%A9%B6%E5%92%8C%E7%99%BC%E7%8F%BE%EF%BC%8C%E7%9C%9F%E6%AD%A3%E8%A6%81%E9%81%94%E5%88%B0%E7%9B%8A%E7%94%9F%E8%8F%8C%E6%95%88%E6%9E%9C%E7%9A%84%E9%81%B8%E6%93%87%EF%BC%8C%E9%82%84%E6%98%AF%E8%A6%81%E4%BB%A5%E8%8F%8C%E6%A0%AA%EF%BC%88Strain%EF%BC%89%20%E4%BE%86%E4%BD%9C%E7%82%BA%E9%81%B8%E6%93%87%E4%BE%9D%E6%93%9A%EF%BC%8C%E6%89%8D%E8%83%BD%E8%AE%93%E5%B0%88%E5%88%A9%E7%9B%8A%E7%94%9F%E8%8F%8C%E7%99%BC%E6%8F%AE%E5%8A%9F%E6%95%88%E3%80%82
https://shopping.dradvice.asia/Article/Detail/72883#:~:text=%E7%9B%8A%E7%94%9F%E8%8F%8C%E8%8F%8C%E7%A8%AE%E7%B5%90%E6%A7%8B%EF%BC%8C%E4%BB%A5%E5%8F%8A%E9%81%A9%E5%90%88%E6%97%8F%E7%BE%A4&text=%E5%8F%88%E7%A8%B1%E7%82%BAB%E8%8F%8C,%E5%8F%A2%E7%94%9F%E6%85%8B%EF%BC%8C%E5%B9%AB%E5%8A%A9%E6%8E%92%E4%BE%BF%E9%A0%86%E6%9A%A2%E3%80%82
https://baike.baidu.com/item/%E8%8F%8C%E6%A0%AA/2486831#:~:text=%E8%8F%8C%E6%A0%AA%EF%BC%88%E5%9C%A8%E9%9D%9E%E7%BB%86%E8%83%9E%E5%9E%8B,%E8%8F%8C%E7%A7%8D%E7%9A%84%E4%B8%80%E4%B8%AA%E8%8F%8C%E6%A0%AA%E3%80%82
https://www.synbiotech.com/ProbioticHub/BiomeHub/BiomeHub02.htm#:~:text=%E8%AA%A4%E5%8D%80%E4%BA%8C%E3%80%81%E8%8F%8C%E6%A0%AA%E7%A8%AE%E9%A1%9E%E8%B6%8A,%E9%81%A9%E7%94%A8%E6%96%BC%E9%80%99%E7%A8%AE%E6%83%85%E6%B3%81%E3%80%82
https://healthformula.com.tw/article/probiotic-effect/
https://www.edh.tw/article/35909#:~:text=%E7%9B%8A%E7%94%9F%E8%8F%8C%E6%8E%A8%E8%96%A6%E6%8C%91%E9%81%B8%E5%8E%9F%E5%89%87&text=10%E5%84%84%EF%BD%9E100%E5%84%84,%E7%9B%8A%E7%94%9F%E8%8F%8C%E7%99%BC%E6%8F%AE%E6%9C%9F%E5%BE%85%E5%8A%9F%E6%95%88%E3%80%82&text=%E5%BB%BA%E8%AD%B0%E9%81%B8%E6%93%87%E3%80%8C%E5%85%A8%E4%BA%BA%E9%AB%94%E4%BE%86%E6%BA%90,%E7%9A%84%E6%95%88%E6%9E%9C%E5%8D%BB%E6%9C%AA%E5%BF%85%E7%9B%B8%E5%90%8C%E3%80%82
https://www.beauthy.com.tw/blogs/beauthy%E6%96%B0%E8%AD%98%E5%8A%9B/%E4%BD%A0%E7%9F%A5%E9%81%93a%E8%8F%8C-b%E8%8F%8C-c%E8%8F%8C%E6%98%AF%E4%BB%80%E9%BA%BC%E5%97%8E-a%E8%8F%8C-b%E8%8F%8C-c%E8%8F%8C%E7%9A%84%E5%85%A8%E9%9D%A2%E8%A7%A3%E6%9E%90-%E5%A6%82%E4%BD%95%E9%81%B8%E6%93%87%E6%9C%80%E9%81%A9%E5%90%88%E7%9A%84%E7%9B%8A%E7%94%9F%E8%8F%8C
https://www.damokampo.com/blogs/knowledge-articles/143791#:~:text=LGG%E8%8F%8C%EF%BC%9A%E9%BC%A0%E6%9D%8E%E7%B3%96,%E5%B8%B8%E8%A6%8B%E7%9A%84%E6%88%90%E5%88%86%E4%B9%8B%E4%B8%80%E3%80%82
https://www.beauthy.com.tw/blogs/beauthy%E6%96%B0%E8%AD%98%E5%8A%9B/%E4%BD%A0%E7%9F%A5%E9%81%93a%E8%8F%8C-b%E8%8F%8C-c%E8%8F%8C%E6%98%AF%E4%BB%80%E9%BA%BC%E5%97%8E-a%E8%8F%8C-b%E8%8F%8C-c%E8%8F%8C%E7%9A%84%E5%85%A8%E9%9D%A2%E8%A7%A3%E6%9E%90-%E5%A6%82%E4%BD%95%E9%81%B8%E6%93%87%E6%9C%80%E9%81%A9%E5%90%88%E7%9A%84%E7%9B%8A%E7%94%9F%E8%8F%8C
https://www.beauthy.com.tw/blogs/beauthy%E6%96%B0%E8%AD%98%E5%8A%9B#:~:text=%E7%9B%8A%E7%94%9F%E8%8F%8C%EF%BC%88Probiotics%EF%BC%89%E6%98%AF%E4%B8%80%E9%A1%9E%E5%B0%8D%E4%BA%BA%E9%AB%94%E5%81%A5%E5%BA%B7%E6%9C%89%E7%9B%8A%E7%9A%84%E5%BE%AE%E7%94%9F%E7%89%A9%EF%BC%8C%E4%B8%BB%E8%A6%81%E5%88%86%E5%B8%83%E6%96%BC%E8%85%B8%E9%81%93%E3%80%81%E5%8F%A3%E8%85%94%E3%80%81%E7%94%9F%E6%AE%96%E9%81%93%E8%88%87%E7%9A%AE%E8%86%9A%E7%AD%89%E9%83%A8%E4%BD%8D%E3%80%82%20%E7%A7%91%E5%AD%B8%E7%95%8C%E4%BE%9D%E6%93%9A%E7%B4%B0%E8%8F%8C%E7%9A%84%E5%B1%AC%EF%BC%88Genus%EF%BC%89%E3%80%81%E7%A8%AE%EF%BC%88Species%EF%BC%89%E8%88%87%E8%8F%8C%E6%A0%AA%EF%BC%88Strain%EF%BC%89%E4%BE%86%E5%88%86%E9%A1%9E%EF%BC%8C%E6%89%80%E4%BB%A5%E6%88%91%E5%80%91%E5%B8%B8%E5%B8%B8%E5%9C%A8%E8%AA%AA%E7%9A%84A%E8%8F%8C%E3%80%81B%E8%8F%8C%E3%80%81C%E8%8F%8C%EF%BC%8C%E6%98%AF%E6%9C%80%E5%A4%A7%E7%9A%84%E5%88%86%E9%A1%9E%E6%B3%95%E3%80%82%20%E9%9A%A8%E8%91%97%E5%B0%8D%E8%8F%8C%E6%A0%AA%E7%9A%84%E7%A0%94%E7%A9%B6%E5%92%8C%E7%99%BC%E7%8F%BE%EF%BC%8C%E7%9C%9F%E6%AD%A3%E8%A6%81%E9%81%94%E5%88%B0%E7%9B%8A%E7%94%9F%E8%8F%8C%E6%95%88%E6%9E%9C%E7%9A%84%E9%81%B8%E6%93%87%EF%BC%8C%E9%82%84%E6%98%AF%E8%A6%81%E4%BB%A5%E8%8F%8C%E6%A0%AA%EF%BC%88Strain%EF%BC%89%20%E4%BE%86%E4%BD%9C%E7%82%BA%E9%81%B8%E6%93%87%E4%BE%9D%E6%93%9A%EF%BC%8C%E6%89%8D%E8%83%BD%E8%AE%93%E5%B0%88%E5%88%A9%E7%9B%8A%E7%94%9F%E8%8F%8C%E7%99%BC%E6%8F%AE%E5%8A%9F%E6%95%88%E3%80%82
https://shopping.dradvice.asia/Article/Detail/72883#:~:text=%E7%9B%8A%E7%94%9F%E8%8F%8C%E8%8F%8C%E7%A8%AE%E7%B5%90%E6%A7%8B%EF%BC%8C%E4%BB%A5%E5%8F%8A%E9%81%A9%E5%90%88%E6%97%8F%E7%BE%A4&text=%E5%8F%88%E7%A8%B1%E7%82%BAB%E8%8F%8C,%E5%8F%A2%E7%94%9F%E6%85%8B%EF%BC%8C%E5%B9%AB%E5%8A%A9%E6%8E%92%E4%BE%BF%E9%A0%86%E6%9A%A2%E3%80%82"
益生菌CFU (Colony Forming Unit),"益生菌的CFU（菌落形成單位，Colony Forming Units）是指在特定條件下，每公克或每毫升樣品中能夠形成單一菌落的活菌數量，是衡量益生菌產品活性與功效的重要指標之一。
雖然CFU數值越高，理論上代表活菌越多，但益生菌的功效並非僅由CFU決定，還需考量菌株種類、特性、存活率以及個人身體狀況等因素。
CFU的意義與計算方式：
定義：
CFU是計算活菌數量的一種單位，表示在培養基上能夠獨立形成菌落的活菌數量。
表示方式：
通常標示為CFU/g（每公克）或CFU/mL（每毫升），如1 x 10^9 CFU表示10億CFU。
益生菌CFU與功效的考量：
足夠劑量：
為了確保益生菌能通過胃酸考驗並在腸道中發揮作用，建議每日攝取量至少能達到數十億至數百億CFU。
菌株與功效：
不同的益生菌菌株具有不同的功效，選擇適合自身需求的菌株比單純追求高菌數更重要。
保證菌數：
由於活菌數會隨著時間和保存條件而減少，建議選擇標示「保證菌數」並在保存期限內服用的產品。
其他影響因素：
益生菌的功效還會受到包埋技術、菌株的定植能力等因素影響。
如何選擇益生菌：
明確需求：
:
根據個人健康狀況或期望達到的功效來選擇適合的菌株。
考量CFU：
:
選擇有足夠CFU劑量的產品，並注意其是否為保證菌數。
人體來源與實證：
:
優先選擇人體來源的益生菌，並確認產品經過人體專科試驗證實功效。","https://gohealth.contenta.tw/247/#:~:text=%E6%B4%BB%E6%80%A7%E8%8F%8C%E6%95%B8%E9%87%8F(CFU)%20%E9%81%B8%E6%93%87%E7%9B%8A%E7%94%9F%E8%8F%8C%E7%94%A2%E5%93%81%E6%99%82%EF%BC%8C%E9%A6%96%E5%85%88%E8%A6%81%E6%B3%A8%E6%84%8F%E7%9A%84%E5%B0%B1%E6%98%AF%E5%85%B6%E6%B4%BB%E6%80%A7%E8%8F%8C%E7%9A%84%E6%95%B8%E9%87%8F%EF%BC%88Colony%20Forming%20Units%EF%BC%8C%E4%BB%A5CFU%E7%82%BA%E5%96%AE%E4%BD%8D%E8%A1%A8%E7%A4%BA)%E3%80%82%20%E9%80%99%E4%BA%9B%E5%B0%8F%E5%B0%8F%E7%9A%84%E7%9B%8A%E7%94%9F%E8%8F%8C%E5%B0%B1%E5%83%8F%E6%98%AF%E6%88%91%E5%80%91%E7%9A%84%E9%AB%94%E5%85%A7%E5%B0%8F%E8%BB%8D%E9%9A%8A%EF%BC%8C%E5%AE%88%E8%AD%B7%E6%88%91%E5%80%91%E7%9A%84%E5%81%A5%E5%BA%B7%EF%BC%8C%E4%B8%8D%E8%83%BD%E5%A4%AA%E5%A4%9A%E4%B9%9F%E4%B8%8D%E8%83%BD%E5%A4%AA%E5%B0%91%E3%80%82%20%E7%90%86%E6%83%B3%E7%9A%84%E7%9B%8A%E7%94%9F%E8%8F%8C%E7%94%A2%E5%93%81%E6%87%89%E8%A9%B2%E6%93%81%E6%9C%89%E6%95%B8%E5%8D%81%E5%84%84%E5%88%B0%E6%95%B8%E7%99%BE%E5%84%84%E7%9A%84%E6%B4%BB%E6%80%A7%E7%9B%8A%E7%94%9F%E8%8F%8C%EF%BC%8C%E6%AF%8F%E6%97%A5%E5%8A%91%E9%87%8F100%E5%84%84~200%E5%84%84%E6%98%AF%E6%9C%80%E7%AC%A6%E5%90%88%E4%BA%BA%E9%AB%94%E5%81%A5%E5%BA%B7%E8%88%87%E9%A3%9F%E7%94%A8%E5%90%B8%E6%94%B6%E6%95%88%E7%9B%8A%E6%9C%80%E5%A4%A7%E7%9A%84%E6%B4%BB%E6%80%A7%E8%8F%8C%E6%95%B8%E9%87%8F%EF%BC%8C%E9%80%99%E6%A8%A3%E6%89%8D%E8%83%BD%E7%A2%BA%E4%BF%9D%E6%9C%89%E6%95%88%E5%9C%B0%E7%99%BC%E6%8F%AE%E5%85%B6%E5%8A%9F%E6%95%88%E3%80%82%20%E5%B8%82%E5%94%AE%E6%9C%80%E5%B8%B8%E8%A6%8B%E4%B9%9F%E7%9A%84%E7%9B%8A%E7%94%9F%E8%8F%8C%E6%B4%BB%E6%80%A7%E8%8F%8C%E6%95%B8%E9%87%8F%E5%9C%A8100%E5%84%84~300%E5%84%84%E4%B9%8B%E9%96%93%E3%80%82
https://biomed.hk/%E6%AF%8F%E6%97%A5%E7%9B%8A%E7%94%9F%E8%8F%8C%E6%94%9D%E5%8F%96%E6%95%B8%E9%87%8F%E5%B9%BE%E5%A4%9A%E5%84%84%E6%89%8D%E8%B6%B3%E5%A4%A0/#:~:text=%E7%9B%8A%E7%94%9F%E8%8F%8C%E5%84%84%E5%84%84%E8%81%B2%EF%BC%9F%20%E7%94%A2%E5%93%81%E4%B8%AD%E7%9A%84%E7%9B%8A%E7%94%9F%E8%8F%8C%E5%B9%BE%E5%A4%9A%E5%84%84%E6%89%8D%E8%B6%B3%E5%A4%A0%EF%BC%9F%20%E8%A1%A1%E9%87%8F%E7%9B%8A%E7%94%9F%E8%8F%8C%E6%95%B8%E9%87%8F%E7%9A%84%E9%80%9A%E7%94%A8%E5%96%AE%E4%BD%8D%E7%82%BA%E3%80%8C%E8%8F%8C%E8%90%BD%E5%BD%A2%E6%88%90%E5%96%AE%E4%BD%8D%E3%80%8D%EF%BC%88CFU%EF%BC%8Ccolony%2Dforming%20unit%EF%BC%89%E3%80%82%20%E6%A0%B9%E6%93%9A%E6%B6%88%E5%A7%94%E6%9C%83%E3%80%8A%E4%BD%A0%E4%BB%8A%E6%97%A5%E9%A3%9F%E5%92%97%E6%9C%AA%EF%BC%9F%20%E4%B8%8D%E5%90%8C%E7%9B%8A%E7%94%9F%E8%8F%8C%E5%8A%9F%E6%95%88%E5%A4%A7%E4%B8%8D%E5%90%8C%EF%BC%81%E3%80%8B%20%E4%B8%AD%E7%9A%84%E5%BB%BA%E8%AD%B0%EF%BC%8C%E7%9B%8A%E7%94%9F%E8%8F%8C%E7%94%A2%E5%93%81%E7%9A%84%E6%AF%8F%E6%AC%A1%E6%9C%8D%E7%94%A8%E5%96%AE%E4%BD%8D%EF%BC%8F%E5%8A%91%E9%87%8F%EF%BC%8C%E6%87%89%E8%A9%B2%E5%8C%85%E5%90%AB%E6%9C%80%E5%B0%91100%20%E5%84%84CFU%20%E7%9A%84%E7%9B%8A%E7%94%9F%E8%8F%8C%E6%95%B8%E9%87%8F%E3%80%82%20%E8%83%8C%E5%BE%8C%E5%8E%9F%E5%9B%A0%E6%98%AF%E7%9B%8A%E7%94%9F%E8%8F%8C%E4%BD%9C%E7%82%BA%E5%BE%AE%E7%94%9F%E7%89%A9%EF%BC%8C%E5%9C%A8%E9%80%B2%E5%85%A5%E8%85%B8%E9%81%93%E4%B9%8B%E5%89%8D%E8%A6%81%E5%85%88%E9%80%9A%E9%81%8E%E8%83%83%E9%83%A8%EF%BC%8C%E8%80%8C%E5%9C%A8%E8%83%83%E5%85%A7%E7%9A%84%E5%BC%B7%E9%85%B8%E7%92%B0%E5%A2%83%E4%B9%8B%E4%B8%8B%EF%BC%8C%E4%B8%A6%E9%9D%9E%E5%85%A8%E9%83%A8%E7%9B%8A%E7%94%9F%E8%8F%8C%E9%83%BD%E5%8F%AF%E8%83%BD%E5%AD%98%E6%B4%BB%E4%B8%8B%E4%BE%86%EF%BC%8C%E5%9B%A0%E8%80%8C%E7%9B%8A%E7%94%9F%E8%8F%8C%E7%94%A2%E5%93%81%E7%9A%84%E6%AF%8F%E6%AC%A1%E6%9C%8D%E7%94%A8%E5%8A%91%E9%87%8F%EF%BC%8C%E6%9C%80%E5%B0%91%E9%81%94100%20%E5%84%84CFU%20%E6%96%B9%E5%8F%AF%E4%BB%A5%E7%A2%BA%E4%BF%9D%E6%95%88%E7%94%A8%E3%80%82
https://goodbody.news/article/is-a-higher-cfu-probiotics-count-better#:~:text=%E7%B8%BD%E7%B5%90%E4%BE%86%E8%AA%AA%EF%BC%8C%E8%8B%A5%E6%83%B3%E7%9F%A5%E9%81%93%E9%80%99%E5%80%8B%E8%8F%8C%E6%A0%AA%E8%A9%B2%E8%A3%9C%E5%85%85%E5%A4%9A%E5%B0%91%E6%95%B8%E9%87%8F%EF%BC%8C%E6%88%91%E5%80%91%E6%87%89%E5%8E%BB%E4%BA%86%E8%A7%A3%E5%AF%A6%E9%A9%97%E7%B5%90%E6%9E%9C%EF%BC%8C%E7%A2%BA%E5%AE%9A%E8%A9%B2%E8%8F%8C%E6%95%B8%E7%9A%84%E6%9C%89%E6%95%88%E6%95%B8%E9%87%8F%E7%82%BA%E4%BD%95%EF%BC%8C%E5%86%8D%E6%AA%A2%E8%A6%96%E7%9B%8A%E7%94%9F%E8%8F%8C%E7%94%A2%E5%93%81%E7%9A%84%E8%8F%8C%E6%A0%AA%E6%95%B8%E6%98%AF%E5%90%A6%E6%B7%BB%E5%8A%A0%E8%B6%B3%E9%87%8F%E3%80%82%20*CFU%EF%BC%88Colony%20Forming%20Units%EF%BC%8C%E8%8F%8C%E8%90%BD%E5%BD%A2%E6%88%90%E5%96%AE%E4%BD%8D%EF%BC%89%E6%98%AF%E7%94%A8%E4%BE%86%E8%A8%88%E7%AE%97%E6%B4%BB%E8%8F%8C%E6%95%B8%E9%87%8F%E7%9A%84%E5%96%AE%E4%BD%8D%E3%80%82
https://heho.com.tw/archives/328210#:~:text=%E7%9B%8A%E7%94%9F%E8%8F%8C%E6%8E%A8%E8%96%A6%E6%8C%91%E9%81%B8%E5%8E%9F%E5%89%87%20%E7%9B%8A%E7%94%9F%E8%8F%8C%E6%8E%A8%E8%96%A6%E5%8E%9F%E5%89%871%EF%BC%9A%E8%8F%8C%E6%95%B8%E5%A4%9A%E5%AF%A1%E7%9B%8A%E7%94%9F%E8%8F%8C%E7%9A%84%E8%8F%8C%E6%95%B8%E5%96%AE%E4%BD%8D%E7%82%BACFU%EF%BC%8C%E4%B8%80%E8%88%AC%E4%BE%86%E8%AA%AA%EF%BC%8C%E6%AF%8F%E6%97%A5%E6%94%9D%E5%8F%9610%20%E5%84%84%EF%BD%9E100%20%E5%84%84%E8%8F%8CCFU%20%E7%9A%84%E7%9B%8A%E7%94%9F%E8%8F%8C%E9%83%BD%E7%AE%97%E5%90%88%E7%90%86%E7%AF%84%E5%9C%8D%E3%80%82%20%E4%BD%86%E4%BE%9D%E5%80%8B%E4%BA%BA%E7%8B%80%E6%B3%81%EF%BC%8C%E5%A6%82%E6%9E%9C%E6%83%B3%E5%8A%A0%E5%BC%B7%E8%AA%BF%E7%90%86%EF%BC%8C%E5%BB%BA%E8%AD%B0%E5%B0%87%E6%94%9D%E5%8F%96%E9%87%8F%E5%A2%9E%E5%8A%A0%E8%87%B3300%20%E5%84%84%EF%BD%9E1000%20%E5%84%84CFU%EF%BC%8C%E8%BC%83%E6%9C%89%E6%A9%9F%E6%9C%83%E7%9C%8B%E5%88%B0%E9%A0%90%E6%9C%9F%E6%95%88%E6%9E%9C%E3%80%82%20%E4%BD%86%E4%BB%8D%E8%A6%81%E6%8F%90%E9%86%92%EF%BC%8C%E8%BA%AB%E9%AB%94%E5%B0%8D%E6%96%BC%E7%87%9F%E9%A4%8A%E7%B4%A0%E7%9A%84%E5%90%B8%E6%94%B6%E6%98%AF%E6%9C%89%E4%B8%8A%E9%99%90%E7%9A%84%EF%BC%8C%E5%A6%82%E6%9E%9C%E8%B6%85%E5%87%BA%E4%B8%8A%E9%99%90%EF%BC%8C%E4%B9%9F%E7%84%A1%E6%B3%95%E5%81%9C%E7%95%99%E5%9C%A8%E6%B6%88%E5%8C%96%E9%81%93%E4%B8%AD%EF%BC%8C%E5%8F%AA%E8%83%BD%E6%8E%92%E5%87%BA%E9%AB%94%E5%A4%96%E5%BD%A2%E6%88%90%E6%B5%AA%E8%B2%BB%EF%BC%8C%E5%9B%A0%E6%AD%A4%E7%9B%8A%E7%94%9F%E8%8F%8C%E4%B9%9F%E4%B8%8D%E6%98%AF%E6%BF%83%E5%BA%A6%E8%B6%8A%E9%AB%98%E6%95%88%E6%9E%9C%E5%B0%B1%E4%B8%80%E5%AE%9A%E8%B6%8A%E5%A5%BD%EF%BC%8C%E9%82%84%E6%98%AF%E6%87%89%E6%8A%8A%E6%8F%A1%E8%B6%B3%E9%87%8F%E3%80%81%E5%AE%9A%E6%9C%9F%E8%A3%9C%E5%85%85%EF%BC%8C%E7%A2%BA%E4%BF%9D%E8%83%BD%E5%90%B8%E6%94%B6%E5%88%A9%E7%94%A8%E6%AF%94%E8%BC%83%E9%87%8D%E8%A6%81%E3%80%82%20%E7%9B%8A%E7%94%9F%E8%8F%8C%E6%8E%A8%E8%96%A6%E5%8E%9F%E5%89%872%20%EF%BC%9A%E3%80%8C%E5%85%A8%E4%BA%BA%E9%AB%94%E4%BE%86%E6%BA%90%E3%80%8D%E7%9B%8A%E7%94%9F%E8%8F%8C%E4%BE%86%E6%BA%90%E4%BA%BA%E5%90%83%E7%9A%84%E7%9B%8A%E7%94%9F%E8%8F%8C%E5%B0%B1%E8%A9%B2%E4%BE%86%E8%87%AA%E3%80%8C%E5%85%A8%E4%BA%BA%E9%AB%94%E4%BE%86%E6%BA%90%E3%80%8D%EF%BC%81%20%E9%9D%9E%E4%BA%BA%E9%AB%94%E4%BE%86%E6%BA%90%E7%9A%84%E7%9B%8A%E7%94%9F%E8%8F%8C%EF%BC%8C%E5%9C%A8%E5%8B%95%E7%89%A9%E5%AF%A6%E9%A9%97%E5%A0%B1%E5%91%8A%E4%B8%8A%E5%8F%AF%E8%83%BD%E5%91%88%E7%8F%BE%E5%A5%BD%E7%9A%84%E7%B5%90%E6%9E%9C%EF%BC%8C%E4%BD%86%E9%80%B2%E5%85%A5%E4%BA%BA%E9%AB%94%E5%BE%8C%E5%8D%BB%E4%B8%8D%E4%B8%80%E5%AE%9A%E6%9C%89%E7%9B%B8%E5%90%8C%E6%95%88%E6%9E%9C%E3%80%82%20%E5%BB%BA%E8%AD%B0%E6%8C%91%E9%81%B8100%25%20%E4%BA%BA%E9%AB%94%E5%8E%9F%E7%94%9F%E4%BE%86%E6%BA%90%E7%9A%84%E7%9B%8A%E7%94%9F%E8%8F%8C%EF%BC%8C%E5%83%8F%E6%98%AF%E5%8F%AA%E5%AD%98%E5%9C%A8%E6%AF%8D%E4%B9%B3%E3%80%81%E5%AC%B0%E5%85%92%E6%9C%9F%E7%9A%84%E4%BA%BA%E9%AB%94%E4%BE%86%E6%BA%90%E5%B8%B8%E6%85%8B%E8%8F%8C%E7%BE%A4%EF%BC%8C%E5%AE%9A%E6%A4%8D%E5%8A%9B%E7%9B%B8%E5%B0%8D%E4%BE%86%E8%AA%AA%E6%9C%83%E6%9B%B4%E5%A5%BD%E3%80%82&text=%E7%82%BA%E4%BA%86%E8%AE%93%E7%9B%8A%E7%94%9F%E8%8F%8C%E9%A0%86%E5%88%A9%E9%80%9A%E9%81%8E%E5%9A%B4%E5%B3%BB%E7%9A%84%E9%AB%98%E6%BA%AB%E3%80%81%E8%83%83%E9%85%B8%E3%80%81%E8%86%BD%E9%B9%BD%E8%80%83%E9%A9%97%EF%BC%8C%E5%AE%89%E5%85%A8%E9%80%81%E6%8A%B5%E7%9B%AE%E7%9A%84%E5%9C%B0%E6%B6%88%E5%8C%96%E9%81%93%E3%80%81%E8%90%BD%E5%9C%B0%E6%89%8E%E6%A0%B9%EF%BC%8C%E5%AE%8C%E6%88%90%E7%B6%AD%E6%8C%81%E8%8F%8C%E7%9B%B8%E5%B9%B3%E8%A1%A1%E4%BB%BB%E5%8B%99%EF%BC%8C%E5%B0%B1%E9%9C%80%E8%A6%81%E5%84%AA%E7%95%B0%E7%9A%84%E3%80%8C%E5%8C%85%E5%9F%8B%E6%8A%80%E8%A1%93%E3%80%8D%E5%B9%AB%E5%BF%99%E3%80%82%20%E5%8C%85%E5%9F%8B%E6%8A%80%E8%A1%93%E5%A6%82%E5%90%8C%E5%BE%AE%E8%86%A0%E5%9B%8A%E5%8C%85%E8%A6%86%E6%A6%82%E5%BF%B5%EF%BC%8C%E5%B0%87%E8%8F%8C%E9%AB%94%E4%BF%9D%E8%AD%B7%E5%9C%A8%E7%89%B9%E6%AE%8A%E6%9D%90%E8%B3%AA%E4%B8%AD%E4%BB%A5%E4%BF%9D%E8%AD%B7%E7%9B%8A%E7%94%9F%E8%8F%8C%E6%B4%BB%E6%80%A7%E3%80%82%20%E7%9B%8A%E7%94%9F%E8%8F%8C%E6%8E%A8%E8%96%A6%E5%8E%9F%E5%89%874%EF%BC%9A%20%E7%B6%93%E9%81%8E%E4%BA%BA%E9%AB%94%E5%B0%88%E7%A7%91%E5%AF%A6%E8%AD%89%EF%BC%8C%E7%A2%BA%E5%AE%9A%E7%9B%8A%E7%94%9F%E8%8F%8C%E6%9C%89%E6%84%9F%E7%9B%8A%E7%94%9F%E8%8F%8C%E7%9A%84%E5%8A%9F%E6%95%88%E6%98%AF%E5%90%A6%E6%9C%89%E6%84%9F%EF%BC%8C%E4%B8%80%E7%9B%B4%E5%AD%98%E5%9C%A8%E8%91%97%E5%AE%BF%E4%B8%BB%E7%89%B9%E7%95%B0%E6%80%A7%E3%80%82%20%E9%9B%96%E7%84%B6%E5%8B%95%E7%89%A9%E5%AF%A6%E9%A9%97%E8%83%BD%E5%B9%AB%E5%BF%99%E6%89%BE%E5%87%BA%E5%8F%AF%E8%83%BD%E7%9A%84%E6%9C%89%E7%9B%8A%E8%8F%8C%EF%BC%8C%E4%BD%86%E5%8D%BB%E4%B8%8D%E8%A1%A8%E7%A4%BA%E5%90%8C%E6%A8%A3%E7%9A%84%E6%95%88%E6%9E%9C%E8%83%BD%E5%9C%A8%E4%BA%BA%E9%AB%94%E4%B8%8A%E9%87%8D%E7%8F%BE%EF%BC%8C%E5%9B%A0%E6%AD%A4%EF%BC%8C%E7%9B%8A%E7%94%9F%E8%8F%8C%E6%98%AF%E5%90%A6%E9%80%9A%E9%81%8E%E4%BA%BA%E9%AB%94%E5%B0%88%E7%A7%91%E8%A9%A6%E9%A9%97%E5%B0%B1%E9%A1%AF%E5%BE%97%E7%9B%B8%E7%95%B6%E9%87%8D%E8%A6%81%E3%80%82
https://elohas.org/high-cfu-probiotics-comparison#:~:text=%E9%AB%98%E8%8F%8C%E6%95%B8%E7%9B%8A%E7%94%9F%E8%8F%8C%E6%8E%A8%E8%96%A6%E6%8C%91%E9%81%B8%E5%8E%9F%E5%89%87%E4%B8%80%E3%80%81%E8%8F%8C%E6%95%B8%E7%9A%84%E9%87%8D%E8%A6%81%E6%80%A7%20%E9%80%9A%E5%B8%B8%E6%AF%8F%E6%AC%A1%E9%A3%9F%E7%94%A8%E6%87%89%E8%87%B3%E5%B0%91%E4%B8%80%E5%84%84%E8%87%B3%E7%99%BE%E5%84%84%E8%8F%8C%E8%90%BD%E5%BD%A2%E6%88%90%E5%96%AE%E4%BD%8D%EF%BC%8C%E4%B9%9F%E5%B0%B1%E6%98%AFcolony%2Dforming%20unit(CFU)%EF%BC%8C%E4%B8%80%E7%A8%AE%E8%A8%88%E7%AE%97%E6%B4%BB%E7%9A%84%E7%B4%B0%E8%8F%8C%E6%95%B8%E9%87%8F%E7%9A%84%E6%96%B9%E5%BC%8F%EF%BC%8C%E9%99%A4%E4%BA%86%E7%94%A2%E5%93%81%E6%87%89%E6%A8%99%E7%A4%BA%E6%B8%85%E6%A5%9A%EF%BC%8C%E4%B9%9F%E6%87%89%E5%9C%A8%E4%BF%9D%E5%AD%98%E6%97%A5%E6%9C%9F%E4%B9%8B%E5%85%A7%E6%9C%8D%E7%94%A8%E5%AE%8C%E7%95%A2%EF%BC%8C%E6%89%8D%E8%83%BD%E7%A2%BA%E4%BF%9D%E7%99%BC%E6%8F%AE%E5%8A%9F%E6%95%88%E3%80%82%20%E8%A8%B1%E5%A4%9A%E7%9B%8A%E7%94%9F%E8%8F%8C%E9%83%BD%E6%A8%99%E6%A6%9C%E6%9C%89300%E5%84%84%E3%80%81500%E5%84%84%E3%80%811000%E5%84%84%E7%AD%89%E9%AB%98%E8%8F%8C%E6%95%B8%EF%BC%8C%E4%BA%8B%E5%AF%A6%E4%B8%8A%EF%BC%8C%E9%80%99%E4%B8%A6%E9%9D%9E%E6%B2%92%E6%9C%89%E5%8E%9F%E5%9B%A0%EF%BC%8C%E4%B8%BB%E8%A6%81%E6%98%AF%E8%8F%8C%E6%95%B8%E5%BE%9E%E5%8C%85%E8%A3%9D%E5%88%B0%E4%BF%9D%E5%AD%98%E3%80%81%E7%89%A9%E6%B5%81%E9%85%8D%E9%80%81%E5%88%B0%E6%B6%88%E8%B2%BB%E8%80%85%E6%89%8B%E4%B8%8A%EF%BC%8C%E6%B4%BB%E8%8F%8C%E6%95%B8%E4%B9%9F%E6%9C%83%E9%9A%A8%E8%91%97%E6%99%82%E9%96%93%E6%B8%9B%E5%B0%91%EF%BC%8C%E4%B9%9F%E5%9B%A0%E6%AD%A4%E5%84%98%E7%AE%A1%E8%8F%8C%E6%95%B8%E4%B8%A6%E9%9D%9E%E6%8C%91%E9%81%B8%E7%9B%8A%E7%94%9F%E8%8F%8C%E7%9A%84%E9%97%9C%E9%8D%B5%EF%BC%8C%E4%BD%86%E6%8C%91%E9%81%B8%E7%9B%B8%E9%97%9C%E7%94%A2%E5%93%81%E6%99%82%E9%82%84%E6%98%AF%E5%BE%97%E5%8F%83%E8%80%83%E6%98%AF%E5%90%A6%E6%9C%89%E3%80%8C%E4%BF%9D%E8%AD%89%E8%8F%8C%E6%95%B8%E3%80%8D%EF%BC%8C%E5%BB%BA%E8%AD%B0%E8%87%B3%E5%B0%91%E6%98%AF300%E5%84%84%E8%8F%8C%E6%95%B8%E4%BB%A5%E4%B8%8A%EF%BC%8C%E4%B8%94%E5%BF%85%E9%A0%88%E6%98%AF%E6%9C%89%E7%B6%93%E5%8C%85%E6%8B%AC%E5%8B%95%E7%89%A9%E5%AF%A6%E9%A9%97%E4%BB%A5%E5%8F%8A%E4%BA%BA%E9%AB%94%E8%A9%A6%E9%A9%97%E7%AD%89%E5%8A%9F%E6%95%88%E9%A9%97%E8%AD%89%EF%BC%8C%E6%89%8D%E8%83%BD%E7%9C%9F%E6%AD%A3%E7%99%BC%E6%8F%AE%E4%BF%9D%E5%81%A5%E7%9B%AE%E7%9A%84%E3%80%82
https://www.superlab.com.tw/cfu-mpn/#:~:text=CFU%20%E6%98%AF%E8%8F%8C%E8%90%BD%E5%BD%A2%E6%88%90%E5%96%AE%E4%BD%8D(Colony%2Dforming%20unit)%20%E7%9A%84,%E5%90%AB%E6%9C%89%E7%9A%84%E7%B4%B0%E8%8F%8C%E8%8F%8C%E8%90%BD%E7%B8%BD%E6%95%B8%E3%80%82
https://blog.fjb100.com/article/what-to-look-for-in-probiotics#:~:text=CFU%20%E6%98%AFcolony%20forming%20units%20%E7%9A%84%E7%B8%AE%E5%AF%AB%EF%BC%8C%E4%B8%AD%E6%96%87%E6%84%8F%E6%80%9D%E6%98%AF%E3%80%8C%E8%8F%8C%E8%90%BD%E5%BD%A2%E6%88%90%E5%96%AE%E4%BD%8D%E3%80%8D%EF%BC%8C%E6%98%AF%E8%A8%88%E7%AE%97%E7%B4%B0%E8%8F%8C%E6%95%B8%E9%87%8F%E7%9A%84%E4%B8%80%E7%A8%AE%E6%96%B9%E6%B3%95%EF%BC%8C%E8%A1%A8%E7%A4%BA%E8%83%BD%E5%A4%A0%E7%8D%A8%E7%AB%8B%E5%BD%A2%E6%88%90%E8%8F%8C%E8%90%BD%E7%9A%84%E6%B4%BB%E8%8F%8C%E6%95%B8%E9%87%8F%EF%BC%8C%E4%BE%8B%E5%A6%82%EF%BC%9A%20*%20CFU/g%20%EF%BC%9A%E4%BB%A3%E8%A1%A8%E6%AF%8F%E5%85%AC%E5%85%8B%E4%B8%AD%E5%90%AB%E6%9C%89%E7%9A%84%E7%B4%B0%E8%8F%8C%E8%8F%8C%E8%90%BD%E7%B8%BD%E6%95%B8%20*%20CFU/mL%EF%BC%9A%E4%BB%A3%E8%A1%A8%E6%AF%8F%E6%AF%AB%E5%8D%87%E4%B8%AD%E5%90%AB%E6%9C%89%E7%9A%84%E7%B4%B0%E8%8F%8C%E8%8F%8C%E8%90%BD%E7%B8%BD%E6%95%B8%20*%20CFU/cm2%EF%BC%9A%E4%BB%A3%E8%A1%A8%E6%AF%8F%E5%B9%B3%E6%96%B9%E5%85%AC%E5%88%86%E4%B8%AD%E5%90%AB%E6%9C%89%E7%9A%84%E7%B4%B0%E8%8F%8C%E8%8F%8C%E8%90%BD%E7%B8%BD%E6%95%B8
https://blog.unikcare.co/zh/is-a-higher-probiotic-colony-count-better/#:~:text=FAQ%20%E5%B8%B8%E8%A6%8B%E5%95%8F%E9%A1%8C%20*%20CFU%20%E6%98%AF%E4%BB%80%E9%BA%BC%EF%BC%9F%20%E8%8F%8C%E8%90%BD%E5%BD%A2%E6%88%90%E5%96%AE%E4%BD%8D%EF%BC%88CFU%EF%BC%89%E6%98%AF%E7%9B%8A%E7%94%9F%E8%8F%8C%E8%A3%9C%E5%85%85%E5%8A%91%E4%B8%AD%E7%94%A8%E4%BE%86%E8%A1%A1%E9%87%8F%E8%8F%8C%E6%95%B8%E7%9A%84%E6%A8%99%E6%BA%96%EF%BC%8C%E8%88%89%E4%BE%8B%E4%BE%86%E8%AA%AA%EF%BC%8C1%20x,*%20%E4%B8%80%E5%A4%A9%E8%A6%81%E5%90%83%E5%A4%9A%E5%B0%91%E7%9B%8A%E7%94%9F%E8%8F%8C%EF%BC%9F%20%E6%A0%B9%E6%93%9A%E5%9C%8B%E9%9A%9B%E7%9B%8A%E7%94%9F%E8%8F%8C%E5%8D%94%E6%9C%83%EF%BC%88International%20Probiotics%20Association%EF%BC%89%E6%8C%87%E5%87%BA%EF%BC%8C%E7%9B%8A%E7%94%9F%E8%8F%8C%E7%9A%84%E6%95%88%E6%9E%9C%E6%9C%83%E5%9B%A0%E7%82%BA%E8%8F%8C%E6%A0%AA%E7%9A%84%E4%B8%8D%E5%90%8C%E8%80%8C%E6%9C%89%E6%89%80%E5%B7%AE%E7%95%B0%EF%BC%8C%E6%89%80%E4%BB%A5%E9%81%B8%E6%93%87%E5%90%88%E9%81%A9%E7%9A%84%E7%9B%8A%E7%94%9F%E8%8F%8C%E9%9C%80%E8%A6%81%E6%A0%B9%E6%93%9A%E4%BD%A0%E6%9C%8D%E7%94%A8%E5%AE%83%E7%9A%84%E5%85%B7%E9%AB%94%E7%9B%AE%E7%9A%84%E3%80%82%20%E5%9B%A0%E7%82%BA%E6%AF%8F%E5%80%8B%E4%BA%BA%E7%9A%84%E5%81%A5%E5%BA%B7%E7%8B%80%E6%B3%81%E9%83%BD%E4%B8%8D%E4%B8%80%E6%A8%A3%EF%BC%8C%E6%89%80%E4%BB%A5%E6%B2%92%E6%9C%89%E4%B8%80%E5%80%8B%E5%9B%BA%E5%AE%9A%E7%9A%84%E7%9B%8A%E7%94%9F%E8%8F%8C%E6%94%9D%E5%8F%96%E5%BB%BA%E8%AD%B0%E9%81%A9%E5%90%88%E6%89%80%E6%9C%89%E4%BA%BA%E3%80%82%20%E4%BD%86%E6%98%AF%EF%BC%8C%E7%A0%94%E7%A9%B6%E9%A1%AF%E7%A4%BA%EF%BC%8C%E5%9C%A8%E6%9F%90%E4%BA%9B%E5%81%A5%E5%BA%B7%E7%8B%80%E6%B3%81%E4%B8%8B%EF%BC%8C%E4%BE%8B%E5%A6%82%E6%8A%97%E7%94%9F%E7%B4%A0%E7%9B%B8%E9%97%9C%E6%80%A7%E8%85%B9%E7%80%89%EF%BC%88AAD%EF%BC%89%E5%92%8C%E9%AB%98%E8%A1%80%E5%A3%93%EF%BC%8C%E9%AB%98%E5%8A%91%E9%87%8F%E7%9A%84%E7%9B%8A%E7%94%9F%E8%8F%8C%E7%A2%BA%E5%AF%A6%E8%83%BD%E5%B8%B6%E4%BE%86%E6%9B%B4%E5%A4%9A%E7%9B%8A%E8%99%95%E3%80%82
https://shop.realpromise.com/blog/posts/probiotics-cfu#:~:text=%E9%80%99%E5%80%8B%E5%95%8F%E9%A1%8C%E7%9A%84%E7%AD%94%E6%A1%88%E5%85%B6%E5%AF%A6%E5%8F%96%E6%B1%BA%E6%96%BC%E5%80%8B%E4%BA%BA%E9%A3%9F%E7%9B%8A%E7%94%9F%E8%8F%8C%E7%9A%84%E7%9B%AE%E7%9A%84%E3%80%82%20%E4%BB%80%E9%BA%BC%E6%98%AFCFU%EF%BC%9F%E7%82%BA%E4%BB%80%E9%BA%BC%E8%8F%8C%E6%95%B8%E9%80%99%E9%BA%BC%E9%87%8D%E8%A6%81%EF%BC%9F%20%E8%8F%8C%E8%90%BD%E5%BD%A2%E6%88%90%E5%96%AE%E4%BD%8DCFU%20(Colony%20Forming%20Units)%20%E6%98%AF%E6%8C%87%E5%8F%AF%E5%BD%A2%E6%88%90%E8%8F%8C%E8%90%BD%E7%9A%84%E6%B4%BB%E8%8F%8C%E6%95%B8%EF%BC%8C%E6%98%AF%E8%A9%95%E4%BC%B0%E7%9B%8A%E7%94%9F%E8%8F%8C%E7%94%A2%E5%93%81%E6%B4%BB%E6%80%A7%E8%88%87%E6%95%88%E5%8A%9B%E7%9A%84%E6%A8%99%E6%BA%96%E6%8C%87%E6%A8%99%E4%B9%8B%E4%B8%80%E3%80%82%E6%A0%B9%E6%93%9A%E7%BE%8E%E5%9C%8B%E5%9C%8B%E5%AE%B6%E8%A3%9C%E5%85%85%E8%88%87%E6%95%B4%E5%90%88%E5%81%A5%E5%BA%B7%E4%B8%AD%E5%BF%83(National%20Center%20for%20Complementary%20and%20Integrative%20Health;
https://greenbox.tw/Blog/BlogPostNew/7913/#:~:text=%E6%95%B4%E7%90%86%E4%B8%80%E2%9F%AB%E7%9B%8A%E7%94%9F%E8%8F%8C%E8%8F%8C%E6%95%B8%E4%B8%8D%E6%98%AF%E9%87%8D%E9%BB%9E%EF%BC%8C%E9%87%8D%E8%A6%81%E6%98%AF%E3%80%8C%E5%8A%91%E9%87%8F%E3%80%8D%20%E7%9B%8A%E7%94%9F%E8%8F%8C%E7%9A%84%E5%8A%91%E9%87%8F%E9%80%9A%E5%B8%B8%E4%BB%A5CFU%EF%BC%88%E8%8F%8C%E8%90%BD%E5%BD%A2%E6%88%90%E5%96%AE%E4%BD%8D%EF%BC%8CColony%20Forming%20Units%EF%BC%89%E4%BE%86%E8%A1%A8%E7%A4%BA%EF%BC%8CCFU%E6%98%AF%E4%B8%80%E5%80%8B%E5%BE%AE%E7%94%9F%E7%89%A9%E5%AD%B8%E5%96%AE%E4%BD%8D%EF%BC%8C%E8%A1%A8%E7%A4%BA%E5%9C%A8%E6%AF%8F%E6%AF%AB%E5%8D%87%E8%8F%8C%E6%B6%B2%E8%83%BD%E5%BD%A2%E6%88%90%E7%9A%84%E6%B4%BB%E8%8F%8C%E8%90%BD%E6%95%B8%E3%80%82%20%E5%9C%A8%E5%8C%85%E8%A3%9D%E4%B8%8A%E6%A8%99%E8%A8%BB%E7%9A%84CFU%E6%95%B8%E9%87%8F%E5%B0%B1%E6%98%AF%E6%8C%87%E4%BB%A3%E8%A1%A8%E8%91%97%E6%B4%BB%E8%8F%8C%E7%9A%84%E8%A8%88%E6%95%B8%EF%BC%8C%E9%80%99%E4%BA%9B%E5%BE%AE%E7%94%9F%E7%89%A9%E5%BF%85%E9%A0%88%E9%80%9A%E9%81%8E%E5%9A%B4%E9%85%B7%E7%9A%84%E8%83%83%E9%85%B8%E7%92%B0%E5%A2%83%EF%BC%8C%E4%B8%A6%E5%9C%A8%E8%85%B8%E9%81%93%E4%B8%AD%E7%B9%81%E6%AE%96%EF%BC%8C%E6%89%8D%E8%83%BD%E7%99%BC%E6%8F%AE%E5%85%B6%E4%BF%83%E9%80%B2%E5%81%A5%E5%BA%B7%E7%9A%84%E4%BD%9C%E7%94%A8%E3%80%82%20%E4%BD%86%E5%8A%91%E9%87%8F%E7%B6%93%E5%B8%B8%E8%A2%AB%E8%8F%8C%E6%95%B8%E5%8F%96%E4%BB%A3%EF%BC%8C%E4%BD%86%E5%85%B6%E5%AF%A6%E8%8F%8C%E6%95%B8%E7%9A%84%E7%AF%84%E7%96%87%E8%BC%83%E5%BB%A3%E6%B3%9B%EF%BC%8C%E5%B8%82%E5%94%AE%E7%9B%8A%E7%94%9F%E8%8F%8C%E7%94%A2%E5%93%81%E6%A8%99%E7%A4%BA%E4%B8%8A%EF%BC%8C%E5%A4%A7%E5%A4%9A%E6%98%AF%E6%A8%99%E7%A4%BA%E5%A4%9A%E7%A8%AE%E8%8F%8C%E6%A0%AA%E7%9A%84%E7%B8%BD%E8%8F%8C%E6%95%B8%EF%BC%8C%E8%8F%8C%E6%95%B8%E7%9C%8B%E8%B5%B7%E4%BE%86%E9%83%BD%E5%BE%88%E9%AB%98%EF%BC%8C%E4%BD%86%E8%87%B3%E6%96%BC%E9%97%9C%E9%8D%B5%E6%88%90%E4%BB%BD%E6%98%AF%E5%90%A6%E6%9C%89%E5%8A%A0%E5%88%B0%E8%B6%B3%E5%A4%A0%E5%8A%91%E9%87%8F%EF%BC%8C%E8%83%BD%E7%99%BC%E6%8F%AE%E8%AA%BF%E6%95%B4%E9%AB%94%E8%B3%AA%E7%9A%84%E5%8A%9F%E6%95%88%EF%BC%8C%E4%BB%8D%E8%A6%81%E4%BB%94%E7%B4%B0%E5%AF%9F%E7%9C%8B%E9%97%9C%E9%8D%B5%E6%88%90%E4%BB%BD%E7%9A%84%E5%8A%91%E9%87%8F%EF%BC%8C%E5%A6%82%EF%BC%9A%E8%97%A5%E7%94%A8%E7%B4%9A%E7%9A%84%E7%9B%8A%E7%94%9F%E8%8F%8C%2D%E5%A6%99%E5%88%A9%E6%95%A3%EF%BC%8C%E4%B9%9F%E6%98%AF%E6%B8%85%E6%A5%9A%E6%A8%99%E7%A4%BA%E9%97%9C%E9%8D%B5%E8%8F%8C%E6%A0%AA%E7%9A%84%E5%8A%91%E9%87%8F%EF%BC%8C%E8%80%8C%E9%9D%9E%E7%B8%BD%E8%8F%8C%E6%95%B8%EF%BC%8C%E5%9B%A0%E6%AD%A4%E7%88%B8%E5%AA%BD%E5%80%91%E5%9C%A8%E9%81%B8%E8%B3%BC%E5%89%8D%E5%BB%BA%E8%AD%B0%E4%BB%94%E7%B4%B0%E9%96%B1%E8%AE%80%E6%88%90%E4%BB%BD%E8%A1%A8%E3%80%82
https://www.commonhealth.com.tw/article/89925#:~:text=%E7%9B%8A%E7%94%9F%E8%8F%8C%E6%95%B8%E9%87%8F%E8%B6%8A%E5%A4%9A%E8%B6%8A%E5%A5%BD%E5%97%8E%EF%BC%9F%20%E5%90%83%E5%A4%9A%E5%B0%91%E6%89%8D%E6%9C%89%E6%95%88%EF%BC%9F%20%E7%9B%8A%E7%94%9F%E8%8F%8C%E7%9A%84%E6%BF%83%E5%BA%A6%E9%80%9A%E5%B8%B8%E4%BB%A5CFU%EF%BC%88Colony%20Forming%20Units%EF%BC%89%E7%82%BA%E5%96%AE%E4%BD%8D%EF%BC%8C%E4%BB%A3%E8%A1%A8%E8%91%97%E3%80%8C%E6%B4%BB%E8%8F%8C%E7%9A%84%E6%95%B8%E9%87%8F%E3%80%8D%EF%BC%8C%E4%BD%86%E5%9B%A0%E6%AF%8F%E5%80%8B%E4%BA%BA%E7%9A%84%E9%A3%B2%E9%A3%9F%E3%80%81%E6%B6%88%E5%8C%96%E9%81%93%E5%8E%9F%E6%9C%AC%E5%81%A5%E5%BA%B7%E7%8B%80%E6%B3%81%E4%B8%8D%E5%90%8C%EF%BC%8C%E9%80%9A%E9%81%8E%E8%83%83%E9%85%B8%E6%B6%88%E8%80%97%E3%80%81%E4%BB%A5%E5%8F%8A%E7%9B%8A%E7%94%9F%E8%8F%8C%E6%9C%AC%E8%BA%AB%E5%AE%9A%E6%AE%96%E5%8A%9B%E7%9A%84%E5%B7%AE%E7%95%B0%EF%BC%8C%E4%B9%9F%E9%83%BD%E6%9C%83%E5%BD%B1%E9%9F%BF%E6%9C%80%E7%B5%82%E5%AD%98%E6%B4%BB%E5%9C%A8%E8%85%B8%E9%81%93%E5%85%A7%E7%9A%84%E8%8F%8C%E6%95%B8%E5%A4%9A%E5%AF%A1%EF%BC%8C%E5%9B%A0%E6%AD%A4%E9%99%A4%E4%BA%86%E5%AF%A6%E8%AD%89%E9%86%AB%E5%AD%B8%E4%B8%8A%E7%9A%84%E5%9F%BA%E6%9C%AC%E6%9C%89%E6%95%88%E8%8F%8C%E6%95%B8%EF%BC%8C%E8%8F%8C%E6%95%B8%E8%B5%B7%E7%A2%BC%E8%A6%81%E8%83%BD%E9%81%94%E5%88%B0300%E5%84%84%EF%BC%8C%E7%9B%8A%E7%94%9F%E8%8F%8C%E7%9A%84%E5%8A%9F%E6%95%88%E6%89%8D%E8%83%BD%E6%9B%B4%E6%9C%89%E7%99%BC%E6%8F%AE%E3%80%82
https://www.superlab.com.tw/cfu-mpn/#:~:text=CFU%20%E6%98%AF%E8%8F%8C%E8%90%BD%E5%BD%A2%E6%88%90%E5%96%AE%E4%BD%8D(Colony%2Dforming%20unit)%20%E7%9A%84,%E5%90%AB%E6%9C%89%E7%9A%84%E7%B4%B0%E8%8F%8C%E8%8F%8C%E8%90%BD%E7%B8%BD%E6%95%B8%E3%80%82
https://blog.fjb100.com/article/what-to-look-for-in-probiotics#:~:text=CFU%20%E6%98%AFcolony%20forming%20units%20%E7%9A%84%E7%B8%AE%E5%AF%AB%EF%BC%8C%E4%B8%AD%E6%96%87%E6%84%8F%E6%80%9D%E6%98%AF%E3%80%8C%E8%8F%8C%E8%90%BD%E5%BD%A2%E6%88%90%E5%96%AE%E4%BD%8D%E3%80%8D%EF%BC%8C%E6%98%AF%E8%A8%88%E7%AE%97%E7%B4%B0%E8%8F%8C%E6%95%B8%E9%87%8F%E7%9A%84%E4%B8%80%E7%A8%AE%E6%96%B9%E6%B3%95%EF%BC%8C%E8%A1%A8%E7%A4%BA%E8%83%BD%E5%A4%A0%E7%8D%A8%E7%AB%8B%E5%BD%A2%E6%88%90%E8%8F%8C%E8%90%BD%E7%9A%84%E6%B4%BB%E8%8F%8C%E6%95%B8%E9%87%8F%EF%BC%8C%E4%BE%8B%E5%A6%82%EF%BC%9A%20*%20CFU/g%20%EF%BC%9A%E4%BB%A3%E8%A1%A8%E6%AF%8F%E5%85%AC%E5%85%8B%E4%B8%AD%E5%90%AB%E6%9C%89%E7%9A%84%E7%B4%B0%E8%8F%8C%E8%8F%8C%E8%90%BD%E7%B8%BD%E6%95%B8%20*%20CFU/mL%EF%BC%9A%E4%BB%A3%E8%A1%A8%E6%AF%8F%E6%AF%AB%E5%8D%87%E4%B8%AD%E5%90%AB%E6%9C%89%E7%9A%84%E7%B4%B0%E8%8F%8C%E8%8F%8C%E8%90%BD%E7%B8%BD%E6%95%B8%20*%20CFU/cm2%EF%BC%9A%E4%BB%A3%E8%A1%A8%E6%AF%8F%E5%B9%B3%E6%96%B9%E5%85%AC%E5%88%86%E4%B8%AD%E5%90%AB%E6%9C%89%E7%9A%84%E7%B4%B0%E8%8F%8C%E8%8F%8C%E8%90%BD%E7%B8%BD%E6%95%B8
https://blog.unikcare.co/zh/is-a-higher-probiotic-colony-count-better/#:~:text=FAQ%20%E5%B8%B8%E8%A6%8B%E5%95%8F%E9%A1%8C%20*%20CFU%20%E6%98%AF%E4%BB%80%E9%BA%BC%EF%BC%9F%20%E8%8F%8C%E8%90%BD%E5%BD%A2%E6%88%90%E5%96%AE%E4%BD%8D%EF%BC%88CFU%EF%BC%89%E6%98%AF%E7%9B%8A%E7%94%9F%E8%8F%8C%E8%A3%9C%E5%85%85%E5%8A%91%E4%B8%AD%E7%94%A8%E4%BE%86%E8%A1%A1%E9%87%8F%E8%8F%8C%E6%95%B8%E7%9A%84%E6%A8%99%E6%BA%96%EF%BC%8C%E8%88%89%E4%BE%8B%E4%BE%86%E8%AA%AA%EF%BC%8C1%20x,*%20%E4%B8%80%E5%A4%A9%E8%A6%81%E5%90%83%E5%A4%9A%E5%B0%91%E7%9B%8A%E7%94%9F%E8%8F%8C%EF%BC%9F%20%E6%A0%B9%E6%93%9A%E5%9C%8B%E9%9A%9B%E7%9B%8A%E7%94%9F%E8%8F%8C%E5%8D%94%E6%9C%83%EF%BC%88International%20Probiotics%20Association%EF%BC%89%E6%8C%87%E5%87%BA%EF%BC%8C%E7%9B%8A%E7%94%9F%E8%8F%8C%E7%9A%84%E6%95%88%E6%9E%9C%E6%9C%83%E5%9B%A0%E7%82%BA%E8%8F%8C%E6%A0%AA%E7%9A%84%E4%B8%8D%E5%90%8C%E8%80%8C%E6%9C%89%E6%89%80%E5%B7%AE%E7%95%B0%EF%BC%8C%E6%89%80%E4%BB%A5%E9%81%B8%E6%93%87%E5%90%88%E9%81%A9%E7%9A%84%E7%9B%8A%E7%94%9F%E8%8F%8C%E9%9C%80%E8%A6%81%E6%A0%B9%E6%93%9A%E4%BD%A0%E6%9C%8D%E7%94%A8%E5%AE%83%E7%9A%84%E5%85%B7%E9%AB%94%E7%9B%AE%E7%9A%84%E3%80%82%20%E5%9B%A0%E7%82%BA%E6%AF%8F%E5%80%8B%E4%BA%BA%E7%9A%84%E5%81%A5%E5%BA%B7%E7%8B%80%E6%B3%81%E9%83%BD%E4%B8%8D%E4%B8%80%E6%A8%A3%EF%BC%8C%E6%89%80%E4%BB%A5%E6%B2%92%E6%9C%89%E4%B8%80%E5%80%8B%E5%9B%BA%E5%AE%9A%E7%9A%84%E7%9B%8A%E7%94%9F%E8%8F%8C%E6%94%9D%E5%8F%96%E5%BB%BA%E8%AD%B0%E9%81%A9%E5%90%88%E6%89%80%E6%9C%89%E4%BA%BA%E3%80%82%20%E4%BD%86%E6%98%AF%EF%BC%8C%E7%A0%94%E7%A9%B6%E9%A1%AF%E7%A4%BA%EF%BC%8C%E5%9C%A8%E6%9F%90%E4%BA%9B%E5%81%A5%E5%BA%B7%E7%8B%80%E6%B3%81%E4%B8%8B%EF%BC%8C%E4%BE%8B%E5%A6%82%E6%8A%97%E7%94%9F%E7%B4%A0%E7%9B%B8%E9%97%9C%E6%80%A7%E8%85%B9%E7%80%89%EF%BC%88AAD%EF%BC%89%E5%92%8C%E9%AB%98%E8%A1%80%E5%A3%93%EF%BC%8C%E9%AB%98%E5%8A%91%E9%87%8F%E7%9A%84%E7%9B%8A%E7%94%9F%E8%8F%8C%E7%A2%BA%E5%AF%A6%E8%83%BD%E5%B8%B6%E4%BE%86%E6%9B%B4%E5%A4%9A%E7%9B%8A%E8%99%95%E3%80%82"
乳酸菌益生菌,"乳酸菌和益生菌是不同的概念，但有密切關係。
乳酸菌是指一類能夠代謝糖類並產生乳酸的細菌，而益生菌則是指對人體健康有益的活的微生物，其中包含了許多乳酸菌。
也就是說，所有益生菌都是微生物，而乳酸菌是其中一類，但不是所有乳酸菌都是益生菌。
詳細說明：
乳酸菌(Lactic Acid Bacteria):
這是一類細菌的統稱，它們能夠將碳水化合物(如糖)分解成乳酸。
許多發酵食品，如優格、泡菜、酸奶和起司等，都含有乳酸菌。
益生菌(Probiotics):
益生菌是指對人體有益的活的微生物，可以改善腸道菌叢生態，並對宿主產生健康益處。
益生菌包括了多種乳酸菌，但也包含其他種類的細菌和酵母菌。
關係：
大部分的益生菌是乳酸菌，但乳酸菌中只有通過科學研究證實對健康有益的特定菌株才能被稱為益生菌。
舉例說明：
優格和酸奶
中含有乳酸菌，其中一些乳酸菌被證明對健康有益，所以可以被稱為益生菌。
某些益生菌產品
可能包含多種乳酸菌，也可能包含其他益生菌，如酵母菌。
總結：
乳酸菌是產生乳酸的細菌，而益生菌是對人體有益的微生物，乳酸菌是益生菌的重要組成部分，但不是所有的乳酸菌都是益生菌。
因此，在選擇益生菌產品時，應選擇經過科學研究證實對健康有益的特定菌株，才能達到最佳的保健效果。","https://health.mdic.ncku.edu.tw/%E9%86%AB%E8%AD%B7%E5%88%86%E4%BA%AB/64.html#:~:text=%E4%B9%B3%E9%85%B8%E8%8F%8C%E8%88%87%E7%9B%8A%E7%94%9F%E8%8F%8C%E7%9A%84%E5%B7%AE%E5%88%A5%E6%98%AF%EF%BC%9F%20%E4%B9%B3%E9%85%B8%E8%8F%8C%E8%88%87%E7%9B%8A%E7%94%9F%E8%8F%8C%E4%BA%8C%E8%80%85%E6%9C%80%E5%A4%A7%E4%B8%8D%E5%90%8C%E5%9C%A8%E6%96%BC%EF%BC%8C%E7%9B%8A%E7%94%9F%E8%8F%8C%E6%98%AF%E6%8C%87%E7%B6%93%E9%81%8E%E7%A0%94%E7%A9%B6%E3%80%81%E6%B8%85%E6%A5%9A%E8%AD%89%E6%98%8E%E5%B0%8D%E5%81%A5%E5%BA%B7%E6%9C%89%E7%9B%8A%EF%BC%8C%E4%B8%A6%E5%85%B7%E6%9C%89%E6%B4%BB%E6%80%A7%E7%9A%84%E5%BE%AE%E7%94%9F%E7%89%A9%EF%BC%8C%E4%B9%9F%E5%B0%B1%E6%98%AF%E8%83%BD%E5%B9%AB%E5%8A%A9%E6%88%91%E5%80%91%E6%94%B9%E5%96%84%E6%B6%88%E5%8C%96%E3%80%81%E9%81%8E%E6%95%8F%E7%AD%89%E7%9A%84%E5%84%AA%E7%AD%89%E7%B4%B0%E8%8F%8C%E3%80%82%20%E4%B9%B3%E9%85%B8%E8%8F%8C%E5%89%87%E6%98%AF%E5%BB%A3%E6%B3%9B%E5%9C%B0%E6%8C%87%E6%9C%83%E7%94%9F%E7%94%A2%E4%B9%B3%E9%85%B8%E7%9A%84%E7%B4%B0%E8%8F%8C%EF%BC%8C%E4%BD%86%E4%B9%B3%E9%85%B8%E8%8F%8C%E8%A3%A1%E9%9D%A2%E5%8F%AA%E6%9C%89%E3%80%8C%E4%B8%80%E5%B0%8F%E9%83%A8%E5%88%86%E3%80%8D%E5%B1%AC%E6%96%BC%E3%80%8C%E7%9B%8A%E7%94%9F%E8%8F%8C%E3%80%8D%E3%80%82%20%E5%B8%B8%E8%A6%8B%E5%B0%8D%E4%BA%BA%E9%AB%94%E6%9C%89%E7%9B%8A%E7%9A%84%E4%B9%B3%E9%85%B8%E8%8F%8C%E5%8C%85%E6%8B%AC%E4%BB%A5%E4%B8%8B%E5%B9%BE%E7%A8%AE%EF%BC%9A%20%E5%97%9C%E4%B9%B3%E9%85%B8%E6%A1%BF%E8%8F%8C%EF%BC%88A%E8%8F%8C%EF%BC%89%20%E6%AF%94%E8%8F%B2%E5%BE%B7%E6%B0%8F%E8%8F%8C%EF%BC%88B%E8%8F%8C%EF%BC%89%20%E5%87%B1%E6%B0%8F%E4%B9%B3%E9%85%B8%E8%8F%8C%EF%BC%88C%E8%8F%8C%EF%BC%89%20%E5%89%AF%E4%B9%BE%E9%85%AA%E4%B9%B3%E9%85%B8%E6%A1%BF%E8%8F%8C%EF%BC%88G%E8%8F%8C%EF%BC%89%20%E9%BC%A0%E6%9D%8E%E7%B3%96%E4%B9%B3%E6%A1%BF%E8%8F%8C%EF%BC%88LP%E8%8F%8C%EF%BC%89
https://www.daikenshop.com/article/Probiotics_LAB_Enzyme#:~:text=%E7%9B%8A%E7%94%9F%E8%8F%8C%E5%8C%85%E5%90%AB%E4%B9%B3%E9%85%B8%E8%8F%8C%EF%BC%8C%E4%BD%86,%E6%89%8D%E8%83%BD%E7%A8%B1%E7%82%BA%E7%9B%8A%E7%94%9F%E8%8F%8C%E3%80%82
https://www.worldgymtaiwan.com/training-blog-in/is-probiotic-and-lactobacillus-the-same#:~:text=%E4%B9%B3%E9%85%B8%E8%8F%8C%E8%88%87%E7%9B%8A%E7%94%9F%E8%8F%8C%E5%B7%AE%E5%9C%A8%E5%93%AA%EF%BC%9F%20%E4%B9%B3%E9%85%B8%E8%8F%8C%E6%98%AF%E4%B8%8A%E8%BF%B0%E6%8F%90%E5%88%B0%EF%BC%8C%E4%BB%A3%E8%AC%9D%E9%86%A3%E9%A1%9E%E6%9C%83%E7%94%A2%E7%94%9F%E4%B9%B3%E9%85%B8%E7%9A%84%E5%BE%AE%E7%94%9F%E7%89%A9%EF%BC%9B%E3%80%8C%E7%9B%8A%E7%94%9F%E8%8F%8C%E3%80%8D%E6%98%AF%E5%85%A8%E9%83%A8%E6%9C%89%E7%9B%8A%E8%8F%8C%E7%9A%84%E7%B8%BD%E7%A8%B1%EF%BC%8C%E5%8C%85%E6%8B%AC%E5%BE%88%E5%A4%9A%E8%8F%8C%E7%A8%AE%EF%BC%8C%E5%90%AB%E4%B9%B3%E9%85%B8%E8%8F%8C%E5%92%8C%E9%85%B5%E6%AF%8D%E8%8F%8C%EF%BC%8C%E8%80%8C%E4%B9%B3%E9%85%B8%E8%8F%8C%E5%85%A7%E5%8F%AA%E6%9C%89%E3%80%8C%E5%B0%91%E9%83%A8%E5%88%86%E3%80%8D%E6%98%AF%E5%B1%AC%E6%96%BC%E3%80%8C%E7%9B%8A%E7%94%9F%E8%8F%8C%E3%80%8D%E3%80%82%20%E7%9B%8A%E7%94%9F%E8%8F%8C%E9%9C%80%E8%A2%AB%E7%A7%91%E5%AD%B8%E5%AE%B6%E8%AA%8D%E5%8F%AF%E5%B0%8D%E5%81%A5%E5%BA%B7%E6%9C%89%E7%9B%8A%E7%9A%84%E8%8F%8C%E6%A0%AA%E6%89%8D%E8%83%BD%E7%A8%B1%E7%82%BA%E7%9B%8A%E7%94%9F%E8%8F%8C%E3%80%82%20%E5%B8%B8%E8%A6%8B%E7%9A%84%E7%9B%8A%E7%94%9F%E8%8F%8C%E6%9C%89%E4%BB%A5%E4%B8%8B5%E7%A8%AE%EF%BC%9A%20A%E8%8F%8C%EF%BC%8D%E5%97%9C%E4%B9%B3%E9%85%B8%E6%A1%BF%E8%8F%8C%20%E5%97%9C%E4%B9%B3%E9%85%B8%E6%A1%BF%E8%8F%8C%E6%98%AF%E5%B0%8F%E8%85%B8%E4%B8%AD%E6%95%B8%E9%87%8F%E6%9C%80%E5%A4%9A%E7%9A%84%E8%8F%8C%E7%A8%AE%EF%BC%8C%E5%85%B7%E6%9C%89%E5%85%8D%E7%96%AB%E8%AA%BF%E7%AF%80%E3%80%81%E9%99%8D%E4%BD%8E%E8%86%BD%E5%9B%BA%E9%86%87%E3%80%81%E7%B6%AD%E6%8C%81%E6%B6%88%E5%8C%96%E9%81%93%E5%81%A5%E5%BA%B7%E7%AD%89%E6%95%88%E6%9E%9C%EF%BC%8C%E9%82%84%E6%9C%89%E7%A0%94%E7%A9%B6%E7%99%BC%E7%8F%BE%EF%BC%8C%E5%A9%A6%E5%A5%B3%E4%BD%BF%E7%94%A8%E8%8F%8C%E6%95%B8%E4%B8%80%E5%84%84%E4%BB%A5%E4%B8%8A%E7%9A%84A%E8%8F%8C%E9%A3%9F%E5%93%81%E5%8D%8A%E5%B9%B4%EF%BC%8C%E8%83%BD%E9%99%8D%E4%BD%8E3%E5%80%8D%E4%BB%A5%E4%B8%8A%E7%9A%84%E5%BF%B5%E7%8F%A0%E8%8F%8C%E6%84%9F%E6%9F%93%EF%BC%8C%E6%89%80%E4%BB%A5%E5%8F%88%E8%A2%AB%E7%A8%B1%E7%82%BA%E3%80%8C%E5%A5%B3%E4%BA%BA%E7%9A%84%E7%9B%8A%E7%94%9F%E8%8F%8C%E3%80%8D%E3%80%82%20B%E8%8F%8C%EF%BC%8D%E6%AF%94%E8%8F%B2%E5%BE%B7%E6%B0%8F%E8%8F%8C%20%E6%AF%94%E8%8F%B2%E5%BE%B7%E6%B0%8F%E8%8F%8C%E6%98%AF%E5%AC%B0%E5%85%92%E4%B8%80%E5%87%BA%E7%94%9F%E6%99%82%EF%BC%8C%E8%85%B8%E8%83%83%E9%81%93%E4%B8%AD%E6%9C%80%E5%A4%9A%E7%9A%84%E8%8F%8C%E7%A8%AE%EF%BC%8C%E9%9A%A8%E8%91%97%E5%B9%B4%E9%BD%A1%E5%A2%9E%E9%95%B7%EF%BC%8C%E5%AE%83%E5%9C%A8%E4%BA%BA%E9%AB%94%E5%85%A7%E7%9A%84%E6%95%B8%E9%87%8F%E6%9C%83%E5%A4%A7%E9%87%8F%E6%B8%9B%E5%B0%91%EF%BC%8C%E8%83%BD%E5%B9%B3%E8%A1%A1%E6%B6%88%E5%8C%96%E9%81%93%E5%85%A7%E7%92%B0%E5%A2%83%EF%BC%8C%E6%8A%91%E5%88%B6%E5%A3%9E%E8%8F%8C%E7%B9%81%E6%AE%96%EF%BC%8C%E5%B9%AB%E5%8A%A9%E6%B6%88%E5%8C%96%E9%81%93%E6%B6%88%E5%8C%96%E9%A0%86%E6%9A%A2%E3%80%81%E7%B6%AD%E6%8C%81%E7%B4%B0%E8%8F%8C%E5%8F%A2%E7%94%9F%E6%85%8B%E3%80%81%E8%AA%BF%E7%AF%80%E7%94%9F%E7%90%86%E6%A9%9F%E8%83%BD%E3%80%82%20C%E8%8F%8C%EF%BC%8D%E4%B9%BE%E9%85%AA%E4%B9%B3%E6%A1%BF%E8%8F%8C%20%E4%B9%BE%E9%85%AA%E4%B9%B3%E6%A1%BF%E8%8F%8C%E5%AD%98%E5%9C%A8%E6%96%BC%E4%BA%BA%E9%A1%9E%E7%9A%84%E8%85%B8%E9%81%93%E5%8F%8A%E5%8F%A3%E8%85%94%EF%BC%8C%E5%AE%9A%E6%AE%96%E8%83%BD%E5%8A%9B%E5%BC%B7%EF%BC%8C%E5%85%BC%E5%85%B7%E4%BF%9D%E5%81%A5%E6%B6%88%E5%8C%96%E9%81%93%E5%81%A5%E5%BA%B7%E3%80%81%E5%B9%AB%E5%8A%A9%E6%B6%88%E5%8C%96%EF%BC%8C%E8%AA%BF%E7%AF%80%E5%81%A5%E5%BA%B7%E5%8F%8A%E5%8A%A0%E5%BC%B7%E5%B0%8D%E6%8A%97%E5%8A%9B%E7%9A%84%E4%BD%9C%E7%94%A8%EF%BC%8C%E9%A4%8A%E6%A8%82%E5%A4%9A%E7%9A%84%E4%B8%BB%E8%A6%81%E8%8F%8C%E7%A8%AE%E5%B0%B1%E6%98%AF%E4%B9%BE%E9%85%AA%E4%B9%B3%E6%A1%BF%E8%8F%8C%20LP%E8%8F%8C%EF%BC%8D%E5%89%AF%E4%B9%BE%E9%85%AA%E4%B9%B3%E9%85%B8%E6%A1%BF%E8%8F%8C%20%E5%89%AF%E4%B9%BE%E9%85%AA%E4%B9%B3%E9%85%B8%E6%A1%BF%E8%8F%8C%E7%9A%84LP%E8%8F%8C%E6%98%AF%E7%94%B1%E5%8F%B0%E7%81%A3%E8%A8%B1%E6%B8%85%E7%A5%A5%E5%8D%9A%E5%A3%AB%E6%89%80%E7%AF%A9%E9%81%B8%E5%87%BA%E7%9A%84%E8%8F%8C%E7%A8%AE%EF%BC%8C%E6%A0%B9%E6%93%9A%E8%87%A8%E5%BA%8A%E5%AF%A6%E9%A9%97%E7%99%BC%E7%8F%BE%EF%BC%8C%E9%80%A3%E7%BA%8C%E8%A3%9C%E5%85%85%E4%B8%80%E5%80%8B%E6%9C%88%E5%8F%AF%E6%94%B9%E5%96%84%E9%81%8E%E6%95%8F%E3%80%81%E7%95%B0%E4%BD%8D%E6%80%A7%E7%9A%AE%E8%86%9A%E7%82%8E%EF%BC%8C%E5%B9%AB%E5%8A%A9%E8%AA%BF%E6%95%B4%E9%AB%94%E8%B3%AA%E3%80%82%20LGG%E8%8F%8C%EF%BC%8D%E9%BC%A0%E6%9D%8E%E7%B3%96%E4%B9%B3%E6%A1%BF%E8%8F%8C%20%E9%BC%A0%E6%9D%8E%E7%B3%96%E4%B9%B3%E6%A1%BF%E8%8F%8C%E6%98%AF%E9%A6%96%E6%A0%AA%E8%A2%AB%E8%AD%89%E5%AF%A6%EF%BC%8C%E5%8F%AF%E4%BB%A5%E5%9C%A8%E4%BA%BA%E9%AB%94%E6%B6%88%E5%8C%96%E9%81%93%E4%B8%AD%E5%AD%98%E6%B4%BB%E5%AE%9A%E6%AE%96%E7%9A%84%E7%9B%8A%E7%94%9F%E8%8F%8C%E7%A8%AE%EF%BC%8C%E5%9B%A0%E6%AD%A4%EF%BC%8C%E8%87%B3%E4%BB%8A%E7%9B%B8%E9%97%9C%E7%9A%84%E7%A7%91%E5%AD%B8%E7%A0%94%E7%A9%B6%E9%9D%9E%E5%B8%B8%E5%A4%9A%EF%BC%8C%E5%8F%AF%E4%BB%A5%E5%B9%AB%E5%8A%A9%E6%94%B9%E5%96%84%E9%81%8E%E6%95%8F%E3%80%81%E8%85%B9%E7%80%89%EF%BC%8C%E9%A0%90%E9%98%B2%E8%9B%80%E7%89%99%E3%80%81%E7%89%99%E5%91%A8%E7%97%85
https://www.womenshealthmag.com/tw/food-nutrition/diet/g61529882/lactic-acid-bacteria/
https://shop.vitabox.com.tw/pages/lactics
https://jerosse.com.tw/blog/%E7%9B%8A%E7%94%9F%E8%8F%8C%E3%80%81%E4%B9%B3%E9%85%B8%E8%8F%8C%E3%80%81%E9%85%B5%E7%B4%A0%EF%BC%8C%E5%B7%AE%E5%88%A5%E5%9C%A8%E5%93%AA%E8%A3%A1%EF%BC%9F/#:~:text=%E4%B9%B3%E9%85%B8%E8%8F%8C%E6%98%AF%E4%BB%80%E9%BA%BC%EF%BC%9F%20%E5%A4%A7%E5%AE%B6%E6%99%82%E5%B8%B8%E6%8A%8A%E3%80%8C%E4%B9%B3%E9%85%B8%E8%8F%8C%E3%80%8D%E8%88%87%E3%80%8C%E7%9B%8A%E7%94%9F%E8%8F%8C%E3%80%8D%E6%90%9E%E6%B7%B7%EF%BC%8C%E4%BD%86%E5%85%B6%E5%AF%A6%E4%B9%B3%E9%85%B8%E8%8F%8C%E5%8F%AA%E6%98%AF%E7%BF%92%E6%85%A3%E7%94%A8%E8%AA%9E%EF%BC%8C%E4%B8%A6%E4%B8%8D%E6%98%AF%E5%88%86%E9%A1%9E%E5%AD%B8%E4%B8%8A%E7%9A%84%E6%AD%A3%E5%BC%8F%E5%90%8D%E8%A9%9E%E3%80%82%20%E6%A0%B9%E6%93%9A%E5%8F%B0%E7%81%A3%E4%B9%B3%E9%85%B8%E8%8F%8C%E5%8D%94%E6%9C%83%E5%AE%9A%E7%BE%A9%EF%BC%8C%E4%B9%B3%E9%85%B8%E8%8F%8C%EF%BC%88Lactic%20Acid%20Bacteria%EF%BC%89%E6%8C%87%E7%9A%84%E6%98%AF%E8%83%BD%E5%A4%A0%E4%BB%A3%E8%AC%9D%E7%B3%96%E9%A1%9E%EF%BC%8C%E4%B8%A6%E7%94%A2%E7%94%9F50%25%E4%BB%A5%E4%B8%8A%E4%B9%B3%E9%85%B8%E7%9A%84%E5%BE%AE%E7%94%9F%E7%89%A9%EF%BC%8C%E4%B9%9F%E6%98%AF%E3%80%8C%E7%9B%8A%E7%94%9F%E8%8F%8C%E3%80%8D%E9%A1%9E%E5%88%A5%E4%B8%AD%E6%9C%80%E9%87%8D%E8%A6%81%E7%9A%84%E4%B8%80%E7%BE%A4%E3%80%82%20%E5%8F%B0%E7%81%A3%E5%B8%B8%E8%A6%8B%E7%9A%84%E4%B9%B3%E9%85%B8%E8%8F%8C%E7%A8%AE%E7%82%BA%EF%BC%9A%E5%97%9C%E9%85%B8%E4%B9%B3%E6%A1%BF%E8%8F%8C%EF%BC%88A%E8%8F%8C%EF%BC%89%E4%BB%A5%E5%8F%8A%E6%AF%94%E8%8F%B2%E5%BE%B7%E6%B0%8F%E8%8F%8C%EF%BC%88B%E8%8F%8C%EF%BC%89%E3%80%82%20%E4%B9%B3%E9%85%B8%E8%8F%8C%E5%9C%A8%E9%A3%9F%E5%93%81%E6%87%89%E7%94%A8%E4%B8%8A%E6%9C%80%E5%BB%A3%E7%82%BA%E4%BA%BA%E7%9F%A5%E7%9A%84%E6%98%AF%E9%86%B1%E9%85%B5%E7%94%A2%E5%93%81%E4%B9%8B%E8%A3%BD%E9%80%A0%EF%BC%8C%E8%88%89%E5%87%A1%E5%84%AA%E6%A0%BC%E3%80%81%E5%84%AA%E9%85%AA%E4%B9%B3%E3%80%81%E8%B1%86%E8%A3%BD%E5%93%81%E3%80%81%E9%86%AC%E6%B2%B9%E3%80%81%E8%82%89%E9%A1%9E%E9%86%83%E8%A3%BD%E5%93%81%E7%AD%89%EF%BC%8C%E4%B9%B3%E9%85%B8%E8%8F%8C%E9%83%BD%E6%89%AE%E6%BC%94%E8%91%97%E8%87%B3%E9%97%9C%E9%87%8D%E8%A6%81%E7%9A%84%E8%A7%92%E8%89%B2%E3%80%82%20%3E%3E%3E%20%E6%9B%B4%E5%A4%9A%E7%9B%8A%E7%94%9F%E8%8F%8C%E5%BB%B6%E4%BC%B8%E9%96%B1%E8%AE%80%EF%BC%9A%E7%9B%8A%E7%94%9F%E8%8F%8C%E6%98%AF%E7%9B%8A%E7%94%9F%E5%85%83%E5%97%8E%EF%BC%9F%E7%87%9F%E9%A4%8A%E5%B8%AB%E6%8C%87%E5%87%BA3%E5%A4%A7%E9%97%9C%E9%8D%B5%EF%BC%8C%E5%B9%AB%E4%BD%A0%E8%A7%A3%E6%B1%BA%E6%BB%BF%E8%85%B9%E7%9A%84%E7%96%91%E6%83%91%EF%BC%8C%E5%B8%B6%E7%B5%A6%E4%BD%A0%E4%B8%80%E8%82%9A%E5%AD%90%E5%A5%BD%E8%8F%8C%EF%BC%81
https://gi-health.com.tw/%E7%9B%8A%E7%94%9F%E8%8F%8C%E3%80%81%E7%9B%8A%E7%94%9F%E8%B3%AA%E3%80%81%E4%B9%B3%E9%85%B8%E8%8F%8C%E3%80%81%E5%90%88%E7%9B%8A%E7%B4%A0%EF%BC%9F%E6%9C%89%E4%BB%80%E9%BA%BC%E4%B8%8D%E4%B8%80%E6%A8%A3/#:~:text=%E4%BA%BA%E9%AB%94%E8%85%B8%E9%81%93%E7%9B%8A%E8%8F%8C%EF%BC%9A%E7%9B%8A%E7%94%9F%E8%8F%8C(Probiotic)%20%E7%9B%8A%E7%94%9F%E8%8F%8C%E5%B0%B1%E6%98%AF%E8%85%B8%E9%81%93%E5%A5%BD%E8%8F%8C%E4%B9%8B%E4%B8%80%EF%BC%8C%E5%B0%8D%E5%AE%BF%E4%B8%BB%E3%80%81%E4%BA%BA%E9%AB%94%E6%9C%89%E7%9B%8A%EF%BC%8C%E5%8F%AF%E4%BB%A5%E6%94%B9%E5%96%84%E8%85%B8%E9%81%93%E8%8F%8C%E7%9B%B8%E7%9A%84%E6%B4%BB%E8%8F%8C%E5%BE%AE%E7%94%9F%E7%89%A9%E3%80%82%20%E6%9C%80%E5%85%B7%E4%BB%A3%E8%A1%A8%E6%80%A7%E7%9A%84%E7%9B%8A%E7%94%9F%E8%8F%8C%E5%B0%B1%E6%98%AF%E4%B9%B3%E9%85%B8%E8%8F%8C%EF%BC%8C%E8%83%BD%E5%88%86%E8%A7%A3%E9%86%A3%E9%A1%9E(%E4%B9%B3%E7%B3%96%E3%80%81%E8%91%A1%E8%90%84%E7%B3%96%E3%80%81%E8%94%97%E7%B3%96%E3%80%81%E6%9E%9C%E7%B3%96)%E7%94%A2%E7%94%9F%E4%B9%B3%E9%85%B8%E5%92%8C%E9%86%8B%E9%85%B8%EF%BC%8C%E5%B0%A4%E5%85%B6%E6%98%AF%E9%85%AA%E9%85%B8%E8%8F%8C(%E5%AE%AE%E5%85%A5%E8%8F%8C)%E5%88%86%E8%A7%A3%E4%BB%A3%E8%AC%9D%E2%80%9D%E7%BA%96%E7%B6%AD%E5%AF%A1%E9%86%A3%E2%80%9D%E3%80%81%E7%9B%B4%E9%8F%88%E6%BE%B1%E7%B2%89%E3%80%81%E6%BE%B1%E7%B2%89%E7%AD%89%E7%94%A2%E7%94%9F%E9%85%AA%E9%85%B8(%E7%9F%AD%E9%8F%88%E8%84%82%E8%82%AA%E9%85%B8SCFAs)%EF%BC%8C%E5%BE%9E%E8%80%8C%E9%85%B8%E5%8C%96%E8%85%B8%E9%81%93%E7%92%B0%E5%A2%83%EF%BC%8C%E6%8A%91%E5%88%B6%E5%A3%9E%E8%8F%8C%E5%A2%9E%E6%AE%96%EF%BC%8C%E8%AA%BF%E6%95%B4%E8%85%B8%E5%85%A7%E8%8F%8C%E5%8F%A2%E5%B9%B3%E8%A1%A1%E3%80%82%20%E4%BD%86%E4%B8%A6%E9%9D%9E%E6%89%80%E6%9C%89%E7%9A%84%E4%B9%B3%E9%85%B8%E8%8F%8C%E9%83%BD%E6%98%AF%E7%9B%8A%E7%94%9F%E8%8F%8C%EF%BC%8C%E5%90%8C%E6%A8%A3%E7%9A%84%E7%9B%8A%E7%94%9F%E8%8F%8C%E4%B9%9F%E4%B8%8D%E5%83%85%E5%8F%AA%E6%9C%89%E4%B9%B3%E9%85%B8%E8%8F%8C%EF%BC%8C%E5%B1%AC%E6%96%BC%E9%85%AA%E9%85%B8%E8%8F%8C%E7%A8%AE%E7%9A%84%E4%B8%81%E9%85%B8%E6%A2%AD%E8%8F%8C%E9%83%A8%E5%88%86%E8%8F%8C%E6%A0%AA(%E5%AE%AE%E5%85%A5%E8%8F%8C)%EF%BC%8C%E5%9C%A8%E6%97%A5%E6%9C%AC%E3%80%81%E9%9F%93%E5%9C%8B%E7%AD%89%E4%BA%9E%E6%B4%B2%E5%9C%8B%E5%AE%B6%EF%BC%8C%E5%B7%B2%E8%A2%AB%E5%BB%A3%E6%B3%9B%E7%94%A8%E6%96%BC%E9%98%B2%E6%B2%BB%E8%85%B8%E9%81%93%E8%8F%8C%E7%BE%A4%E5%A4%B1%E8%AA%BF%E6%89%80%E8%87%B4%E7%9A%84%E6%80%A5%E6%85%A2%E6%80%A7%E8%85%B9%E7%80%89%E3%80%81%E6%8A%97%E7%94%9F%E7%B4%A0%E7%9B%B8%E9%97%9C%E6%80%A7%E8%85%B8%E7%82%8E%E7%AD%89%E7%96%BE%E7%97%85%EF%BC%8C%E7%99%82%E6%95%88%E7%94%9A%E4%BD%B3%EF%BC%8C%E5%9C%A8%E6%97%A5%E6%9C%AC%E7%B6%93%E6%98%AF%E5%B8%B8%E8%A2%AB%E6%8E%A8%E8%96%A6%E4%BD%BF%E7%94%A8%E7%9A%84%E5%84%AA%E8%B3%AA%E7%9B%8A%E7%94%9F%E8%8F%8C%E3%80%82
https://shop.nongchunxiang.com.tw/blog/posts/what-are-probiotics#:~:text=%E4%B9%B3%E9%85%B8%E8%8F%8C%E5%B0%B1%E6%98%AF%E7%9B%8A%E7%94%9F%E8%8F%8C%E5%97%8E%EF%BC%9F%20%E3%80%8C%E4%B9%B3%E9%85%B8%E8%8F%8C%E3%80%8D%E4%B8%AD%E4%B8%A6%E4%B8%8D%E6%98%AF%E6%89%80%E6%9C%89%E7%9A%84%E8%8F%8C%E7%A8%AE%E9%83%BD%E6%98%AF%E5%A5%BD%E8%8F%8C%EF%BC%8C%E5%8F%AA%E6%9C%89%E9%83%A8%E5%88%86%E6%9C%89%E7%9B%8A%E6%96%BC%E5%AE%BF%E4%B8%BB%E5%81%A5%E5%BA%B7%E7%9A%84%E5%A5%BD%E8%8F%8C%EF%BC%8C%E6%89%8D%E5%8F%AF%E8%A2%AB%E7%A8%B1%E7%82%BA%E3%80%8C%E7%9B%8A%E7%94%9F%E8%8F%8C%E3%80%8D%E3%80%82%20%E7%84%B6%E8%80%8C%EF%BC%8C%E9%83%A8%E5%88%86%E7%9A%84%E3%80%8C%E7%9B%8A%E7%94%9F%E8%8F%8C%E3%80%8D%E4%B8%A6%E4%B8%8D%E6%9C%83%E8%87%AA%E5%8B%95%E7%94%A2%E7%94%9F%E4%B9%B3%E9%85%B8%EF%BC%8C%E5%B0%B1%E5%8F%AA%E6%98%AF%E5%A5%BD%E8%8F%8C%E8%80%8C%E9%9D%9E%E4%B9%B3%E9%85%B8%E8%8F%8C%E3%80%82%20%E7%94%B1%E6%AD%A4%E5%8F%AF%E7%9F%A5%EF%BC%8C%E4%B9%B3%E9%85%B8%E8%8F%8C%E4%B8%8D%E7%AD%89%E6%96%BC%E7%9B%8A%E7%94%9F%E8%8F%8C%EF%BC%9B%E7%9B%8A%E7%94%9F%E8%8F%8C%E4%B9%9F%E4%B8%8D%E7%AD%89%E6%96%BC%E4%B9%B3%E9%85%B8%E8%8F%8C%E5%96%94%EF%BC%81
https://www.longwalk-biotech.com.tw/blog/posts/%E4%B9%B3%E9%85%B8%E8%8F%8C#:~:text=%E7%9B%8A%E7%94%9F%E8%8F%8C%E7%82%BA%E6%B3%9B%E6%8C%87%E5%B0%8D%E8%BA%AB%E9%AB%94%E6%9C%89%E7%9B%8A%E7%9A%84%E5%BE%AE%E7%94%9F%E7%89%A9%EF%BC%8C%E5%8F%AF%E4%BB%A5%E6%94%B9%E8%AE%8A%E8%85%B8%E8%83%83%E9%81%93%E4%B8%AD%E7%9A%84%E8%8F%8C%E5%8F%A2%E7%94%9F%E6%85%8B%EF%BC%8C%E4%BF%9D%E6%8C%81%E6%B6%88%E5%8C%96%E9%A0%86%E6%9A%A2%E3%80%81%E6%8F%90%E9%AB%98%E9%98%B2%E8%AD%B7%E5%8A%9B%E3%80%81%E8%AA%BF%E7%AF%80%E9%81%8E%E6%95%8F%E9%AB%94%E8%B3%AA%E7%9A%84%E5%BE%AE%E7%94%9F%E7%89%A9%E8%8F%8C%E7%A8%AE%E3%80%82%20%E7%94%9F%E6%B4%BB%E4%B8%AD%E5%B8%B8%E8%A6%8B%E7%9A%84%E5%84%AA%E6%A0%BC%E3%80%81%E9%A4%8A%E6%A8%82%E5%A4%9A%E2%80%A6%E7%AD%89%E7%B6%93%E7%99%BC%E9%85%B5%E7%9A%84%E9%A3%9F%E7%89%A9%EF%BC%8C%E7%9A%86%E5%90%AB%E6%9C%89%E7%9B%8A%E7%94%9F%E8%8F%8C%E3%80%82%20%E7%9B%8A%E7%94%9F%E8%8F%8C%E4%B8%AD%E8%B6%85%E9%81%8E90%25%E9%9B%96%E7%84%B6%E9%83%BD%E5%B1%AC%E6%96%BC%E4%B9%B3%E9%85%B8%E8%8F%8C%EF%BC%8C%E4%BD%86%E4%B8%8D%E4%BB%A3%E8%A1%A8%E6%89%80%E6%9C%89%E4%B9%B3%E9%85%B8%E8%8F%8C%E9%83%BD%E6%98%AF%E7%9B%8A%E7%94%9F%E8%8F%8C%E3%80%82%20%E7%B8%BD%E7%B5%90%E4%BE%86%E8%AA%AA%EF%BC%8C%E5%A6%82%E6%9E%9C%E8%A6%81%E9%87%9D%E5%B0%8D%E8%85%B8%E9%81%93%E9%81%94%E5%88%B0%E4%BF%9D%E5%81%A5%E5%8A%9F%E6%95%88%EF%BC%8C%E8%A6%81%E6%8C%91%E9%81%B8%E4%B9%B3%E9%85%B8%E8%8F%8C%E4%B8%AD%E7%9A%84%E7%9B%8A%E7%94%9F%E8%8F%8C%EF%BC%8C%E6%89%8D%E8%83%BD%E7%8D%B2%E5%BE%97%E7%B6%AD%E6%8C%81%E6%B6%88%E5%8C%96%E9%81%93%E6%A9%9F%E8%83%BD%E3%80%81%E5%A2%9E%E5%BC%B7%E8%BA%AB%E9%AB%94%E9%98%B2%E8%AD%B7%E2%80%A6..%E7%AD%89%E5%B0%8D%E8%BA%AB%E9%AB%94%E7%9A%84%E5%A5%BD%E8%99%95%E3%80%82
https://www.ikorshop.com/blog/posts/lactic-acid-bacteria#:~:text=%E4%B9%B3%E9%85%B8%E8%8F%8C%E5%92%8C%E7%9B%8A%E7%94%9F%E8%8F%8C%E4%BE%86%E6%BA%90%E4%B8%8D%E5%90%8C%20*%20%E4%B9%B3%E9%85%B8%E8%8F%8C%EF%BC%9A%E5%A4%9A%E4%BE%86%E8%87%AA%E7%99%BC%E9%85%B5%E9%A3%9F%E5%93%81%EF%BC%8C%E5%A6%82%E5%84%AA%E6%A0%BC%E3%80%81%E6%B3%A1%E8%8F%9C%E3%80%81%E5%91%B3%E5%99%8C%E7%AD%89%E3%80%82%20*%20%E7%9B%8A%E7%94%9F%E8%8F%8C%EF%BC%9A%E5%89%87%E5%8F%AF%E4%BE%86%E8%87%AA%E7%99%BC%E9%85%B5%E9%A3%9F%E5%93%81%EF%BC%8C%E4%B9%9F%E5%8F%AF%E9%80%8F%E9%81%8E%E7%89%B9%E5%AE%9A%E8%8F%8C%E7%A8%AE%E5%9F%B9%E9%A4%8A%E6%88%90%E4%BF%9D%E5%81%A5%E9%A3%9F%E5%93%81%EF%BC%8C%E5%A6%82%E7%9B%8A%E7%94%9F%E8%8F%8C%E7%B2%89%E3%80%81%E8%86%A0%E5%9B%8A%E7%AD%89%E3%80%82
https://www.wego-tw.com/foods-knowledge/lactobacillus-functions/
https://health.mdic.ncku.edu.tw/%E9%86%AB%E8%AD%B7%E5%88%86%E4%BA%AB/64.html#:~:text=%E4%B9%B3%E9%85%B8%E8%8F%8C%E8%88%87%E7%9B%8A%E7%94%9F%E8%8F%8C%E7%9A%84%E5%B7%AE%E5%88%A5%E6%98%AF%EF%BC%9F%20%E4%B9%B3%E9%85%B8%E8%8F%8C%E8%88%87%E7%9B%8A%E7%94%9F%E8%8F%8C%E4%BA%8C%E8%80%85%E6%9C%80%E5%A4%A7%E4%B8%8D%E5%90%8C%E5%9C%A8%E6%96%BC%EF%BC%8C%E7%9B%8A%E7%94%9F%E8%8F%8C%E6%98%AF%E6%8C%87%E7%B6%93%E9%81%8E%E7%A0%94%E7%A9%B6%E3%80%81%E6%B8%85%E6%A5%9A%E8%AD%89%E6%98%8E%E5%B0%8D%E5%81%A5%E5%BA%B7%E6%9C%89%E7%9B%8A%EF%BC%8C%E4%B8%A6%E5%85%B7%E6%9C%89%E6%B4%BB%E6%80%A7%E7%9A%84%E5%BE%AE%E7%94%9F%E7%89%A9%EF%BC%8C%E4%B9%9F%E5%B0%B1%E6%98%AF%E8%83%BD%E5%B9%AB%E5%8A%A9%E6%88%91%E5%80%91%E6%94%B9%E5%96%84%E6%B6%88%E5%8C%96%E3%80%81%E9%81%8E%E6%95%8F%E7%AD%89%E7%9A%84%E5%84%AA%E7%AD%89%E7%B4%B0%E8%8F%8C%E3%80%82%20%E4%B9%B3%E9%85%B8%E8%8F%8C%E5%89%87%E6%98%AF%E5%BB%A3%E6%B3%9B%E5%9C%B0%E6%8C%87%E6%9C%83%E7%94%9F%E7%94%A2%E4%B9%B3%E9%85%B8%E7%9A%84%E7%B4%B0%E8%8F%8C%EF%BC%8C%E4%BD%86%E4%B9%B3%E9%85%B8%E8%8F%8C%E8%A3%A1%E9%9D%A2%E5%8F%AA%E6%9C%89%E3%80%8C%E4%B8%80%E5%B0%8F%E9%83%A8%E5%88%86%E3%80%8D%E5%B1%AC%E6%96%BC%E3%80%8C%E7%9B%8A%E7%94%9F%E8%8F%8C%E3%80%8D%E3%80%82%20%E5%B8%B8%E8%A6%8B%E5%B0%8D%E4%BA%BA%E9%AB%94%E6%9C%89%E7%9B%8A%E7%9A%84%E4%B9%B3%E9%85%B8%E8%8F%8C%E5%8C%85%E6%8B%AC%E4%BB%A5%E4%B8%8B%E5%B9%BE%E7%A8%AE%EF%BC%9A%20%E5%97%9C%E4%B9%B3%E9%85%B8%E6%A1%BF%E8%8F%8C%EF%BC%88A%E8%8F%8C%EF%BC%89%20%E6%AF%94%E8%8F%B2%E5%BE%B7%E6%B0%8F%E8%8F%8C%EF%BC%88B%E8%8F%8C%EF%BC%89%20%E5%87%B1%E6%B0%8F%E4%B9%B3%E9%85%B8%E8%8F%8C%EF%BC%88C%E8%8F%8C%EF%BC%89%20%E5%89%AF%E4%B9%BE%E9%85%AA%E4%B9%B3%E9%85%B8%E6%A1%BF%E8%8F%8C%EF%BC%88G%E8%8F%8C%EF%BC%89%20%E9%BC%A0%E6%9D%8E%E7%B3%96%E4%B9%B3%E6%A1%BF%E8%8F%8C%EF%BC%88LP%E8%8F%8C%EF%BC%89
https://www.daikenshop.com/article/Probiotics_LAB_Enzyme#:~:text=%E7%9B%8A%E7%94%9F%E8%8F%8C%E5%8C%85%E5%90%AB%E4%B9%B3%E9%85%B8%E8%8F%8C%EF%BC%8C%E4%BD%86,%E6%89%8D%E8%83%BD%E7%A8%B1%E7%82%BA%E7%9B%8A%E7%94%9F%E8%8F%8C%E3%80%82
https://www.worldgymtaiwan.com/training-blog-in/is-probiotic-and-lactobacillus-the-same#:~:text=%E4%B9%B3%E9%85%B8%E8%8F%8C%E8%88%87%E7%9B%8A%E7%94%9F%E8%8F%8C%E5%B7%AE%E5%9C%A8%E5%93%AA%EF%BC%9F%20%E4%B9%B3%E9%85%B8%E8%8F%8C%E6%98%AF%E4%B8%8A%E8%BF%B0%E6%8F%90%E5%88%B0%EF%BC%8C%E4%BB%A3%E8%AC%9D%E9%86%A3%E9%A1%9E%E6%9C%83%E7%94%A2%E7%94%9F%E4%B9%B3%E9%85%B8%E7%9A%84%E5%BE%AE%E7%94%9F%E7%89%A9%EF%BC%9B%E3%80%8C%E7%9B%8A%E7%94%9F%E8%8F%8C%E3%80%8D%E6%98%AF%E5%85%A8%E9%83%A8%E6%9C%89%E7%9B%8A%E8%8F%8C%E7%9A%84%E7%B8%BD%E7%A8%B1%EF%BC%8C%E5%8C%85%E6%8B%AC%E5%BE%88%E5%A4%9A%E8%8F%8C%E7%A8%AE%EF%BC%8C%E5%90%AB%E4%B9%B3%E9%85%B8%E8%8F%8C%E5%92%8C%E9%85%B5%E6%AF%8D%E8%8F%8C%EF%BC%8C%E8%80%8C%E4%B9%B3%E9%85%B8%E8%8F%8C%E5%85%A7%E5%8F%AA%E6%9C%89%E3%80%8C%E5%B0%91%E9%83%A8%E5%88%86%E3%80%8D%E6%98%AF%E5%B1%AC%E6%96%BC%E3%80%8C%E7%9B%8A%E7%94%9F%E8%8F%8C%E3%80%8D%E3%80%82%20%E7%9B%8A%E7%94%9F%E8%8F%8C%E9%9C%80%E8%A2%AB%E7%A7%91%E5%AD%B8%E5%AE%B6%E8%AA%8D%E5%8F%AF%E5%B0%8D%E5%81%A5%E5%BA%B7%E6%9C%89%E7%9B%8A%E7%9A%84%E8%8F%8C%E6%A0%AA%E6%89%8D%E8%83%BD%E7%A8%B1%E7%82%BA%E7%9B%8A%E7%94%9F%E8%8F%8C%E3%80%82%20%E5%B8%B8%E8%A6%8B%E7%9A%84%E7%9B%8A%E7%94%9F%E8%8F%8C%E6%9C%89%E4%BB%A5%E4%B8%8B5%E7%A8%AE%EF%BC%9A%20A%E8%8F%8C%EF%BC%8D%E5%97%9C%E4%B9%B3%E9%85%B8%E6%A1%BF%E8%8F%8C%20%E5%97%9C%E4%B9%B3%E9%85%B8%E6%A1%BF%E8%8F%8C%E6%98%AF%E5%B0%8F%E8%85%B8%E4%B8%AD%E6%95%B8%E9%87%8F%E6%9C%80%E5%A4%9A%E7%9A%84%E8%8F%8C%E7%A8%AE%EF%BC%8C%E5%85%B7%E6%9C%89%E5%85%8D%E7%96%AB%E8%AA%BF%E7%AF%80%E3%80%81%E9%99%8D%E4%BD%8E%E8%86%BD%E5%9B%BA%E9%86%87%E3%80%81%E7%B6%AD%E6%8C%81%E6%B6%88%E5%8C%96%E9%81%93%E5%81%A5%E5%BA%B7%E7%AD%89%E6%95%88%E6%9E%9C%EF%BC%8C%E9%82%84%E6%9C%89%E7%A0%94%E7%A9%B6%E7%99%BC%E7%8F%BE%EF%BC%8C%E5%A9%A6%E5%A5%B3%E4%BD%BF%E7%94%A8%E8%8F%8C%E6%95%B8%E4%B8%80%E5%84%84%E4%BB%A5%E4%B8%8A%E7%9A%84A%E8%8F%8C%E9%A3%9F%E5%93%81%E5%8D%8A%E5%B9%B4%EF%BC%8C%E8%83%BD%E9%99%8D%E4%BD%8E3%E5%80%8D%E4%BB%A5%E4%B8%8A%E7%9A%84%E5%BF%B5%E7%8F%A0%E8%8F%8C%E6%84%9F%E6%9F%93%EF%BC%8C%E6%89%80%E4%BB%A5%E5%8F%88%E8%A2%AB%E7%A8%B1%E7%82%BA%E3%80%8C%E5%A5%B3%E4%BA%BA%E7%9A%84%E7%9B%8A%E7%94%9F%E8%8F%8C%E3%80%8D%E3%80%82%20B%E8%8F%8C%EF%BC%8D%E6%AF%94%E8%8F%B2%E5%BE%B7%E6%B0%8F%E8%8F%8C%20%E6%AF%94%E8%8F%B2%E5%BE%B7%E6%B0%8F%E8%8F%8C%E6%98%AF%E5%AC%B0%E5%85%92%E4%B8%80%E5%87%BA%E7%94%9F%E6%99%82%EF%BC%8C%E8%85%B8%E8%83%83%E9%81%93%E4%B8%AD%E6%9C%80%E5%A4%9A%E7%9A%84%E8%8F%8C%E7%A8%AE%EF%BC%8C%E9%9A%A8%E8%91%97%E5%B9%B4%E9%BD%A1%E5%A2%9E%E9%95%B7%EF%BC%8C%E5%AE%83%E5%9C%A8%E4%BA%BA%E9%AB%94%E5%85%A7%E7%9A%84%E6%95%B8%E9%87%8F%E6%9C%83%E5%A4%A7%E9%87%8F%E6%B8%9B%E5%B0%91%EF%BC%8C%E8%83%BD%E5%B9%B3%E8%A1%A1%E6%B6%88%E5%8C%96%E9%81%93%E5%85%A7%E7%92%B0%E5%A2%83%EF%BC%8C%E6%8A%91%E5%88%B6%E5%A3%9E%E8%8F%8C%E7%B9%81%E6%AE%96%EF%BC%8C%E5%B9%AB%E5%8A%A9%E6%B6%88%E5%8C%96%E9%81%93%E6%B6%88%E5%8C%96%E9%A0%86%E6%9A%A2%E3%80%81%E7%B6%AD%E6%8C%81%E7%B4%B0%E8%8F%8C%E5%8F%A2%E7%94%9F%E6%85%8B%E3%80%81%E8%AA%BF%E7%AF%80%E7%94%9F%E7%90%86%E6%A9%9F%E8%83%BD%E3%80%82%20C%E8%8F%8C%EF%BC%8D%E4%B9%BE%E9%85%AA%E4%B9%B3%E6%A1%BF%E8%8F%8C%20%E4%B9%BE%E9%85%AA%E4%B9%B3%E6%A1%BF%E8%8F%8C%E5%AD%98%E5%9C%A8%E6%96%BC%E4%BA%BA%E9%A1%9E%E7%9A%84%E8%85%B8%E9%81%93%E5%8F%8A%E5%8F%A3%E8%85%94%EF%BC%8C%E5%AE%9A%E6%AE%96%E8%83%BD%E5%8A%9B%E5%BC%B7%EF%BC%8C%E5%85%BC%E5%85%B7%E4%BF%9D%E5%81%A5%E6%B6%88%E5%8C%96%E9%81%93%E5%81%A5%E5%BA%B7%E3%80%81%E5%B9%AB%E5%8A%A9%E6%B6%88%E5%8C%96%EF%BC%8C%E8%AA%BF%E7%AF%80%E5%81%A5%E5%BA%B7%E5%8F%8A%E5%8A%A0%E5%BC%B7%E5%B0%8D%E6%8A%97%E5%8A%9B%E7%9A%84%E4%BD%9C%E7%94%A8%EF%BC%8C%E9%A4%8A%E6%A8%82%E5%A4%9A%E7%9A%84%E4%B8%BB%E8%A6%81%E8%8F%8C%E7%A8%AE%E5%B0%B1%E6%98%AF%E4%B9%BE%E9%85%AA%E4%B9%B3%E6%A1%BF%E8%8F%8C%20LP%E8%8F%8C%EF%BC%8D%E5%89%AF%E4%B9%BE%E9%85%AA%E4%B9%B3%E9%85%B8%E6%A1%BF%E8%8F%8C%20%E5%89%AF%E4%B9%BE%E9%85%AA%E4%B9%B3%E9%85%B8%E6%A1%BF%E8%8F%8C%E7%9A%84LP%E8%8F%8C%E6%98%AF%E7%94%B1%E5%8F%B0%E7%81%A3%E8%A8%B1%E6%B8%85%E7%A5%A5%E5%8D%9A%E5%A3%AB%E6%89%80%E7%AF%A9%E9%81%B8%E5%87%BA%E7%9A%84%E8%8F%8C%E7%A8%AE%EF%BC%8C%E6%A0%B9%E6%93%9A%E8%87%A8%E5%BA%8A%E5%AF%A6%E9%A9%97%E7%99%BC%E7%8F%BE%EF%BC%8C%E9%80%A3%E7%BA%8C%E8%A3%9C%E5%85%85%E4%B8%80%E5%80%8B%E6%9C%88%E5%8F%AF%E6%94%B9%E5%96%84%E9%81%8E%E6%95%8F%E3%80%81%E7%95%B0%E4%BD%8D%E6%80%A7%E7%9A%AE%E8%86%9A%E7%82%8E%EF%BC%8C%E5%B9%AB%E5%8A%A9%E8%AA%BF%E6%95%B4%E9%AB%94%E8%B3%AA%E3%80%82%20LGG%E8%8F%8C%EF%BC%8D%E9%BC%A0%E6%9D%8E%E7%B3%96%E4%B9%B3%E6%A1%BF%E8%8F%8C%20%E9%BC%A0%E6%9D%8E%E7%B3%96%E4%B9%B3%E6%A1%BF%E8%8F%8C%E6%98%AF%E9%A6%96%E6%A0%AA%E8%A2%AB%E8%AD%89%E5%AF%A6%EF%BC%8C%E5%8F%AF%E4%BB%A5%E5%9C%A8%E4%BA%BA%E9%AB%94%E6%B6%88%E5%8C%96%E9%81%93%E4%B8%AD%E5%AD%98%E6%B4%BB%E5%AE%9A%E6%AE%96%E7%9A%84%E7%9B%8A%E7%94%9F%E8%8F%8C%E7%A8%AE%EF%BC%8C%E5%9B%A0%E6%AD%A4%EF%BC%8C%E8%87%B3%E4%BB%8A%E7%9B%B8%E9%97%9C%E7%9A%84%E7%A7%91%E5%AD%B8%E7%A0%94%E7%A9%B6%E9%9D%9E%E5%B8%B8%E5%A4%9A%EF%BC%8C%E5%8F%AF%E4%BB%A5%E5%B9%AB%E5%8A%A9%E6%94%B9%E5%96%84%E9%81%8E%E6%95%8F%E3%80%81%E8%85%B9%E7%80%89%EF%BC%8C%E9%A0%90%E9%98%B2%E8%9B%80%E7%89%99%E3%80%81%E7%89%99%E5%91%A8%E7%97%85"
雙歧桿菌益生菌,NO_AIO_FOUND,
Saccharomyces boulardii 益生菌,NO_AIO_FOUND,
克菲爾益生菌,"克菲爾（Kefir）
是一種源自高加索地區的發酵乳製品，以其獨特的益生菌組合而聞名
。
它不僅富含多種乳酸菌和酵母菌，還含有蛋白質、脂質、多醣體和維生素等營養成分，對維持消化道機能和促進健康有益。
克菲爾益生菌的特點：
多樣的益生菌群:
克菲爾粒(Kefir grain) 中包含30多種不同的乳酸菌和酵母菌，形成共生菌群，比單一菌株發酵的產品更具多元益生菌優勢。
豐富的代謝產物:
發酵過程產生多種有益物質，如多醣體、維生素、有機酸等，這些物質有助於調整腸道菌叢，促進消化和新陳代謝。
獨特的風味:
克菲爾發酵後呈現微酸、微微酒味的獨特風味，以及豐富的營養價值，被稱為「神仙的禮物」。
多種功效:
克菲爾益生菌被認為有助於消化道健康、促進排便順暢、維持腸道菌叢平衡，甚至可能對新陳代謝和體內環保有益。
天然發酵食品:
克菲爾不像部分益生菌產品添加人工香料，是天然的發酵飲品。
如何攝取克菲爾益生菌:
克菲爾飲品:
直接飲用發酵後的克菲爾牛奶或羊奶。
克菲爾優格:
自製或購買克菲爾優格，作為日常飲食的一部分。
克菲爾膠囊或粉劑:
市面上也有克菲爾益生菌的膠囊或粉劑產品，方便補充。
注意事項:
選擇信譽良好、有品質保證的品牌。
注意產品的菌種、菌數、包埋技術等，以確保益生菌的活性和效果。
如有特殊疾病或正在服用藥物，建議諮詢醫生或專業人士的意見。
總而言之，克菲爾益生菌是一種天然、多元、且對健康有益的發酵乳製品。
通過攝取克菲爾，有機會為消化道健康和整體健康帶來正面效益。","https://kefir.link/zh-tw/
https://www.27662000.com.tw/products/dhc-seikin-kefir#:~:text=%E5%85%8B%E8%8F%B2%E7%88%BE%EF%BC%88Kefir%EF%BC%89%E6%98%AF,%E5%8F%88%E5%81%A5%E5%BA%B7%E7%9A%84%E5%A4%A9%E7%84%B6%E9%A3%9F%E5%93%81%E3%80%82
https://blog.fjb100.com/article/what-is-kefir#:~:text=%E4%B8%80%E3%80%81%E5%85%8B%E8%8F%B2%E7%88%BE%E7%9B%8A%E7%94%9F%E8%8F%8C(Kefir%20probiotic)%20%E6%98%AF%E4%BB%80%E9%BA%BC%EF%BC%9F%20%E5%85%8B%E8%8F%B2%E7%88%BE%EF%BC%88Kefir%EF%BC%89%E6%98%AF%E4%B8%80%E7%A8%AE%E6%93%81%E6%9C%89%E6%82%A0%E4%B9%85%E6%AD%B7%E5%8F%B2%E7%9A%84%E7%99%BC%E9%85%B5%E4%B9%B3%E8%A3%BD%E5%93%81%EF%BC%8C%E6%BA%90%E8%87%AA%E6%9D%B1%E6%AD%90%E5%92%8C%E9%AB%98%E5%8A%A0%E7%B4%A2%E5%9C%B0%E5%8D%80%EF%BC%8C%E9%80%99%E7%A8%AE%E9%A3%B2%E6%96%99%E6%98%AF%E9%80%9A%E9%81%8E%E7%89%9B%E5%A5%B6%E6%88%96%E7%BE%8A%E5%A5%B6%EF%BC%8C%E6%8E%A5%E7%A8%AE%E5%85%8B%E8%8F%B2%E7%88%BE%E7%B2%92%EF%BC%88Kefir%20grain%EF%BC%89%E6%89%80%E8%A3%BD%E4%BD%9C%EF%BC%8C%E5%85%8B%E8%8F%B2%E7%88%BE%E7%B2%92%E6%98%AF%E7%94%B1%E8%9B%8B%E7%99%BD%E8%B3%AA%E3%80%81%E8%84%82%E8%B3%AA%E5%92%8C%E7%B3%96%E7%B5%84%E6%88%90%E7%9A%84%E5%9F%BA%E8%B3%AA%EF%BC%8C%E5%A4%96%E8%A7%80%E5%83%8F%E5%BE%AE%E5%B0%8F%E7%9A%84%E7%88%86%E7%B1%B3%E8%8A%B1%E9%A1%86%E7%B2%92%EF%BC%8C%E5%85%A7%E5%90%AB30%E5%A4%9A%E7%A8%AE%E4%BB%A5%E4%B8%8A%E7%9A%84%E7%9B%8A%E7%94%9F%E8%8F%8C%E6%89%80%E7%B5%84%E6%88%90%E7%9A%84%E5%85%B1%E7%94%9F%E8%8F%8C%E3%80%82%20%E7%99%BC%E9%85%B5%E5%BE%8C%E7%9A%84%E5%85%8B%E8%8F%B2%E7%88%BE%EF%BC%8C%E5%90%AB%E6%9C%89%E7%8D%A8%E7%89%B9%E7%9A%84%E9%85%B8%E5%91%B3%E3%80%81%E5%BE%AE%E5%BE%AE%E7%9A%84%E9%85%92%E5%91%B3%EF%BC%8C%E9%82%84%E6%9C%89%E8%B1%90%E5%AF%8C%E7%9A%84%E7%87%9F%E9%A4%8A%E5%92%8C%E7%B6%AD%E6%8C%81%E5%81%A5%E5%BA%B7%E5%8A%9F%E8%83%BD%EF%BC%8C%E5%9B%A0%E6%AD%A4%E6%9C%89%E4%BA%86%E3%80%8C%E7%A5%9E%E4%BB%99%E7%9A%84%E7%A6%AE%E7%89%A9%E3%80%8D%E6%AD%A4%E7%BE%8E%E9%BA%97%E7%9A%84%E5%88%A5%E7%A8%B1%E3%80%82%20%E7%9B%8A%E7%94%9F%E8%8F%8C%E4%B9%8B%E7%88%B6%E2%80%94%E6%A2%85%E5%A5%91%E5%B0%BC%E7%A7%91%E5%A4%AB%EF%BC%8C%E5%9C%A81908%E5%B9%B4%E5%87%BA%E7%89%88%E7%9A%84%E3%80%8AThe,of%20life%20:%20Optimistic%20Studies%E3%80%8B%E7%9A%84%E6%9B%B8%E4%B8%AD1%E7%89%B9%E5%88%A5%E6%8F%90%E5%88%B0%EF%BC%8C%E3%80%8C%E9%AB%98%E5%8A%A0%E7%B4%A2%E5%9C%B0%E5%8D%80%E7%9A%84%E4%BA%BA%E5%80%91%EF%BC%8C%E5%9B%A0%E9%95%B7%E6%9C%9F%E4%BD%BF%E7%94%A8%E5%85%8B%E8%8F%B2%E7%88%BE%E4%B9%B3%E5%93%81%EF%BC%8C%E8%80%8C%E6%9C%89%E8%BC%83%E5%81%A5%E5%BA%B7%E7%9A%84%E4%BA%BA%E7%94%9F%E3%80%8D%E3%80%82%20%E4%B8%A6%E8%AA%8D%E7%82%BA%E5%85%8B%E8%8F%B2%E7%88%BE%E7%9B%8A%E7%94%9F%E8%8F%8C%E6%98%AF%E6%9C%89%E7%9B%8A%E5%81%A5%E5%BA%B7%E7%9A%84%E5%BE%AE%E7%94%9F%E7%89%A9%E3%80%82%20%E9%96%B1%E8%AE%80%E6%9B%B4%E5%A4%9A%EF%BC%9A%E7%9B%8A%E7%94%9F%E8%8F%8C%E4%BB%8B%E7%B4%B9%E8%88%87%E6%AD%B7%E5%8F%B2%E5%B0%8F%E6%95%85%E4%BA%8B%EF%BC%8C%E4%B8%80%E9%96%8B%E5%A7%8B%E8%A2%AB%E7%95%B6%E6%88%90%E6%9C%89%E5%AE%B3%E7%B4%B0%E8%8F%8C%EF%BC%9F
https://kefir.link/zh-tw/%E7%94%A2%E5%93%81/kefir-grains/#:~:text=%E5%85%8B%E8%8F%B2%E7%88%BE%E7%9B%8A%E7%94%9F%E8%8F%8C%E5%8A%9F%E6%95%88%E8%88%87%E6%BA%90%E8%B5%B7%20*%20%E5%8A%9F%E6%95%88%EF%BC%9A%E5%85%8B%E8%8F%B2%E7%88%BE%E5%84%AA%E6%A0%BC%20%E5%AF%8C%E5%90%AB%E5%A4%9A%E7%A8%AE%E7%9B%8A%E7%94%9F%E8%8F%8C%E8%88%87%E9%85%B5%E6%AF%8D%E8%8F%8C%E3%80%81%E8%9B%8B%E7%99%BD%E8%B3%AA%E3%80%81%E9%88%A3%E8%B3%AA%EF%BC%8C%E4%B8%94%E5%90%AB%E7%B3%96%E9%87%8F%E4%BD%8E%EF%BC%8C%E6%98%AF%E6%AD%90%E6%B4%B2%E4%BA%BA%E6%97%A5%E5%B8%B8%E9%A3%B2%E9%A3%9F%E7%9A%84%E7%B5%95%E4%BD%B3%E9%81%B8%E6%93%87%E3%80%82%20%E7%9B%8A%E8%99%95%20%E5%8C%85%E5%90%AB%E5%B9%AB%E5%8A%A9%E6%B6%88%E5%8C%96%E3%80%81%E4%BD%BF%E6%8E%92%E4%BE%BF%E9%A0%86%E6%9A%A2%E8%88%87%E4%BF%83%E9%80%B2%E6%96%B0%E9%99%B3%E4%BB%A3%E8%AC%9D%E7%AD%89%E7%AD%89%EF%BC%8C%E7%9B%8A%E7%94%9F%E8%8F%8C%E5%90%AB%E9%87%8F%E6%9B%B4%E6%98%AF%E8%B6%85%E5%87%BA%E5%85%A8%E8%81%AF%E5%A4%9A%E6%95%B8%E5%84%AA%E6%A0%BC%EF%BC%8C%E5%8F%88%E7%A8%B1%E5%96%9D%E7%9A%84%E7%9B%8A%E7%94%9F%E8%8F%8C%E3%80%82%20*%20%E6%BA%90%E8%B5%B7%EF%BC%9A%E5%85%8B%E8%8F%B2%E7%88%BE%E8%8F%8C%E4%BE%86%E8%87%AA2000%E5%B9%B4%E5%89%8D%E6%AD%90%E6%B4%B2%E9%AB%98%E5%8A%A0%E7%B4%A2%E5%B1%B1%20%EF%BC%8C%E5%85%8B%E8%8F%B2%E7%88%BE%E5%84%AA%E6%A0%BC%E7%94%B1100%25%E7%B4%94%E9%AE%AE%E5%A5%B6%E5%8A%A0%E4%B8%8A%E5%85%8B%E8%8F%B2%E7%88%BE%E8%8F%8C%E8%A3%BD%E6%88%90%EF%BC%8C%E7%B6%93%E7%94%B1%20%E6%AD%90%E6%B4%B2%E4%B8%BB%E5%BB%9A%E7%B2%BE%E5%BF%83%E6%93%8D%E5%88%80%EF%BC%8C%E5%B0%87%E5%82%B3%E7%B5%B1%E8%88%87%E7%8F%BE%E4%BB%A3%E5%AE%8C%E7%BE%8E%E8%9E%8D%E5%90%88%EF%BC%8C%E5%91%88%E7%8F%BE%E5%87%BA%E5%B1%A4%E6%AC%A1%E8%B1%90%E5%AF%8C%E3%80%81%E5%BE%AE%E9%85%B8%E4%B8%AD%E5%B8%B6%E6%9F%94%E9%A0%86%E6%B0%A3%E6%B3%A1%E7%9A%84%E6%A5%B5%E8%87%B4%E5%8F%A3%E6%84%9F%E3%80%82
https://m.notorious-2019.com/goods_cont?pid=241106001#:~:text=Notorious%20Select%20%E5%85%8B%E8%8F%B2%E7%88%BE%E7%9B%8A%E7%94%9F%E8%8F%8C%E9%81%B8%E7%94%A8%E5%8F%B0%E7%81%A3%E7%9B%8A%E7%94%9F%E8%8F%8C%E5%A4%A7%E5%BB%A0%E7%94%9F%E5%90%88%E7%94%9F%E7%89%A9%E6%89%80%E8%A3%BD%E9%80%A0%E4%B9%8B%E9%AB%98%E5%93%81%E8%B3%AA%E7%9B%8A%E7%94%9F%E8%8F%8C%EF%BC%8C%E9%AB%98%E5%96%AE%E4%BD%8D%E6%B4%BB%E8%8F%8C%E6%B7%BB%E5%8A%A0%EF%BC%8C%E5%A4%A9%E7%84%B6%E5%85%8B%E8%8F%B2%E7%88%BE%E9%A2%A8%E5%91%B3%EF%BC%8C%E4%B8%8D%E6%B7%BB%E5%8A%A0%E4%BA%BA%E5%B7%A5%E9%A6%99%E6%96%99%EF%BC%8C%E7%B2%BE%E9%81%B87%E7%9B%8A%E8%8F%8C%EF%BC%8C%E6%8E%A1%E7%94%A8%E5%B0%88%E5%88%A9%E5%8C%85%E5%9F%8B%E6%8A%80%E8%A1%93(MatriCoat)%20%E7%A9%A9%E5%AE%9A%E8%8F%8C%E7%A8%AE%EF%BC%8C%E9%80%9A%E9%81%8E%E5%90%84%E9%A0%85%E5%9A%B4%E6%A0%BC%E6%AA%A2%E9%A9%97%EF%BC%8C%E5%A0%85%E6%8C%81%E6%8F%90%E4%BE%9B%E6%82%A8%E5%84%AA%E8%B3%AA%E7%9A%84%E7%87%9F%E9%A4%8A%E5%93%81%E9%81%B8%E6%93%87%E3%80%82
https://npower.heho.com.tw/archives/299957#:~:text=%E5%85%8B%E8%8F%B2%E7%88%BE%E6%98%AF%E4%BB%80%E9%BA%BC%EF%BC%9F%20%E5%85%8B%E8%8F%B2%E7%88%BE%E6%98%AF%E5%85%8B%E8%8F%B2%E7%88%BE%E7%B2%92(Kefir%20grain)%20%E7%99%BC%E9%85%B5%E7%89%9B%E5%A5%B6%E7%9A%84%E7%94%A2%E7%89%A9%EF%BC%8C%E8%80%8C%E5%85%8B%E8%8F%B2%E7%88%BE%E7%B2%92%E4%B8%BB%E8%A6%81%E6%98%AF%E7%94%B1%E5%90%AB%E6%9C%89%E8%A8%B1%E5%A4%9A%E4%B8%8D%E5%90%8C%E7%9A%84%E4%B9%B3%E9%85%B8%E8%8F%8C%E5%8F%8A%E9%85%B5%E6%AF%8D%E8%8F%8C%E8%8F%8C%E6%A0%AA%E5%9B%BA%E5%AE%9A%E5%9C%A8%E5%A4%9A%E7%B3%96%E5%92%8C%E8%9B%8B%E7%99%BD%E8%B3%AA%E5%9F%BA%E8%B3%AA%E4%B8%8A%E6%89%80%E7%B5%84%E6%88%90%EF%BC%8C%E5%92%8C%E4%B8%80%E8%88%AC%E7%94%B1%E5%96%AE%E6%A0%AA%E6%88%96%E5%B0%91%E6%95%B8%E8%8F%8C%E6%A0%AA%E7%99%BC%E9%85%B5%E7%9A%84%E9%A3%9F%E7%89%A9%E4%B8%8D%E5%90%8C%EF%BC%8C%E5%A4%9A%E5%85%83%E7%9A%84%E7%9B%8A%E7%94%9F%E8%8F%8C%E7%B5%84%E5%90%88%E7%99%BC%E9%85%B5%E4%B9%B3%E8%A3%BD%E5%93%81%E6%9C%83%E7%94%A2%E7%94%9F%E5%A4%9A%E9%86%A3%E9%AB%94%E3%80%81%E7%B6%AD%E7%94%9F%E7%B4%A0%E3%80%81%E6%B0%A8%E5%9F%BA%E9%85%B8%E3%80%81%E6%9C%89%E6%A9%9F%E9%85%B8%E7%AD%89%E8%B1%90%E5%AF%8C%E7%9A%84%E4%BB%A3%E8%AC%9D%E7%94%A2%E7%89%A9%EF%BC%8C%E5%8F%AF%E4%BB%A5%E5%B9%AB%E5%8A%A9%E8%85%B8%E9%81%93%E8%AA%BF%E6%95%B4%E9%AB%94%E8%B3%AA%E3%80%82
https://notorious-2019.com/goods_cont?pid=190101027#:~:text=Notorious%20Select%20%E5%85%8B%E8%8F%B2%E7%88%BE%E7%9B%8A%E7%94%9F%E8%8F%8C%E9%81%B8%E7%94%A8%E5%8F%B0%E7%81%A3%E7%9B%8A%E7%94%9F%E8%8F%8C%E5%A4%A7%E5%BB%A0%E7%94%9F%E5%90%88%E7%94%9F%E7%89%A9%E6%89%80%E8%A3%BD%E9%80%A0%E4%B9%8B%E9%AB%98%E5%93%81%E8%B3%AA%E7%9B%8A%E7%94%9F%E8%8F%8C%EF%BC%8C%E9%AB%98%E5%96%AE%E4%BD%8D%E6%B4%BB%E8%8F%8C%E6%B7%BB%E5%8A%A0%EF%BC%8C%E5%A4%A9%E7%84%B6%E5%85%8B%E8%8F%B2%E7%88%BE%E9%A2%A8%E5%91%B3%EF%BC%8C%E4%B8%8D%E6%B7%BB%E5%8A%A0%E4%BA%BA%E5%B7%A5%E9%A6%99%E6%96%99%EF%BC%8C%E7%B2%BE%E9%81%B87%E7%9B%8A%E8%8F%8C%EF%BC%8C%E6%8E%A1%E7%94%A8%E5%B0%88%E5%88%A9%E5%8C%85%E5%9F%8B%E6%8A%80%E8%A1%93(MatriCoat)%20%E7%A9%A9%E5%AE%9A%E8%8F%8C%E7%A8%AE%EF%BC%8C%E9%80%9A%E9%81%8E%E5%90%84%E9%A0%85%E5%9A%B4%E6%A0%BC%E6%AA%A2%E9%A9%97%EF%BC%8C%E5%A0%85%E6%8C%81%E6%8F%90%E4%BE%9B%E6%82%A8%E5%84%AA%E8%B3%AA%E7%9A%84%E7%87%9F%E9%A4%8A%E5%93%81%E9%81%B8%E6%93%87%E3%80%82
https://fancy.qdm.tw/GoldKefir60#:~:text=%E9%BB%83%E9%87%91%E5%85%8B%E8%8F%B2%E7%88%BE%E7%9B%8A%E7%94%9F%E8%8F%8C(60%E9%A1%86)%20%E5%96%AE%E7%93%B6%E5%85%A5%20*%20%E5%8D%81%E5%A4%A7%E6%B4%BB%E8%8F%8C%E7%9A%84%E9%BB%83%E9%87%91%E9%A0%86%E6%9A%A2%E9%85%8D%E6%96%B9%20*%20100%25%E7%B4%94%E5%85%8B%E8%8F%B2%E7%88%BE%E8%8F%8C%EF%BC%8C%E4%B8%8D%E6%B7%BB%E5%8A%A0%E7%B7%A9%E7%80%89%E6%88%90%E5%88%86%20*%20%E6%AF%8F%E9%A1%86%E9%AB%98%E9%81%94%22500%E5%84%84%22%E6%B4%BB%E8%8F%8C%E6%95%B8%20*%20%E8%B6%85%E9%98%B2%E8%AD%B7%E4%B8%89%E5%B1%A4%E8%80%90%E8%83%83%E9%85%B8%E5%8C%85%E5%9F%8B%E5%B0%88%E5%88%A9%20*%20%E6%8E%92%E4%BE%BF%E9%A0%86%E6%9A%A2%E3%80%81%E5%B9%AB%E5%8A%A9%E6%B6%88%E5%8C%96%E3%80%81%E8%AA%BF%E6%95%B4%E9%AB%94%E8%B3%AA%20*%20%E7%B6%AD%E6%8C%81%E9%AB%94%E5%85%A7%E8%89%AF%E5%A5%BD%E8%8F%8C%E5%8F%A2%E7%92%B0%E5%A2%83
https://kefir.link/zh-tw/
https://www.27662000.com.tw/products/dhc-seikin-kefir#:~:text=%E5%85%8B%E8%8F%B2%E7%88%BE%EF%BC%88Kefir%EF%BC%89%E6%98%AF,%E5%8F%88%E5%81%A5%E5%BA%B7%E7%9A%84%E5%A4%A9%E7%84%B6%E9%A3%9F%E5%93%81%E3%80%82
https://blog.fjb100.com/article/what-is-kefir#:~:text=%E4%B8%80%E3%80%81%E5%85%8B%E8%8F%B2%E7%88%BE%E7%9B%8A%E7%94%9F%E8%8F%8C(Kefir%20probiotic)%20%E6%98%AF%E4%BB%80%E9%BA%BC%EF%BC%9F%20%E5%85%8B%E8%8F%B2%E7%88%BE%EF%BC%88Kefir%EF%BC%89%E6%98%AF%E4%B8%80%E7%A8%AE%E6%93%81%E6%9C%89%E6%82%A0%E4%B9%85%E6%AD%B7%E5%8F%B2%E7%9A%84%E7%99%BC%E9%85%B5%E4%B9%B3%E8%A3%BD%E5%93%81%EF%BC%8C%E6%BA%90%E8%87%AA%E6%9D%B1%E6%AD%90%E5%92%8C%E9%AB%98%E5%8A%A0%E7%B4%A2%E5%9C%B0%E5%8D%80%EF%BC%8C%E9%80%99%E7%A8%AE%E9%A3%B2%E6%96%99%E6%98%AF%E9%80%9A%E9%81%8E%E7%89%9B%E5%A5%B6%E6%88%96%E7%BE%8A%E5%A5%B6%EF%BC%8C%E6%8E%A5%E7%A8%AE%E5%85%8B%E8%8F%B2%E7%88%BE%E7%B2%92%EF%BC%88Kefir%20grain%EF%BC%89%E6%89%80%E8%A3%BD%E4%BD%9C%EF%BC%8C%E5%85%8B%E8%8F%B2%E7%88%BE%E7%B2%92%E6%98%AF%E7%94%B1%E8%9B%8B%E7%99%BD%E8%B3%AA%E3%80%81%E8%84%82%E8%B3%AA%E5%92%8C%E7%B3%96%E7%B5%84%E6%88%90%E7%9A%84%E5%9F%BA%E8%B3%AA%EF%BC%8C%E5%A4%96%E8%A7%80%E5%83%8F%E5%BE%AE%E5%B0%8F%E7%9A%84%E7%88%86%E7%B1%B3%E8%8A%B1%E9%A1%86%E7%B2%92%EF%BC%8C%E5%85%A7%E5%90%AB30%E5%A4%9A%E7%A8%AE%E4%BB%A5%E4%B8%8A%E7%9A%84%E7%9B%8A%E7%94%9F%E8%8F%8C%E6%89%80%E7%B5%84%E6%88%90%E7%9A%84%E5%85%B1%E7%94%9F%E8%8F%8C%E3%80%82%20%E7%99%BC%E9%85%B5%E5%BE%8C%E7%9A%84%E5%85%8B%E8%8F%B2%E7%88%BE%EF%BC%8C%E5%90%AB%E6%9C%89%E7%8D%A8%E7%89%B9%E7%9A%84%E9%85%B8%E5%91%B3%E3%80%81%E5%BE%AE%E5%BE%AE%E7%9A%84%E9%85%92%E5%91%B3%EF%BC%8C%E9%82%84%E6%9C%89%E8%B1%90%E5%AF%8C%E7%9A%84%E7%87%9F%E9%A4%8A%E5%92%8C%E7%B6%AD%E6%8C%81%E5%81%A5%E5%BA%B7%E5%8A%9F%E8%83%BD%EF%BC%8C%E5%9B%A0%E6%AD%A4%E6%9C%89%E4%BA%86%E3%80%8C%E7%A5%9E%E4%BB%99%E7%9A%84%E7%A6%AE%E7%89%A9%E3%80%8D%E6%AD%A4%E7%BE%8E%E9%BA%97%E7%9A%84%E5%88%A5%E7%A8%B1%E3%80%82%20%E7%9B%8A%E7%94%9F%E8%8F%8C%E4%B9%8B%E7%88%B6%E2%80%94%E6%A2%85%E5%A5%91%E5%B0%BC%E7%A7%91%E5%A4%AB%EF%BC%8C%E5%9C%A81908%E5%B9%B4%E5%87%BA%E7%89%88%E7%9A%84%E3%80%8AThe,of%20life%20:%20Optimistic%20Studies%E3%80%8B%E7%9A%84%E6%9B%B8%E4%B8%AD1%E7%89%B9%E5%88%A5%E6%8F%90%E5%88%B0%EF%BC%8C%E3%80%8C%E9%AB%98%E5%8A%A0%E7%B4%A2%E5%9C%B0%E5%8D%80%E7%9A%84%E4%BA%BA%E5%80%91%EF%BC%8C%E5%9B%A0%E9%95%B7%E6%9C%9F%E4%BD%BF%E7%94%A8%E5%85%8B%E8%8F%B2%E7%88%BE%E4%B9%B3%E5%93%81%EF%BC%8C%E8%80%8C%E6%9C%89%E8%BC%83%E5%81%A5%E5%BA%B7%E7%9A%84%E4%BA%BA%E7%94%9F%E3%80%8D%E3%80%82%20%E4%B8%A6%E8%AA%8D%E7%82%BA%E5%85%8B%E8%8F%B2%E7%88%BE%E7%9B%8A%E7%94%9F%E8%8F%8C%E6%98%AF%E6%9C%89%E7%9B%8A%E5%81%A5%E5%BA%B7%E7%9A%84%E5%BE%AE%E7%94%9F%E7%89%A9%E3%80%82%20%E9%96%B1%E8%AE%80%E6%9B%B4%E5%A4%9A%EF%BC%9A%E7%9B%8A%E7%94%9F%E8%8F%8C%E4%BB%8B%E7%B4%B9%E8%88%87%E6%AD%B7%E5%8F%B2%E5%B0%8F%E6%95%85%E4%BA%8B%EF%BC%8C%E4%B8%80%E9%96%8B%E5%A7%8B%E8%A2%AB%E7%95%B6%E6%88%90%E6%9C%89%E5%AE%B3%E7%B4%B0%E8%8F%8C%EF%BC%9F"
精神益生菌 (Psychobiotics),NO_AIO_FOUND,
益生菌+益生元 (Synbiotic),"「合生元」（Synbiotics）是指一種結合了益生菌和益生元的產品，其核心理念是透過益生菌（活的益生菌）和益生元（益生菌的食物）的協同作用，來達到促進腸道健康和整體健康的目標，可謂「1+1>2」的效果。
益生菌（Probiotics）：
是活的、對人體有益的微生物，能直接補充腸道內的益生菌，幫助維持腸道菌叢的平衡。
常見的例子包括乳酸桿菌和雙歧桿菌等，可以從優格、克菲爾、泡菜等天然食物中攝取，或透過市售的營養補充品補充。
益生元（Prebiotics）：
又稱益生質或益菌生，是指益生菌的「食物」和「營養來源」，為益生菌提供生長所需的能量，幫助其在腸道中生長和繁殖。
常見的益生元有果寡糖、半乳寡糖、膳食纖維等。
益生菌+益生元（合生元）的益處：
協同作用，強化腸道健康
：
益生元為益生菌提供養分，讓益生菌能更有效地在腸道內發揮作用，調節腸道菌叢生態。
支持免疫功能
：
健康的腸道菌群與免疫系統密切相關，合生元有助於支持免疫系統的平衡和功能。
促進消化吸收
：
良好的腸道環境有助於消化吸收，合生元可以幫助改善消化問題。
可能影響其他方面
：
一些研究也指出，合生元可能與大腦健康和整體健康有關。
後生元（Postbiotics）：
是指益生菌在腸道中代謝益生元後產生的物質，或是益生菌的菌體成分。
後生元也對健康有益，並且不含活菌，是一種安全穩定的「代謝物補充」方式。
總結：
合生元作為益生菌和益生元的組合，提供了一個更全面的腸道健康解決方案，透過補充益生菌並同時提供益生元作為其食物來源，來達到強化腸道功能和維持整體健康的目標。","https://shop.vitabox.com.tw/pages/prebiotics
https://shop.dragonpharm.com.tw/blogs/%E7%9B%8A%E7%94%9F%E8%8F%8C%E5%B0%8F%E5%AD%B8%E5%A0%82/138067
https://www.nature-power.tw/article-detail.php?i=136#:~:text=%E5%9C%A8%E5%B0%8D%E6%8A%97%E5%90%84%E7%A8%AE%E7%97%85%E5%8E%9F%E6%99%82%2C%E5%85%8D%E7%96%AB%E7%B3%BB%E7%B5%B1%E6%98%AF%E9%87%8D%E8%A6%81%E7%9A%84%E4%BA%BA%E9%AB%94%E9%98%B2%E7%B7%9A%E3%80%82%20%E8%85%B8%E9%81%93%E5%9C%A8%E5%85%8D%E7%96%AB%E5%8A%9F%E8%83%BD%E6%89%AE%E6%BC%94%E9%87%8D%E8%A6%81%E8%A7%92%E8%89%B2%2C%20%E6%A0%B9%E6%93%9A%E7%A0%94%E7%A9%B6%EF%BC%8C%E6%88%91%E5%80%91%E7%9A%84%E8%85%B8%E9%81%93%E4%B8%AD%E7%B4%84%E6%9C%8935%2C000%E7%A8%AE%E8%85%B8%E5%85%A7%E8%8F%8C%E7%A8%AE%E3%80%82%20%E8%88%87%E4%BA%BA%E9%AB%94%E5%85%B1%E7%94%9F%E7%9A%84%E8%85%B8%E5%85%A7%E8%8F%8C%E5%8F%A2%E5%8F%AF%E4%BB%A5%E7%99%BC%E6%8F%AE%E8%A8%B1%E5%A4%9A%E4%BD%9C%E7%94%A8%EF%BC%8C%E5%8C%85%E6%8B%AC%E7%87%9F%E9%A4%8A%E4%BB%A3%E8%AC%9D%E3%80%81%E5%85%8D%E7%96%AB%E8%AA%BF%E7%AF%80%E3%80%81%E5%8D%94%E5%8A%A9%E6%8A%B5%E6%8A%97%E7%97%85%E5%8E%9F%E5%85%A5%E4%BE%B5%E3%80%82%20%E6%9C%80%E6%96%B0%E8%87%A8%E5%BA%8A%E7%A0%94%E7%A9%B6%E8%AD%89%E5%AF%A6:%20%E8%A3%9C%E5%85%85%E7%9B%8A%E7%94%9F%E8%8F%8CBifidobacterium%20lactis%20HN019%E5%92%8CLactobacillus%20rhamnosus%20HN001%2C%20%E5%90%8C%E6%99%82%E5%8A%A0%E5%85%A5%E6%9E%9C%E5%AF%A1%E7%B3%96(FOS)%E6%9C%89%E5%8A%A9%E6%96%BC%E6%94%AF%E6%8C%81%E8%83%83%E8%85%B8%E5%8A%9F%E8%83%BD%E3%80%81%E5%85%8D%E7%96%AB%E5%81%A5%E5%BA%B7%E5%92%8C%E9%99%8D%E4%BD%8EC%2D%E5%8F%8D%E6%87%89%E8%9B%8B%E7%99%BD(CRP)%E8%88%87%CE%B3%20%E5%B9%B2%E6%93%BE%E7%B4%A0(IFN%2D%CE%B3)%2C%E5%B0%8D%E6%96%BC%E5%B9%B3%E8%A1%A1%E5%85%8D%E7%96%AB%E7%B3%BB%E7%B5%B1%E6%9B%B4%E6%9C%89%E5%B9%AB%E5%8A%A9%E3%80%82%20%E7%87%9F%E9%A4%8A%E5%B8%AB%E6%8F%90%E9%86%92%E5%A4%A7%E5%AE%B6:%E9%81%B8%E8%B3%BC%E7%9B%8A%E7%94%9F%E8%8F%8C%E6%99%82%2C%E6%8C%91%E9%81%B8%E5%85%B7%E6%9C%89%E5%B0%88%E5%88%A9%E8%88%87%E8%87%A8%E5%BA%8A%E7%A0%94%E7%A9%B6%E7%9A%84%E8%8F%8C%E6%A0%AA%2C%E7%A2%BA%E4%BF%9D%E7%9B%8A%E7%94%9F%E8%8F%8C%E5%AE%9A%E6%A4%8D%E6%96%BC%E8%85%B8%E9%81%93%2C%20%E5%81%A5%E5%BA%B7%E5%AE%88%E8%AD%B7%E6%9B%B4%E5%88%B0%E4%BD%8D%E3%80%82
https://www.amazon.com/-/zh_TW/Synbiotic-Pro-%E6%88%91%E5%80%91%E6%9C%80%E5%A5%BD%E7%9A%84%E6%AF%8F%E6%97%A5%E7%9B%8A%E7%94%9F%E8%8F%8C%E5%92%8C%E7%9B%8A%E7%94%9F%E5%85%83-Synbiotics-%E7%9B%8A%E7%94%9F%E5%85%83%E5%92%8C%E5%85%8D%E7%96%AB%E6%94%AF%E6%8C%81%E7%B6%AD%E7%94%9F%E7%B4%A0/dp/B0CKKQDK54#:~:text=%E7%B6%9C%E5%90%88%E7%9B%8A%E7%94%9F%E8%8F%8C%E7%9B%8A%E7%94%9F%E5%85%83%E8%A3%9C%E5%85%85%E5%8A%91%2C%E9%81%A9%E7%94%A8%E6%96%BC%E8%85%B8%E9%81%93%E5%81%A5%E5%BA%B7%E3%80%81%E5%85%8D%E7%96%AB%E6%94%AF%E6%8C%81%E3%80%81%E5%A4%A7%E8%85%A6%E5%81%A5%E5%BA%B7%E5%92%8C%E6%95%B4%E9%AB%94%E5%81%A5%E5%BA%B7%20*%20%E5%85%A8%E9%9D%A2%E7%9A%84%E8%85%B8%E9%81%93%E5%81%A5%E5%BA%B7%E6%94%AF%E6%8F%B4:Synbiotic%20Pro%20%E7%82%BA%E5%A5%B3%E6%80%A7%E5%92%8C%E7%94%B7%E6%80%A7%E6%8F%90%E4%BE%9B%E7%B2%BE%E5%BF%83%E9%85%8D%E8%A3%BD%E7%9A%84%E7%9B%8A%E7%94%9F%E5%85%83%E5%92%8C%E7%9B%8A%E7%94%9F%E8%8F%8C%E6%B7%B7%E5%90%88%E7%89%A9%2C%E4%BF%83%E9%80%B2%E5%9D%87%E8%A1%A1%E7%9A%84%E8%85%B8%E9%81%93%E5%BE%AE%E7%94%9F%E7%89%A9%E7%BE%A4%E4%B8%A6%E6%94%AF%E6%8C%81%E5%A2%9E%E5%BC%B7%E6%B6%88%E5%8C%96%E5%81%A5%E5%BA%B7%E3%80%82%20*%20%E6%95%B4%E9%AB%94%E5%81%A5%E5%BA%B7%E6%96%B9%E6%B3%95:%E6%88%91%E5%80%91%E7%9A%84%E6%97%A5%E5%B8%B8%E7%B6%9C%E5%90%88%E7%94%9F%E7%B4%A0%E5%8A%A0%E8%A3%9C%E5%85%85%E5%8A%91%E5%B0%87%E7%9B%8A%E7%94%9F%E5%85%83%E5%92%8C%E7%9B%8A%E7%94%9F%E8%8F%8C%E7%9A%84%E5%8A%9B%E9%87%8F%E8%88%87%E9%A1%8D%E5%A4%96%E7%9A%84%E5%85%8D%E7%96%AB%E6%94%AF%E6%8C%81%E7%B6%AD%E7%94%9F%E7%B4%A0%E7%9B%B8%E7%B5%90%E5%90%88%2C%E7%82%BA%E6%95%B4%E9%AB%94%E5%81%A5%E5%BA%B7%E6%8F%90%E4%BE%9B%E5%85%A8%E9%9D%A2%E7%9A%84%E6%96%B9%E6%B3%95%E3%80%82,%E9%80%9A%E9%81%8E%E5%8A%A0%E5%85%A5%E6%88%91%E5%80%91%E7%94%B7%E5%A5%B3%E6%97%A5%E5%B8%B8%E7%9A%84%E7%9B%8A%E7%94%9F%E8%8F%8C%2C%E6%82%A8%E5%8F%AF%E4%BB%A5%E8%87%AA%E7%84%B6%E5%9C%B0%E6%94%AF%E6%8C%81%E6%82%A8%E7%9A%84%E5%A4%A7%E8%85%A6%E5%81%A5%E5%BA%B7%E3%80%82%20%E2%80%8B%20*%20%E7%BE%8E%E5%9C%8B%E8%A3%BD%E9%80%A0:Synbiotic%20Pro%20%E5%9C%A8GMP%20%E8%AA%8D%E8%AD%89%E5%B7%A5%E5%BB%A0%E8%A3%BD%E9%80%A0%2C%E4%B8%A6%E7%82%BA%E5%A5%B3%E6%80%A7%E5%92%8C%E7%94%B7%E6%80%A7%E6%8F%90%E4%BE%9B%E5%84%AA%E8%B3%AA%E7%9B%8A%E7%94%9F%E8%8F%8C%E9%85%8D%E6%96%B9%E3%80%82
https://www.mygrshop.com.tw/zh-TW/blogs/nutrient_info/191723#:~:text=%E5%9B%A0%E6%AD%A4%EF%BC%8C%E7%9C%9F%E6%AD%A3%E5%AE%8C%E5%96%84%E7%9A%84%E8%85%B8%E9%81%93%E7%94%9F%E6%85%8B%E7%B3%BB%EF%BC%8C%E6%87%89%E7%94%B1%E7%9B%8A%E7%94%9F%E8%8F%8C%E3%80%81%E7%9B%8A%E7%94%9F%E5%85%83%E8%88%87%E5%BE%8C%E7%94%9F%E5%85%83%E4%B8%89%E8%80%85%E5%85%B1%E5%90%8C%E7%B5%84%E6%88%90%EF%BC%9A%20%E7%94%9F%E6%85%8B%E7%B3%BB%E7%9B%8A%E7%94%9F%E8%8F%8C1%EF%BC%9A%E7%9B%8A%E7%94%9F%E8%8F%8C%E6%8F%90%E4%BE%9B%E6%B4%BB%E8%8F%8C%E7%9B%B4%E6%8E%A5%E8%A3%9C%E5%85%85%EF%BC%9B%20%E7%94%9F%E6%85%8B%E7%B3%BB%E7%9B%8A%E7%94%9F%E8%8F%8C2%EF%BC%9A%E7%9B%8A%E7%94%9F%E5%85%83%E7%82%BA%E5%A5%BD%E8%8F%8C%E6%8F%90%E4%BE%9B%E8%83%BD%E9%87%8F%E8%88%87%E7%94%9F%E5%AD%98%E5%84%AA%E5%8B%A2%EF%BC%9B%20%E7%94%9F%E6%85%8B%E7%B3%BB%E7%9B%8A%E7%94%9F%E8%8F%8C3%EF%BC%9A%E5%BE%8C%E7%94%9F%E5%85%83%E5%89%87%E4%BD%9C%E7%82%BA%E5%AE%89%E5%85%A8%E7%A9%A9%E5%AE%9A%E7%9A%84%E3%80%8C%E4%BB%A3%E8%AC%9D%E7%89%A9%E8%A3%9C%E5%85%85%E3%80%8D%EF%BC%8C%E5%8D%B3%E4%BE%BF%E4%B8%8D%E4%BE%9D%E8%B3%B4%E6%B4%BB%E8%8F%8C%EF%BC%8C%E4%B9%9F%E8%83%BD%E5%8D%B3%E6%99%82%E7%99%BC%E6%8F%AE%E4%BF%9D%E5%81%A5%E5%8A%9F%E6%95%88%E3%80%82%20%E9%80%99%E6%A8%A3%E7%9A%84%E4%B8%89%E5%90%88%E4%B8%80%E7%AD%96%E7%95%A5%EF%BC%8C%E6%9B%B4%E6%8E%A5%E8%BF%91%E8%87%AA%E7%84%B6%E7%9A%84%E8%85%B8%E9%81%93%E5%BE%AE%E7%94%9F%E6%85%8B%E9%81%8B%E4%BD%9C%E6%A8%A1%E5%BC%8F%EF%BC%8C%E5%BC%B7%E5%8C%96%E8%8F%8C%E7%BE%A4%E7%A9%A9%E5%AE%9A%E6%80%A7%EF%BC%8C%E6%89%93%E9%80%A0%E3%80%8C%E7%94%9F%E6%85%8B%E7%B3%BB%E7%B4%9A%E7%9B%8A%E7%94%9F%E8%8F%8C%E7%AE%A1%E7%90%86%E3%80%8D%E6%96%B0%E8%B6%A8%E5%8B%A2%E3%80%82
https://www.dragonpharm.com.tw/health/info.asp?/15.html#:~:text=%E2%96%A0%E5%BE%8C%E7%94%9F%E5%85%83(Postbiotics)%20%E5%8C%85%E6%8B%AC%E7%9B%8A%E7%94%9F%E8%8F%8C%E5%92%8C%E5%9C%A8%E8%85%B8%E8%83%83%E9%81%93%E4%B8%AD%E4%BB%A3%E8%AC%9D%E7%9B%8A%E7%94%9F%E5%85%83%E5%BE%8C%E6%89%80%E7%94%A2%E7%94%9F%E7%9A%84%E7%89%A9%E8%B3%AA%EF%BC%8C%E5%8F%AF%E7%82%BA%E5%81%A5%E5%BA%B7%E7%94%A2%E7%94%9F%E6%AD%A3%E5%90%91%E7%9A%84%E5%BD%B1%E9%9F%BF%EF%BC%8C%E4%B8%94%E5%BE%8C%E7%94%9F%E5%85%83%E4%B8%8D%E5%90%AB%E6%9C%89%E6%B4%BB%E7%9A%84%E7%9B%8A%E7%94%9F%E8%8F%8C%E3%80%82%20%E5%BE%8C%E7%94%9F%E5%85%83%E5%8C%85%E5%90%AB%E8%A8%B1%E5%A4%9A%E4%B8%8D%E5%90%8C%E7%89%A9%E8%B3%AA%EF%BC%8C%E9%80%99%E4%BA%9B%E4%B8%8D%E5%90%8C%E7%9A%84%E7%89%A9%E8%B3%AA%E5%B0%8D%E8%85%B8%E9%81%93%E5%B1%8F%E9%9A%9C%E5%8A%9F%E8%83%BD%E5%85%B7%E6%9C%89%E8%88%87%E6%B4%BB%E7%9A%84%E7%9B%8A%E7%94%9F%E8%8F%8C%E7%9B%B8%E4%BC%BC%E7%9A%84%E4%BF%9D%E8%AD%B7%E4%BD%9C%E7%94%A8%E3%80%82%20%E7%9B%8A%E7%94%9F%E8%B3%AA%E9%80%8F%E9%81%8E%E6%8F%90%E4%BE%9B%E5%A5%BD%E8%8F%8C%E7%87%9F%E9%A4%8A%EF%BC%8C%E7%B6%AD%E6%8C%81%E8%85%B8%E9%81%93%E4%B8%AD%E5%A5%BD%E8%8F%8C%E7%9A%84%E7%94%9F%E9%95%B7%EF%BC%8C%E5%A5%BD%E8%8F%8C%E5%89%87%E6%9C%83%E5%88%A9%E7%94%A8%E9%80%99%E4%BA%9B%E7%9B%8A%E7%94%9F%E8%B3%AA%E7%94%A2%E7%94%9F%E6%9C%89%E6%A9%9F%E9%85%B8%EF%BC%8C%E4%BD%BF%E8%85%B8%E9%81%93%E7%92%B0%E5%A2%83%E6%9B%B4%E6%9C%89%E5%88%A9%E5%A5%BD%E8%8F%8C%E7%94%9F%E5%AD%98%E3%80%82%20%E9%81%B8%E6%93%87%E7%9B%8A%E7%94%9F%E8%8F%8C%E6%99%82%EF%BC%8C%E5%8F%AF%E4%BB%A5%E6%8C%91%E9%81%B8%E6%9C%89%E5%8A%A0%E7%9B%8A%E7%94%9F%E8%B3%AA%E7%9A%84%E7%94%A2%E5%93%81%EF%BC%8C%E5%8F%AF%E4%BB%A5%E6%8F%90%E5%8D%87%E7%9B%8A%E7%94%9F%E8%8F%8C%E5%B7%A5%E4%BD%9C%E8%83%BD%E9%87%8F%EF%BC%8C%E5%B0%8D%E6%96%BC%E6%B6%88%E5%8C%96%E9%81%93%E8%8F%8C%E5%8F%A2%E8%88%87%E9%AB%94%E5%8A%9B%E7%B6%AD%E8%AD%B7%E6%9B%B4%E5%8A%A0%E5%88%86%E3%80%82
https://biomedschool.com/article/postbiotics
https://www.pure-au.com/products/synbiotic-d-c-%E7%8B%97%E5%92%8C%E8%B2%93%E7%9B%8A%E7%94%9F%E8%8F%8C%E5%92%8C%E7%9B%8A%E7%94%9F%E5%85%83%E8%86%A0%E5%9B%8A-50-%E7%B2%92#:~:text=Synbiotic%20DC%EF%BC%8850%20%E7%B2%92%E8%86%A0%E5%9B%8A%EF%BC%89%E6%98%AF%E4%B8%80%E7%A8%AE%E9%81%A9%E7%94%A8%E6%96%BC%E7%8B%97%E5%92%8C%E8%B2%93%E7%9A%84%E9%AB%98%E6%BF%83%E7%B8%AE%E7%9B%8A%E7%94%9F%E8%8F%8C%E5%92%8C%E7%9B%8A%E7%94%9F%E5%85%83%E8%86%A0%E5%9B%8A%E3%80%82%20%E7%9B%8A%E7%94%9F%E8%8F%8C%E6%98%AF%E6%9C%89%E7%9B%8A%E7%B4%B0%E8%8F%8C%EF%BC%8C%E5%8F%AF%E4%BB%A5%E5%B9%AB%E5%8A%A9%E9%87%8D%E5%BB%BA%E6%AD%A3%E5%B8%B8%E7%9A%84%E5%BE%AE%E7%94%9F%E7%89%A9%E7%BE%A4%E3%80%82%20%E7%95%B6%E8%88%87%E7%9B%8A%E7%94%9F%E5%85%83%EF%BC%88%E4%B8%80%E7%A8%AE%E5%88%BA%E6%BF%80%E7%94%9F%E9%95%B7%E7%9A%84%E7%87%9F%E9%A4%8A%E4%BE%86%E6%BA%90%EF%BC%89%E4%B8%80%E8%B5%B7%E4%BD%BF%E7%94%A8%E6%99%82%EF%BC%8C%E5%AE%83%E5%80%91%E7%89%B9%E5%88%A5%E6%9C%89%E6%95%88%E3%80%82%20%E7%9B%8A%E7%94%9F%E8%8F%8C%E6%9C%89%E5%8A%A9%E6%96%BC%E7%B6%AD%E6%8C%81%E9%AB%98%E6%B0%B4%E5%B9%B3%E7%9A%84%E6%9C%89%E7%9B%8A%E7%B4%B0%E8%8F%8C%E3%80%82%20%E7%9B%8A%E7%94%9F%E5%85%83%E5%8F%AF%E9%A4%B5%E9%A4%8A%E4%B8%A6%E5%88%BA%E6%BF%80%E6%9C%89%E7%9B%8A%E7%B4%B0%E8%8F%8C%E7%9A%84%E7%94%9F%E9%95%B7%E3%80%82,4b1707%EF%BC%8C%E5%B9%AB%E5%8A%A9%E8%85%B8%E9%81%93%E9%87%8D%E6%96%B0%E5%85%85%E6%BB%BF%E6%9C%89%E7%9B%8A%E5%BE%AE%E7%94%9F%E7%89%A9%E3%80%82%20Preplex%20%E7%9B%8A%E7%94%9F%E5%85%83%EF%BC%9A%20%E4%B8%80%E7%A8%AE%E7%9B%8A%E7%94%9F%E5%85%83%EF%BC%8C%E7%94%B1%E4%BD%8E%E8%81%9A%E6%9E%9C%E7%B3%96(FOS)%20%E5%92%8C%E9%98%BF%E6%8B%89%E4%BC%AF%E6%A8%B9%E8%86%A0%EF%BC%88%E9%98%BF%E6%8B%89%E4%BC%AF%E8%86%A0%EF%BC%89%E7%B5%84%E6%88%90%EF%BC%8C%E5%8F%AF%E9%A4%B5%E9%A3%9F%E4%B8%A6%E5%88%BA%E6%BF%80%E6%9C%89%E7%9B%8A%E7%B4%B0%E8%8F%8C%E7%9A%84%E7%94%9F%E9%95%B7%E3%80%82%20%E6%AF%8F%E5%A4%A9%E5%8F%A3%E6%9C%8D%E4%B8%80%E7%B2%92%E8%86%A0%E5%9B%8A%E6%88%96%E4%BE%9D%E7%85%A7%E7%8D%B8%E9%86%AB%E7%9A%84%E5%BB%BA%E8%AD%B0%E3%80%82%20%E8%86%A0%E5%9B%8A%E5%8F%AF%E4%BB%A5%E6%95%B4%E5%80%8B%E6%9C%8D%E7%94%A8%E6%88%96%E6%89%93%E9%96%8B%E4%B8%A6%E5%B0%87%E5%85%A7%E5%AE%B9%E7%89%A9%E6%92%92%E5%9C%A8%E9%A3%9F%E7%89%A9%E4%B8%8A%E3%80%82
https://tw.iherb.com/blog/synbiotic-benefits/2121#:~:text=%E7%9B%8A%E7%94%9F%E8%8F%8C%E8%88%87%E7%9B%8A%E7%94%9F%E5%85%83%20%E6%82%A8%E5%8F%AF%E8%83%BD%E8%81%BD%E8%AA%AA%E9%81%8E%E7%9B%8A%E7%94%9F%E8%8F%8C%E5%92%8C%E7%9B%8A%E7%94%9F%E5%85%83%E9%80%99%E5%85%A9%E5%80%8B%E8%A1%93%E8%AA%9E%EF%BC%8C%E4%BD%86%E5%AE%83%E5%80%91%E7%9A%84%E7%9C%9F%E6%AD%A3%E5%90%AB%E7%BE%A9%E6%98%AF%E4%BB%80%E9%BA%BC%EF%BC%9F%20%E8%AE%93%E6%88%91%E5%80%91%E5%BE%9E%E5%9F%BA%E7%A4%8E%E9%96%8B%E5%A7%8B%EF%BC%9A%20%E7%9B%8A%E7%94%9F%E8%8F%8C%E6%98%AF%E6%B4%BB%E7%9A%84%E6%9C%89%E7%9B%8A%E7%B4%B0%E8%8F%8C%EF%BC%8C%E6%9C%89%E5%8A%A9%E6%96%BC%E7%B6%AD%E6%8C%81%E8%85%B8%E9%81%93%E8%8F%8C%E7%BE%A3%E7%9A%84%E8%87%AA%E7%84%B6%E5%B9%B3%E8%A1%A1%E3%80%82%20%E5%AE%83%E5%80%91%E5%9C%A8%E5%B9%AB%E5%8A%A9%E6%B6%88%E5%8C%96%E3%80%81%E7%87%9F%E9%A4%8A%E5%90%B8%E6%94%B6%E5%92%8C%E5%85%8D%E7%96%AB%E5%8A%9F%E8%83%BD%E6%96%B9%E9%9D%A2%E7%99%BC%E6%8F%AE%E7%9D%80%E9%97%9C%E9%8D%B5%E4%BD%9C%E7%94%A8%E3%80%82%20%E5%8F%A6%E4%B8%80%E6%96%B9%E9%9D%A2%EF%BC%8C%E7%9B%8A%E7%94%9F%E5%85%83%E5%89%87%E5%85%85%E7%95%B6%E9%80%99%E4%BA%9B%E6%9C%89%E7%9B%8A%E7%B4%B0%E8%8F%8C%E7%9A%84%E9%A3%9F%E7%89%A9%E3%80%82%20%E9%80%9A%E9%81%8E%E5%88%BA%E6%BF%80%E8%85%B8%E9%81%93%E8%8F%8C%E7%BE%A3%E7%9A%84%E7%94%9F%E9%95%B7%E5%92%8C%E6%B4%BB%E5%8B%95%EF%BC%8C%E7%9B%8A%E7%94%9F%E5%85%83%E6%9C%89%E5%8A%A9%E6%96%BC%E6%95%B4%E9%AB%94%E8%85%B8%E9%81%93%E5%81%A5%E5%BA%B7%E3%80%82
https://www.nutribook.net/new-knowledge/postbiotics/the-relationship-between-probiotics-prebiotics-and-postbiotics/#:~:text=%E5%85%88%E4%BE%86%E5%88%86%E6%B8%85%E6%A5%9A%E3%80%8C%E7%9B%8A%E7%94%9F%E8%8F%8C%E3%80%81%E7%9B%8A%E7%94%9F%E5%85%83%E3%80%81%E5%BE%8C%E7%94%9F%E5%85%83%E3%80%8D%E4%BD%9C%E7%94%A8%20*%20%E7%9B%8A%E7%94%9F%E8%8F%8C%EF%BC%88probiotics%EF%BC%89%20%E5%B0%8D%E9%AB%94%E5%85%A7%E7%94%A2%E7%94%9F%E5%81%A5%E5%BA%B7%E6%95%88%E7%9B%8A%E7%9A%84%E5%BE%AE%E7%94%9F%E7%89%A9%EF%BC%8C%E8%A3%9C%E5%85%85%E5%BE%8C%E8%83%BD%E5%B9%B3%E8%A1%A1%E8%85%B8%E9%81%93%E8%8F%8C%E5%8F%A2%E3%80%81%E6%94%B9%E5%96%84%E8%85%B8%E8%83%83%E9%81%93%E5%81%A5%E5%BA%B7%EF%BC%8C%E5%B8%B8%E8%A6%8B%E7%9A%84%E7%9B%8A%E7%94%9F%E8%8F%8C%E5%A6%82%E4%B8%8B%EF%BC%9A%20*%20%E7%9B%8A%E7%94%9F%E5%85%83%EF%BC%88prebiotics%EF%BC%89%20%E7%9B%8A%E7%94%9F%E5%85%83%E5%8F%88%E7%A8%B1%E7%9B%8A%E7%94%9F%E8%B3%AA%E3%80%81%E7%9B%8A%E8%8F%8C%E7%94%9F%EF%BC%8C%E4%BD%9C%E7%82%BA%E7%9B%8A%E7%94%9F%E8%8F%8C%E7%9A%84%E9%A3%9F%E7%89%A9%EF%BC%8C%E4%B8%A6%E4%B8%8D%E6%9C%83%E8%A2%AB%E4%BA%BA%E9%AB%94%E6%B6%88%E5%8C%96%E5%90%B8%EF%BC%8C%E4%BD%86%E5%8F%AF%E4%BB%A5%E8%A2%AB%E8%85%B8%E9%81%93%E5%85%A7%E7%9A%84%E5%BE%AE%E7%94%9F%E7%89%A9%E5%88%A9%E7%94%A8%EF%BC%8C%E5%A2%9E%E9%80%B2%E7%9B%8A%E7%94%9F%E8%8F%8C%E7%9A%84%E7%87%9F%E9%A4%8A%E8%A3%9C%E7%B5%A6%EF%BC%8C%E5%BF%AB%E9%80%9F%E9%A4%8A%E6%88%90%E7%9A%84%E7%B2%BE%E5%85%B5%E7%8C%9B%E5%B0%87%EF%BC%88%E7%9B%8A%E7%94%9F%E8%8F%8C%EF%BC%89%E3%80%82%20%E5%B8%B8%E8%A6%8B%E7%9A%84%E7%9B%8A%E7%94%9F%E5%85%83%E6%9C%89%EF%BC%9A%E6%9E%9C%E5%AF%A1%E7%B3%96%E3%80%81%E5%8D%8A%E4%B9%B3%E5%AF%A1%E7%B3%96%E5%8F%8A%E8%86%B3%E9%A3%9F%E7%BA%96%E7%B6%AD%E3%80%81%E7%9B%8A%E7%94%9F%E8%8F%8C%E7%99%BC%E9%85%B5%E7%94%A2%E7%89%A9%E7%AD%89%E3%80%82%20*%20%E5%BE%8C%E7%94%9F%E5%85%83%EF%BC%88postbiotics%EF%BC%89%20%E4%BD%9C%E7%82%BA%E7%9B%8A%E7%94%9F%E8%8F%8C%E8%8F%8C%E9%AB%94%E6%88%90%E5%88%86%EF%BC%88%E8%82%BD%E8%81%9A%E9%86%A3%E3%80%81%E8%84%82%E5%A3%81%E9%85%B8%EF%BC%89%E3%80%81%E4%BB%A5%E5%8F%8A%E8%8F%8C%E9%AB%94%E4%BB%A3%E8%AC%9D%E7%89%A9%EF%BC%88%E7%9F%AD%E9%8F%88%E8%84%82%E8%82%AA%E9%85%B8%E3%80%81%E6%9C%89%E6%A9%9F%E9%85%B8%E7%AD%89%EF%BC%89%EF%BC%8C%E6%9C%89%E5%88%A5%E6%96%BC%E4%B8%80%E8%88%AC%E7%9A%84%E7%9B%8A%E7%94%9F%E8%8F%8C%E9%9C%80%E8%A6%81%E5%9C%A8%E8%85%B8%E9%81%93%E5%AE%9A%E6%AE%96%E6%89%8D%E8%83%BD%E7%99%BC%E6%8F%AE%E4%BD%9C%E7%94%A8%EF%BC%8C%E5%BE%8C%E7%94%9F%E5%85%83%E7%B6%93%E7%86%B1%E6%BB%85%E6%B4%BB%E8%99%95%E7%90%86%EF%BC%8C%E5%8F%AF%E5%B0%81%E5%AD%98%E8%8F%8C%E9%AB%94%E6%B4%BB%E6%80%A7%E6%88%90%E5%88%86%EF%BC%8C%E8%BF%85%E9%80%9F%E9%80%9A%E9%81%8E%E8%85%B8%E5%B1%8F%E9%9A%9C%E7%99%BC%E6%8F%AE%E4%BD%9C%E7%94%A8%EF%BC%8C%E5%8C%85%E6%8B%AC%E5%B9%B2%E6%93%BE%E5%A3%9E%E8%8F%8C%E3%80%81%E6%8F%90%E5%8D%87%E4%BF%9D%E8%AD%B7%E5%8A%9B%E7%AD%89%E3%80%82%20%E5%9C%A82021%E5%B9%B4%E5%9C%8B%E9%9A%9B%E7%9B%8A%E7%94%9F%E8%8F%8C%E5%92%8C%E7%9B%8A%E7%94%9F%E5%85%83%E7%A7%91%E5%AD%B8%E5%8D%94%E6%9C%83%EF%BC%88ISAPP%EF%BC%89%E5%B0%87%E5%BE%8C%E7%94%9F%E5%85%83%E5%AE%9A%E7%BE%A9%E7%82%BA%E3%80%8C%E8%B3%A6%E4%BA%88%E5%AE%BF%E4%B8%BB%E5%81%A5%E5%BA%B7%E7%9B%8A%E8%99%95%E7%9A%84%E7%84%A1%E7%94%9F%E5%91%BD%E5%BE%AE%E7%94%9F%E7%89%A9%E5%8F%8A%EF%BC%8F%E6%88%96%E5%85%B6%E6%88%90%E5%88%86%E7%9A%84%E8%A3%BD%E5%8A%91%E3%80%8D%E3%80%82&text=*%20%E9%A6%96%E5%85%88%EF%BC%8C%E8%A6%81%E6%83%B3%E5%9C%A8%E8%8A%B1%E5%9C%92%E8%A3%A1%E7%A8%AE%E6%A4%8D%E7%89%A9%E5%89%8D%EF%BC%8C%E5%85%88%E7%A2%BA%E4%BF%9D%E5%9C%9F%E5%A3%A4%E8%A3%A1%E7%9A%84%E8%82%A5%E6%B2%83%E5%BA%A6%E3%80%81%E7%92%B0%E5%A2%83%E8%8B%A5%E9%9B%9C%E8%8D%89%E5%8F%A2%E7%94%9F%E5%8F%AF%E9%95%B7%E4%B8%8D%E5%87%BA%E5%84%AA%E8%B3%AA%E7%9A%84%E6%A4%8D%E7%89%A9%EF%BC%8C%E9%80%99%E6%99%82%E6%88%91%E5%80%91%E5%85%88%E9%9C%80%E8%A6%81%20%E5%BE%8C%E7%94%9F%E5%85%83%20%EF%BC%8C%20%E5%AE%83%E5%B0%B1%E5%83%8F%E6%98%AF%E4%BD%A0%E7%85%A7%E9%A1%A7%E8%8A%B1%E5%9C%92%E7%9A%84%E5%9C%92%E4%B8%81%20%EF%BC%8C%E4%BF%AE%E5%89%AA%E4%B8%8D%E9%9C%80%E8%A6%81%E7%9A%84%E6%A4%8D%E7%89%A9%EF%BC%8C%E6%B8%85%E9%99%A4%E6%9C%89%E5%AE%B3%E7%89%A9%E8%B3%AA%EF%BC%8C%E7%A2%BA%E4%BF%9D%E8%8A%B1%E5%85%92%E7%9A%84%E7%94%9F%E9%95%B7%E7%92%B0%E5%A2%83%EF%BC%8C%E5%A6%82%E5%90%8C%E5%85%88%E9%A1%A7%E6%88%91%E5%80%91%E7%9A%84%E8%85%B8%E9%81%93%E7%92%B0%E5%A2%83%EF%BC%8C%E6%8F%90%E4%BE%9B%E7%9B%8A%E7%94%9F%E8%8F%8C%E4%B8%80%E5%80%8B%E8%89%AF%E5%A5%BD%E7%9A%84%E7%94%9F%E9%95%B7%E7%92%B0%E5%A2%83%EF%BC%8C%E8%8C%81%E9%95%B7%E5%81%A5%E5%A3%AF%EF%BC%8C%E7%B6%AD%E6%8C%81%E6%95%B4%E9%AB%94%E7%9A%84%E5%81%A5%E5%BA%B7%E3%80%82%20*%20%E6%9C%80%E5%BE%8C%EF%BC%8C%E8%8A%B1%E5%9C%92%E8%A3%A1%E8%A6%81%E6%88%90%E9%95%B7%E8%8C%81%E5%A3%AF%E5%BF%85%E9%A0%88%E8%A6%81%E6%9C%89%E7%87%9F%E9%A4%8A%E5%92%8C%E9%A4%8A%E5%88%86%EF%BC%8C%20%E7%9B%8A%E7%94%9F%E5%85%83%E5%A5%BD%E6%AF%94%E5%9C%A8%E8%8A%B1%E5%9C%92%E4%B8%AD%E6%96%BD%E8%82%A5%E7%9A%84%E9%A4%8A%E5%88%86%20%EF%BC%8C%E7%82%BA%E7%9B%8A%E7%94%9F%E8%8F%8C%E6%8F%90%E4%BE%9B%E7%94%9F%E9%95%B7%E6%89%80%E9%9C%80%E7%9A%84%E7%87%9F%E9%A4%8A%EF%BC%8C%E5%B0%B1%E5%83%8F%E9%A4%8A%E5%88%86%E7%82%BA%E6%A4%8D%E7%89%A9%E6%8F%90%E4%BE%9B%E8%83%BD%E9%87%8F%E5%92%8C%E7%94%9F%E9%95%B7%E6%89%80%E9%9C%80%E3%80%82%20%E7%9B%8A%E7%94%9F%E8%8F%8C+%E7%9B%8A%E7%94%9F%E5%85%83+%E5%BE%8C%E7%94%9F%E5%85%83%E3%80%8E%E7%9B%8A%E8%8F%8C%E8%81%AF%E7%9B%9F%EF%BC%8C%E6%95%88%E7%9B%8A%E5%8A%A0%E4%B9%98%E3%80%8F
https://www.papa-oligo.com/pages/prebiotisprobiotis#:~:text=%E7%9B%8A%E7%94%9F%E8%8F%8C%E3%80%81%E7%9B%8A%E7%94%9F%E5%85%83%E5%85%A9,%E7%99%BC%E6%8F%AE%E6%9C%80%E4%BD%B3%E7%9A%84%E6%95%88%E6%9E%9C%E3%80%82
https://hk.news.yahoo.com/%E7%9B%8A%E7%94%9F%E8%8F%8C-%E7%9B%8A%E7%94%9F%E5%85%83-%E6%8E%A8%E8%96%A6-%E5%A5%BD%E8%99%95-%E8%85%B8%E9%81%93%E5%81%A5%E5%BA%B7-%E5%85%8D%E7%96%AB%E5%8A%9B-010724393.html#:~:text=%E5%88%B0%E5%BA%95%E5%A6%82%E4%BD%95%E5%88%86%E5%88%A5%E7%9B%8A%E7%94%9F%E8%8F%8C,%E7%94%9F%E6%85%8B%EF%BC%8C%E4%BF%9D%E9%9A%9C%E8%85%B8%E9%81%93%E5%81%A5%E5%BA%B7%E3%80%82
https://www.tystar.com.tw/blog/posts/%E5%90%88%E7%94%9F%E5%85%83synbiotics#:~:text=%E6%BC%94%E8%AE%8A%E8%87%B3%E4%BB%8A%EF%BC%8C%E9%80%8F%E9%81%8E%E5%AD%B8%E7%95%8C%E7%A0%94%E7%A9%B6%EF%BC%8C%E5%90%88%E7%94%9F%E5%85%83%E5%8F%AF%E4%BB%A5%E6%9C%892%E7%A8%AE%E9%85%8D%E5%B0%8D%E6%80%9D%E8%B7%AF%EF%BC%9A%201.%E4%BA%92%E8%A3%9C%E5%9E%8B%E5%90%88%E7%94%9F%E5%85%83%EF%BC%9A%E7%9B%8A%E7%94%9F%E8%8F%8C+%E7%9B%8A%E7%94%9F%E5%85%83%E7%9A%84%E6%B7%B7%E5%90%88%E7%89%A9%EF%BC%8C%E5%BF%85%E9%A0%88%E7%AC%A6%E5%90%88%E7%9B%8A%E7%94%9F%E8%8F%8C%E8%88%87%E7%9B%8A%E7%94%9F%E5%85%83%E7%9A%84%E6%9C%80%E4%BD%8E%E6%A8%99%E6%BA%96%EF%BC%8C%E4%B9%9F%E9%9C%80%E8%A6%81%E8%AD%89%E6%98%8E%E5%90%88%E7%94%9F%E5%85%83%E6%B7%B7%E5%90%88%E7%89%A9%E5%B0%8D%E7%9B%AE%E6%A8%99%E5%AE%BF%E4%B8%BB%E7%9A%84%E5%81%A5%E5%BA%B7%E7%9B%8A%E8%99%95%E3%80%82%20%E5%85%B6%E6%AC%A1%EF%BC%8C%E9%81%B8%E5%AE%9A%E7%9A%84%E7%9B%8A%E7%94%9F%E8%8F%8C%EF%BC%8C%E5%8A%91%E9%87%8F%E5%8F%AF%E4%BB%A5%E7%82%BA%E5%AE%BF%E4%B8%BB%E5%B8%B6%E4%BE%86%E5%85%B7%E6%9C%89%E5%B7%B2%E8%A2%AB%E8%AD%89%E6%98%8E%E7%9A%84%E5%81%A5%E5%BA%B7%E7%9B%8A%E8%99%95%EF%BC%9B%E9%81%B8%E7%94%A8%E7%9A%84%E7%9B%8A%E7%94%9F%E5%85%83%EF%BC%8C%E5%BF%85%E9%A0%88%E5%9C%A8%E5%90%8C%E4%B8%80%E9%A0%85%E7%A0%94%E7%A9%B6%E4%B8%AD%EF%BC%8C%E5%8F%AF%E8%B3%87%E8%AD%89%E6%98%8E%E5%B0%8D%E5%81%A5%E5%BA%B7%E6%9C%89%E7%9B%8A%EF%BC%8C%E5%8F%AF%E8%A2%AB%E6%9C%89%E7%9B%8A%E5%AE%BF%E4%B8%BB%E8%8F%8C%E7%BE%A4%E5%88%A9%E7%94%A8%E3%80%82%20%E4%BD%86%E5%85%A9%E8%80%85%E9%96%93%E5%90%84%E8%87%AA%E7%8D%A8%E7%AB%8B%E4%BD%9C%E7%94%A8%EF%BC%8C%E6%94%B9%E8%AE%8A%E5%AE%BF%E4%B8%BB%E7%9A%84%E8%8F%8C%E7%BE%A4%EF%BC%8C%E5%AF%A6%E7%8F%BE%E4%B8%80%E9%A0%85%E6%88%96%E5%A4%9A%E9%A0%85%E5%81%A5%E5%BA%B7%E7%9B%8A%E8%99%95%E3%80%82%202.%20%E5%8D%94%E5%90%8C%E5%9E%8B%E5%90%88%E7%94%9F%E5%85%83%EF%BC%9A%E5%BF%85%E9%A0%88%E5%9C%A8%E5%90%8C%E4%B8%80%E9%A0%85%E7%A0%94%E7%A9%B6%E4%B8%AD%E8%AD%89%E6%98%8E%EF%BC%8C%E7%9B%8A%E7%94%9F%E8%8F%8C%E8%88%87%E7%9B%8A%E7%94%9F%E5%85%83%E5%8F%AF%E4%BB%A5%E4%B8%80%E8%B5%B7%E6%94%9D%E5%85%A5%EF%BC%8C%E4%B8%A6%E5%8D%94%E5%90%8C%E7%99%BC%E6%8F%AE%E4%BD%9C%E7%94%A8%EF%BC%8C%E7%9B%8A%E7%94%9F%E5%85%83%E5%8F%AF%E6%BB%8B%E9%A4%8A%E7%9B%8A%E7%94%9F%E8%8F%8C%E8%8F%8C%E6%A0%AA%EF%BC%8C%E5%B8%B6%E4%BE%86%E5%81%A5%E5%BA%B7%E7%9B%8A%E8%99%95%E3%80%82%20%E4%B8%8D%E8%AB%96%E6%98%AF%E9%82%A3%E7%A8%AE%E5%90%88%E7%94%9F%E5%85%83%EF%BC%8C%E9%83%BD%E6%98%AF%E5%8F%AF%E9%87%9D%E5%B0%8D%E9%AB%94%E5%85%A7%E7%9A%84%E8%85%B8%E9%81%93%E6%88%96%E9%9D%9E%E8%85%B8%E9%81%93%E5%BE%AE%E7%94%9F%E7%89%A9%E7%94%9F%E6%85%8B%E7%B3%BB%E7%B5%B1%E7%99%BC%E6%8F%AE%E4%BD%9C%E7%94%A8%EF%BC%8C%E4%B8%94%E5%8F%AF%E8%A3%BD%E6%88%90%E7%AC%A6%E5%90%88%E7%9B%B8%E9%97%9C%E6%B3%95%E8%A6%8F%E7%9A%84%E5%90%84%E7%A8%AE%E7%94%A2%E5%93%81%EF%BC%88%E4%BE%8B%E5%A6%82%E9%A3%9F%E5%93%81%E3%80%81%E9%9D%9E%E9%A3%9F%E5%93%81%E9%A1%9E%E3%80%81%E5%8C%96%E5%A6%9D%E5%93%81%E3%80%81%E8%97%A5%E5%93%81%E3%80%81%E6%88%96%E7%87%9F%E9%A4%8A%E8%A3%9C%E5%85%85%E5%8A%91%EF%BC%89%E3%80%82,United%20Nations%20Food%20&%20Agriculture%20Organization%EF%BC%89%E5%BB%BA%E8%AD%B0%E5%83%85%E5%9C%A8%E7%B4%94%E7%B2%B9%E5%B0%8D%E5%81%A5%E5%BA%B7%E6%95%88%E7%9B%8A%E5%85%B7%E6%9C%89%E5%8D%94%E5%90%8C%E4%BD%9C%E7%94%A8%E6%99%82%EF%BC%8C%E6%89%8D%E4%BD%BF%E7%94%A8%E3%80%8C%E5%90%88%E7%94%9F%E5%85%83%E3%80%8D%E4%B8%80%E8%A9%9E%E3%80%82%20%E7%9B%AE%E5%89%8D%E6%9C%80%E6%96%B0%E7%9A%84%E7%A0%94%E7%A9%B6%EF%BC%8C%E6%AD%A3%E5%9C%A8%E8%A9%95%E4%BC%B0%E5%90%88%E7%94%9F%E5%85%83%E6%98%AF%E5%90%A6%E5%8F%AF%E4%BB%A5%E8%A2%AB%E5%84%AA%E5%8C%96%EF%BC%88%E7%A8%B1%E7%82%BA%E3%80%8C%E5%84%AA%E5%8C%96%E7%9B%8A%E7%94%9F%E5%85%83optibiotics%E3%80%8D%EF%BC%89%EF%BC%8C%E6%93%9A%E7%A8%B1%E5%85%B6%E5%8F%AF%E4%BB%A5%E5%A2%9E%E5%BC%B7%E7%8F%BE%E6%9C%89%E7%9B%8A%E7%94%9F%E8%8F%8C%E7%9A%84%E7%94%9F%E9%95%B7%E5%92%8C%E5%81%A5%E5%BA%B7%E7%9B%8A%E8%99%95%E3%80%82
https://lwhklab.com.tw/synbiotics/
https://www.pure-au.com/products/synbiotic-d-c-%E7%8B%97%E5%92%8C%E8%B2%93%E7%9B%8A%E7%94%9F%E8%8F%8C%E5%92%8C%E7%9B%8A%E7%94%9F%E5%85%83%E8%86%A0%E5%9B%8A-50-%E7%B2%92#:~:text=Synbiotic%20DC%EF%BC%8850%20%E7%B2%92%E8%86%A0%E5%9B%8A%EF%BC%89%E6%98%AF%E4%B8%80%E7%A8%AE%E9%81%A9%E7%94%A8%E6%96%BC%E7%8B%97%E5%92%8C%E8%B2%93%E7%9A%84%E9%AB%98%E6%BF%83%E7%B8%AE%E7%9B%8A%E7%94%9F%E8%8F%8C%E5%92%8C%E7%9B%8A%E7%94%9F%E5%85%83%E8%86%A0%E5%9B%8A%E3%80%82%20%E7%9B%8A%E7%94%9F%E8%8F%8C%E6%98%AF%E6%9C%89%E7%9B%8A%E7%B4%B0%E8%8F%8C%EF%BC%8C%E5%8F%AF%E4%BB%A5%E5%B9%AB%E5%8A%A9%E9%87%8D%E5%BB%BA%E6%AD%A3%E5%B8%B8%E7%9A%84%E5%BE%AE%E7%94%9F%E7%89%A9%E7%BE%A4%E3%80%82%20%E7%95%B6%E8%88%87%E7%9B%8A%E7%94%9F%E5%85%83%EF%BC%88%E4%B8%80%E7%A8%AE%E5%88%BA%E6%BF%80%E7%94%9F%E9%95%B7%E7%9A%84%E7%87%9F%E9%A4%8A%E4%BE%86%E6%BA%90%EF%BC%89%E4%B8%80%E8%B5%B7%E4%BD%BF%E7%94%A8%E6%99%82%EF%BC%8C%E5%AE%83%E5%80%91%E7%89%B9%E5%88%A5%E6%9C%89%E6%95%88%E3%80%82%20%E7%9B%8A%E7%94%9F%E8%8F%8C%E6%9C%89%E5%8A%A9%E6%96%BC%E7%B6%AD%E6%8C%81%E9%AB%98%E6%B0%B4%E5%B9%B3%E7%9A%84%E6%9C%89%E7%9B%8A%E7%B4%B0%E8%8F%8C%E3%80%82%20%E7%9B%8A%E7%94%9F%E5%85%83%E5%8F%AF%E9%A4%B5%E9%A4%8A%E4%B8%A6%E5%88%BA%E6%BF%80%E6%9C%89%E7%9B%8A%E7%B4%B0%E8%8F%8C%E7%9A%84%E7%94%9F%E9%95%B7%E3%80%82,4b1707%EF%BC%8C%E5%B9%AB%E5%8A%A9%E8%85%B8%E9%81%93%E9%87%8D%E6%96%B0%E5%85%85%E6%BB%BF%E6%9C%89%E7%9B%8A%E5%BE%AE%E7%94%9F%E7%89%A9%E3%80%82%20Preplex%20%E7%9B%8A%E7%94%9F%E5%85%83%EF%BC%9A%20%E4%B8%80%E7%A8%AE%E7%9B%8A%E7%94%9F%E5%85%83%EF%BC%8C%E7%94%B1%E4%BD%8E%E8%81%9A%E6%9E%9C%E7%B3%96(FOS)%20%E5%92%8C%E9%98%BF%E6%8B%89%E4%BC%AF%E6%A8%B9%E8%86%A0%EF%BC%88%E9%98%BF%E6%8B%89%E4%BC%AF%E8%86%A0%EF%BC%89%E7%B5%84%E6%88%90%EF%BC%8C%E5%8F%AF%E9%A4%B5%E9%A3%9F%E4%B8%A6%E5%88%BA%E6%BF%80%E6%9C%89%E7%9B%8A%E7%B4%B0%E8%8F%8C%E7%9A%84%E7%94%9F%E9%95%B7%E3%80%82%20%E6%AF%8F%E5%A4%A9%E5%8F%A3%E6%9C%8D%E4%B8%80%E7%B2%92%E8%86%A0%E5%9B%8A%E6%88%96%E4%BE%9D%E7%85%A7%E7%8D%B8%E9%86%AB%E7%9A%84%E5%BB%BA%E8%AD%B0%E3%80%82%20%E8%86%A0%E5%9B%8A%E5%8F%AF%E4%BB%A5%E6%95%B4%E5%80%8B%E6%9C%8D%E7%94%A8%E6%88%96%E6%89%93%E9%96%8B%E4%B8%A6%E5%B0%87%E5%85%A7%E5%AE%B9%E7%89%A9%E6%92%92%E5%9C%A8%E9%A3%9F%E7%89%A9%E4%B8%8A%E3%80%82
https://shop.vitabox.com.tw/pages/prebiotics
https://tw.iherb.com/blog/synbiotic-benefits/2121#:~:text=%E7%9B%8A%E7%94%9F%E8%8F%8C%E8%88%87%E7%9B%8A%E7%94%9F%E5%85%83%20%E6%82%A8%E5%8F%AF%E8%83%BD%E8%81%BD%E8%AA%AA%E9%81%8E%E7%9B%8A%E7%94%9F%E8%8F%8C%E5%92%8C%E7%9B%8A%E7%94%9F%E5%85%83%E9%80%99%E5%85%A9%E5%80%8B%E8%A1%93%E8%AA%9E%EF%BC%8C%E4%BD%86%E5%AE%83%E5%80%91%E7%9A%84%E7%9C%9F%E6%AD%A3%E5%90%AB%E7%BE%A9%E6%98%AF%E4%BB%80%E9%BA%BC%EF%BC%9F%20%E8%AE%93%E6%88%91%E5%80%91%E5%BE%9E%E5%9F%BA%E7%A4%8E%E9%96%8B%E5%A7%8B%EF%BC%9A%20%E7%9B%8A%E7%94%9F%E8%8F%8C%E6%98%AF%E6%B4%BB%E7%9A%84%E6%9C%89%E7%9B%8A%E7%B4%B0%E8%8F%8C%EF%BC%8C%E6%9C%89%E5%8A%A9%E6%96%BC%E7%B6%AD%E6%8C%81%E8%85%B8%E9%81%93%E8%8F%8C%E7%BE%A3%E7%9A%84%E8%87%AA%E7%84%B6%E5%B9%B3%E8%A1%A1%E3%80%82%20%E5%AE%83%E5%80%91%E5%9C%A8%E5%B9%AB%E5%8A%A9%E6%B6%88%E5%8C%96%E3%80%81%E7%87%9F%E9%A4%8A%E5%90%B8%E6%94%B6%E5%92%8C%E5%85%8D%E7%96%AB%E5%8A%9F%E8%83%BD%E6%96%B9%E9%9D%A2%E7%99%BC%E6%8F%AE%E7%9D%80%E9%97%9C%E9%8D%B5%E4%BD%9C%E7%94%A8%E3%80%82%20%E5%8F%A6%E4%B8%80%E6%96%B9%E9%9D%A2%EF%BC%8C%E7%9B%8A%E7%94%9F%E5%85%83%E5%89%87%E5%85%85%E7%95%B6%E9%80%99%E4%BA%9B%E6%9C%89%E7%9B%8A%E7%B4%B0%E8%8F%8C%E7%9A%84%E9%A3%9F%E7%89%A9%E3%80%82%20%E9%80%9A%E9%81%8E%E5%88%BA%E6%BF%80%E8%85%B8%E9%81%93%E8%8F%8C%E7%BE%A3%E7%9A%84%E7%94%9F%E9%95%B7%E5%92%8C%E6%B4%BB%E5%8B%95%EF%BC%8C%E7%9B%8A%E7%94%9F%E5%85%83%E6%9C%89%E5%8A%A9%E6%96%BC%E6%95%B4%E9%AB%94%E8%85%B8%E9%81%93%E5%81%A5%E5%BA%B7%E3%80%82"
益生菌後生元 (Postbiotic),"後生元(Postbiotics) 是指微生物（包括益生菌）在發酵或代謝過程中產生的有益物質，這些物質本身無活性，但能為人體帶來健康益處，例如維持腸道健康、調節免疫功能等，且與益生菌、益生元（Prebiotics）共同作用，優化腸道環境。
後生元(Postbiotics) 的定義與特點：
非活菌體：
與益生菌不同，後生元是無生命的微生物分泌物或其片段產物，不需要菌體本身的存在即可發揮作用。
代謝產物與細胞成分：
後生元包含短鏈脂肪酸、有機酸、酶、細胞壁成分、抗菌肽、維生素（如B和K）、胺基酸等，
根據達邦蛋白生技股份有限公司
。
健康益處：
後生元能促進益生菌生長，抑制壞菌滋生，調節免疫系統，具有抗氧化、抗發炎等潛在保健功效，並可維持消化道機能。
穩定性與安全性高：
相較於益生菌，後生元在穩定性和安全性上具有優勢，不易受溫度敏感等因素影響，應用範圍更廣泛，可添加到飲品、烘焙食品等產品中。
益生菌、益生元與後生元的關係：
益生菌
:
是活的好菌。
益生元
:
是益生菌的食物，有助於益生菌生長。
後生元
:
是益生菌攝取益生元後產生的代謝物，以及益生菌本身的一些成分，例如細胞壁等。
這三者可以比喻為腸道的「士兵（益生菌）」、「補給品（益生元）」和「戰後產物/環境維護者（後生元）」，共同協作以維持腸道健康。","https://www.fjb100.com/blog/posts/prebiotics#:~:text=%E5%BE%8C%E7%94%9F%E5%85%83%EF%BC%88Postbiotics%EF%BC%89%E6%98%AF%E8%BF%91%E5%B9%B4%E6%96%B0%E8%88%88%E7%9A%84%E6%A6%82%E5%BF%B5%EF%BC%8C%E5%AE%83%E6%98%AF%E7%9B%8A%E7%94%9F%E8%8F%8C%E7%B6%93%E9%81%8E%E7%89%B9%E6%AE%8A%E8%99%95%E7%90%86%E5%BE%8C%E7%94%A2%E7%94%9F%E7%9A%84%E7%89%A9%E8%B3%AA%EF%BC%8C%E5%85%B6%E4%B8%AD%E5%8F%AF%E4%BB%A5%E5%88%86%E7%82%BA%E4%BB%A3%E8%AC%9D%E5%BE%8C%E7%94%A2%E7%89%A9%E4%BB%A5%E5%8F%8A%E7%86%B1%E5%B0%81%E5%9E%8B%E7%9B%8A%E7%94%9F%E8%8F%8C%E3%80%82%20*%20%E4%BB%A3%E8%AC%9D%E5%BE%8C%E7%94%A2%E7%89%A9%EF%BC%9A%E4%BE%8B%E5%A6%82%E6%9C%89%E6%A9%9F%E9%85%B8%E3%80%81%E7%9F%AD%E9%8F%88%E8%84%82%E8%82%AA%E9%85%B8%E3%80%81%E8%83%BA%E5%9F%BA%E9%85%B8%E7%AD%89%E7%89%A9%E8%B3%AA%EF%BC%8C%E5%8F%AF%E4%BB%A5%E7%9B%B4%E6%8E%A5%E5%81%9A%E5%88%B0%E8%AA%BF%E7%AF%80%E7%94%9F%E7%90%86%E6%A9%9F%E8%83%BD%E7%9A%84%E4%BD%9C%E7%94%A8%E3%80%82%20*%20%E7%86%B1%E5%B0%81%E5%9E%8B%E7%9B%8A%E7%94%9F%E8%8F%8C%EF%BC%9A%E5%8F%88%E7%A8%B1%E7%82%BA%E7%9B%8A%E7%94%9F%E8%8F%8C%E6%BB%85%E6%B4%BB%E8%8F%8C%EF%BC%88Parabiotics%EF%BC%89%EF%BC%8C%E9%9B%96%E7%84%B6%E6%9C%AC%E8%BA%AB%E7%84%A1%E6%B4%BB%E6%80%A7%EF%BC%8C%E4%BD%86%E8%8F%8C%E9%AB%94%E6%9C%AC%E8%BA%AB%E7%9A%84%E6%88%90%E5%88%86%EF%BC%88%E5%A6%82%EF%BC%9A%E7%B4%B0%E8%83%9E%E5%A3%81%EF%BC%89%E5%8F%AF%E4%BB%A5%E5%B9%AB%E5%8A%A9%E7%B6%AD%E6%8C%81%E7%B4%B0%E8%8F%8C%E5%8F%A2%E7%94%9F%E6%85%8B%E3%80%81%E8%AA%BF%E6%95%B4%E9%AB%94%E8%B3%AA%E3%80%82
https://shop.dragonpharm.com.tw/blogs/%E7%9B%8A%E7%94%9F%E8%8F%8C%E5%B0%8F%E5%AD%B8%E5%A0%82/138067
https://www.gfbuy.com.tw/blog/posts/%E3%80%90%E7%87%9F%E9%A4%8A%E5%B8%AB%E5%B0%88%E6%AC%84%E3%80%91%E5%88%86%E4%B8%8D%E6%B8%85%E7%9B%8A%E7%94%9F%E8%8F%8C%E3%80%81%E7%9B%8A%E7%94%9F%E5%85%83%E8%88%87%E5%BE%8C%E7%94%9F%E5%85%83%EF%BC%9F3%E5%88%86%E9%90%98%E5%B8%B6%E4%BD%A0%E4%BA%86%E8%A7%A3#:~:text=%E5%A0%85%E5%BC%B7%E5%BE%8C%E7%9B%BE%E7%9A%84%E5%BE%8C%E7%94%9F%E5%85%83%EF%BC%88Postbiotics%EF%BC%89%20%E5%A3%AB%E5%85%B5%E4%BD%9C%E6%88%B0%E7%9A%84%E5%90%8C%E6%99%82%EF%BC%8C%E8%A6%81%E6%9C%89%E5%A5%BD%E7%9A%84%E7%92%B0%E5%A2%83%EF%BC%8C%E9%80%99%E5%B0%B1%E5%B0%88%E5%B1%AC%E6%96%BC%E5%BE%8C%E7%94%9F%E5%85%83%E7%9A%84%E4%BB%BB%E5%8B%99%E3%80%82%20%E5%BE%8C%E7%94%9F%E5%85%83%E4%B8%BB%E8%A6%81%E7%94%9F%E6%88%90%E7%9A%84%E6%96%B9%E5%BC%8F%E7%82%BA%EF%BC%8C%E7%9B%8A%E7%94%9F%E8%8F%8C%E5%90%83%E9%80%B2%E7%9B%8A%E7%94%9F%E5%85%83%E5%BE%8C%E6%89%80%E7%94%A2%E7%94%9F%E7%9A%84%E4%BB%A3%E8%AC%9D%E7%94%A2%E7%89%A9%EF%BC%8C%E5%85%B6%E4%BB%A3%E8%AC%9D%E7%94%A2%E7%89%A9%E5%8C%85%E5%90%AB%E7%9F%AD%E9%8F%88%E8%84%82%E8%82%AA%E9%85%B8%E3%80%81%E7%B6%AD%E7%94%9F%E7%B4%A0%E3%80%81%E7%84%A1%E7%B4%B0%E8%83%9E%E4%B8%8A%E6%B8%85%E6%B6%B2%E5%8F%8A%E7%B4%B0%E8%83%9E%E5%A3%81%E7%A2%8E%E7%89%87%E7%AD%89%E3%80%82%20%E5%BE%8C%E7%94%9F%E5%85%83%E5%8F%AF%E4%BB%A5%E4%BF%83%E9%80%B2%E5%A5%BD%E8%8F%8C%E7%94%9F%E9%95%B7%E9%80%B2%E8%80%8C%E6%8A%91%E5%88%B6%E5%A3%9E%E8%8F%8C%EF%BC%8C%E5%8D%94%E5%8A%A9%E8%AA%BF%E7%AF%80%E9%AB%94%E8%B3%AA%E8%88%87%E7%94%9F%E7%90%86%E6%A9%9F%E8%83%BD%E7%9A%84%E5%8A%9F%E6%95%88%E3%80%82
https://www.biojoy.com.tw/zh-TW/blogs/health/174750
https://www.smilerx.com.tw/the-advantages-and-functions-of-postbiotics/
https://www.dabombprotein.com/zh-tw/knowledge.php?act=view&id=10#:~:text=%E5%BE%8C%E7%94%9F%E5%85%83%EF%BC%88Postbiotics%EF%BC%89%E6%98%AF%E7%9B%8A%E7%94%9F%E8%8F%8C(Probiotics)%E5%9C%A8%E4%BB%A3%E8%AC%9D%E9%81%8E%E7%A8%8B%E4%B8%AD%E7%94%A2%E7%94%9F%E7%9A%84%E4%BB%A3%E8%AC%9D%E7%89%A9%EF%BC%8C%E9%80%99%E4%BA%9B%E7%89%A9%E8%B3%AA%E5%8C%85%E6%8B%AC%E7%9F%AD%E9%8F%88%E8%84%82%E8%82%AA%E9%85%B8%E3%80%81%E7%B4%B0%E8%83%9E%E5%A3%81%E6%88%90%E5%88%86%E3%80%81%E9%85%B6%E3%80%81%E6%9C%89%E6%A9%9F%E9%85%B8%E5%92%8C%E5%85%B6%E4%BB%96%E7%94%9F%E7%89%A9%E6%B4%BB%E6%80%A7%E5%88%86%E5%AD%90%EF%BC%8C%E5%8F%AF%E5%9C%A8%E8%85%B8%E9%81%93%E4%B8%AD%E7%87%9F%E9%80%A0%E5%88%A9%E6%96%BC%E5%A5%BD%E8%8F%8C%E7%94%9F%E9%95%B7%E7%9A%84%E7%92%B0%E5%A2%83%EF%BC%8C%E8%88%87%E7%9B%8A%E7%94%9F%E8%8F%8C%E7%9B%B8%E4%BA%92%E6%90%AD%E9%85%8D%EF%BC%8C%E9%99%8D%E4%BD%8E%E5%A3%9E%E8%8F%8C%E6%BB%8B%E7%94%9F%EF%BC%8C%E5%84%AA%E5%8C%96%E8%85%B8%E9%81%93%E8%8F%8C%E7%9B%B8%E3%80%82%20%E5%BE%8C%E7%94%9F%E5%85%83%E8%88%87%E6%B4%BB%E7%9A%84%E7%9B%8A%E7%94%9F%E8%8F%8C%E4%B8%8D%E5%90%8C%EF%BC%8C%E5%BE%8C%E7%94%9F%E5%85%83%E7%82%BA%E9%9D%9E%E6%B4%BB%E8%8F%8C%EF%BC%8C%E4%B8%8D%E9%9C%80%E8%A6%81%E8%8F%8C%E9%AB%94%E7%9A%84%E5%AD%98%E5%9C%A8%E5%8D%B3%E5%8F%AF%E7%99%BC%E6%8F%AE%E5%81%A5%E5%BA%B7%E7%9B%8A%E8%99%95%E3%80%82%20%E5%9C%8B%E9%9A%9B%E7%9B%8A%E7%94%9F%E8%8F%8C%E5%8F%8A%E7%9B%8A%E7%94%9F%E5%85%83%E5%8D%94%E6%9C%83(ISAPP)%E5%AE%9A%E7%BE%A9%E5%BE%8C%E7%94%9F%E5%85%83%E7%82%BA%EF%BC%9A%E3%80%8C%E8%83%BD%E7%82%BA%E5%AE%BF%E4%B8%BB%E6%8F%90%E4%BE%9B%E5%81%A5%E5%BA%B7%E7%9B%8A%E8%99%95%E7%9A%84%E7%84%A1%E7%94%9F%E5%91%BD%E5%BE%AE%E7%94%9F%E7%89%A9%E5%88%86%E6%B3%8C%E7%89%A9%E6%88%96%E5%85%B6%E7%89%87%E6%AE%B5%E7%94%A2%E7%89%A9%E3%80%8D%E3%80%82%20%E7%9B%8A%E7%94%9F%E8%8F%8C%E3%80%81%E7%9B%8A%E7%94%9F%E5%85%83(Prebiotic)%E8%88%87%E5%BE%8C%E7%94%9F%E5%85%83%E4%B9%8B%E9%96%93%E7%9A%84%E9%97%9C%E4%BF%82%EF%BC%8C%E5%8F%AF%E4%BB%A5%E7%94%A8%E4%B8%80%E5%80%8B%E7%B0%A1%E5%96%AE%E4%BE%8B%E5%AD%90%E6%AF%94%E5%96%BB%EF%BC%9A%E4%B8%80%E5%80%8B%E8%85%B8%E9%81%93%E5%B0%B1%E5%83%8F%E4%B8%80%E5%80%8B%E5%B0%8F%E5%B0%8F%E6%88%B0%E5%A0%B4%EF%BC%8C%E7%9B%8A%E7%94%9F%E8%8F%8C%E6%98%AF%E5%89%8D%E7%B7%9A%E5%A3%AB%E5%85%B5%E3%80%81%E7%9B%8A%E7%94%9F%E5%85%83%E7%82%BA%E5%A3%AB%E5%85%B5%E8%A3%9C%E7%B5%A6%E5%93%81%EF%BC%8C%E5%BE%8C%E7%94%9F%E5%85%83%E5%89%87%E6%98%AF%E7%9B%8A%E7%94%9F%E8%8F%8C%E5%90%83%E6%8E%89%E7%9B%8A%E7%94%9F%E5%85%83%E5%BE%8C%E7%9A%84%E4%BB%A3%E8%AC%9D%E7%89%A9%EF%BC%8C%E4%B8%89%E8%80%85%E4%B9%8B%E9%96%93%E7%9B%B8%E4%BA%92%E9%85%8D%E5%90%88%EF%BC%8C%E6%89%8D%E5%8F%AF%E4%BB%A5%E5%A5%BD%E5%A5%BD%E4%BF%9D%E8%AD%B7%E8%85%B8%E9%81%93%E7%92%B0%E5%A2%83%E3%80%81%E6%89%93%E6%93%8A%E5%A3%9E%E8%8F%8C%E3%80%82
https://bio-nin.com/zh-tw/news.php?act=view&id=66
https://www.synbiotech.com/ActivitiesDetailC006200.aspx?Cond=fc4beb68-2363-4577-ac96-accfb47e3469#:~:text=%E5%BE%8C%E7%94%9F%E5%85%83(Postbiotics)%E5%88%B0%E5%BA%95%E6%98%AF%E4%BB%80%E9%BA%BC?%20%E5%BE%8C%E7%94%9F%E5%85%83(Postbiotics)%E6%98%AF%E6%8C%87%E5%BE%AE%E7%94%9F%E7%89%A9%E5%9C%A8%E7%99%BC%E9%85%B5%E9%81%8E%E7%A8%8B%E4%B8%AD%E7%94%A2%E7%94%9F%E5%85%B7%E6%9C%89%E7%94%9F%E7%89%A9%E6%B4%BB%E6%80%A7%E7%9A%84%E6%9C%89%E7%9B%8A%E7%89%A9%E8%B3%AA%EF%BC%8C%E5%8C%85%E6%8B%AC%E6%BB%85%E6%B4%BB%E5%BE%AE%E7%94%9F%E7%89%A9%E7%B4%B0%E8%83%9E%E3%80%81%E7%B4%B0%E8%83%9E%E7%A2%8E%E7%89%87%E6%88%90%E5%88%86%E5%92%8C%E4%BB%A3%E8%AC%9D%E7%89%A9%EF%BC%8C%E5%B8%B8%E8%A6%8B%E5%BE%8C%E7%94%9F%E5%85%83%E5%8C%85%E6%8B%AC%E7%B6%AD%E7%94%9F%E7%B4%A0B%E5%92%8CK%E3%80%81%E6%B0%A8%E5%9F%BA%E9%85%B8%E7%AD%89%E7%87%9F%E9%A4%8A%E7%89%A9%E8%B3%AA%E3%80%81%E6%9C%89%E5%8A%A9%E6%96%BC%E6%B8%9B%E5%B0%91%E6%9C%89%E5%AE%B3%E7%B4%B0%E8%8F%8C%E7%94%9F%E9%95%B7%E7%9A%84%E6%8A%97%E8%8F%8C%E8%82%BD%E7%89%A9%E8%B3%AA%E3%80%81%E4%BB%A5%E5%8F%8A%E5%B9%AB%E5%8A%A9%E7%B6%AD%E6%8C%81%E6%B6%88%E5%8C%96%E9%81%93%E6%A9%9F%E8%83%BD%E7%9A%84%E7%9F%AD%E9%8F%88%E8%84%82%E8%82%AA%E9%85%B8%E7%AD%89%E5%BE%8C%E7%94%9F%E7%89%A9%E8%B3%AA%E3%80%82%20%E5%BE%8C%E7%94%9F%E5%85%83%E7%84%A1%E7%96%91%E6%98%AF%E7%95%B6%E4%BB%8A%E7%9B%8A%E7%94%9F%E8%8F%8C%E6%87%89%E7%94%A8%E7%95%B6%E4%B8%AD%EF%BC%8C%E8%A8%8E%E8%AB%96%E5%BA%A6%E6%9C%80%E9%AB%98%E7%9A%84%EF%BC%8C%E5%9B%A0%E6%87%89%E8%B6%8A%E4%BE%86%E8%B6%8A%E5%A4%9A%E7%A7%91%E5%AD%B8%E6%96%87%E7%8D%BB%E8%88%87%E5%95%86%E6%A5%AD%E7%94%A2%E5%93%81%E4%BD%BF%E7%94%A8%E3%80%9D%E5%BE%8C%E7%94%9F%E5%85%83%E3%80%9E%E4%B8%80%E8%A9%9E%EF%BC%8C%E5%9C%8B%E9%9A%9B%E7%9B%8A%E7%94%9F%E8%8F%8C%E5%92%8C%E7%9B%8A%E7%94%9F%E5%85%83%E7%A7%91%E5%AD%B8%E5%8D%94%E6%9C%83%EF%BC%88ISAPP%EF%BC%89%E6%96%BC2019%E5%B9%B4%E5%8C%AF%E9%9B%86%E5%90%84%E5%9C%8B%E5%B0%88%E5%AE%B6%E5%80%91%E7%9A%84%E6%84%8F%E8%A6%8B%EF%BC%8C%E5%B0%87%E5%BE%8C%E7%94%9F%E5%85%83%E6%98%8E%E7%A2%BA%E5%AE%9A%E7%BE%A9%E7%82%BA%E2%80%9C%E7%82%BA%E4%BA%BA%E9%AB%94%E6%8F%90%E4%BE%9B%E5%81%A5%E5%BA%B7%E7%9B%8A%E8%99%95%E7%9A%84%E7%84%A1%E7%94%9F%E5%91%BD%E5%BE%AE%E7%94%9F%E7%89%A9%E6%88%96%E5%85%B6%E7%94%9F%E6%88%90%E7%89%A9%E2%80%9D%E3%80%82%20%E7%82%BA%E4%BB%80%E9%BA%BC%E5%BE%8C%E7%94%9F%E5%85%83%E9%80%99%E9%BA%BC%E5%8F%97%E5%88%B0%E9%97%9C%E6%B3%A8%EF%BC%9F%20%E5%BE%8C%E7%94%9F%E5%85%83%E5%9C%A8%E5%85%8D%E7%96%AB%E7%B3%BB%E7%B5%B1%E4%B8%AD%E6%89%AE%E6%BC%94%E7%9A%84%E8%A7%92%E8%89%B2%E9%9D%9E%E5%B8%B8%E9%87%8D%E8%A6%81%EF%BC%8C%E4%B8%8D%E4%BD%86%E8%83%BD%E6%8F%90%E5%8D%87%E5%85%8D%E7%96%AB%E5%B1%8F%E9%9A%9C%E4%BF%9D%E8%AD%B7%E4%BD%9C%E7%94%A8%EF%BC%8C%E6%9B%B4%E8%83%BD%E6%94%B9%E5%96%84%E8%85%B8%E9%81%93%E8%8F%8C%E5%8F%A2%E7%B5%84%E6%88%90%E3%80%82%20%E6%A0%B9%E6%93%9A%E7%A0%94%E7%A9%B6%E7%B5%90%E6%9E%9C%E7%99%BC%E7%8F%BE%EF%BC%8C%E5%BE%8C%E7%94%9F%E5%85%83%E5%85%B7%E6%9C%89%E5%85%8D%E7%96%AB%E8%AA%BF%E7%AF%80%E3%80%81%E6%8A%97%E6%B0%A7%E5%8C%96%E3%80%81%E6%94%B9%E8%AE%8A%E6%96%B0%E9%99%B3%E4%BB%A3%E8%AC%9D%E3%80%81%E8%AA%BF%E7%AF%80%E7%94%9F%E7%90%86%E6%A9%9F%E8%83%BD%E3%80%81%E7%B6%AD%E6%8C%81%E6%95%B4%E9%AB%94%E5%81%A5%E5%BA%B7%E4%B9%8B%E5%8A%9F%E8%83%BD%E3%80%82%20%E9%99%A4%E6%AD%A4%E4%B9%8B%E5%A4%96%EF%BC%8C%E7%9B%AE%E5%89%8D%E5%85%A8%E7%90%83%E5%90%84%E5%9C%8B%E7%9A%84%E7%A7%91%E5%AD%B8%E5%AE%B6%E5%80%91%E9%83%BD%E9%82%84%E4%B8%8D%E6%96%B7%E5%9C%B0%E9%80%B2%E8%A1%8C%E7%A0%94%E7%A9%B6%E4%B8%A6%E7%99%BC%E7%8F%BE%E6%9B%B4%E5%A4%9A%E5%BE%8C%E7%94%9F%E5%85%83%E5%9C%A8%E7%B6%AD%E6%8C%81%E5%81%A5%E5%BA%B7%E7%9A%84%E8%A7%92%E8%89%B2%EF%BC%8C%E7%94%9A%E8%87%B3%E5%9C%A8%E7%96%BE%E7%97%85%E6%B2%BB%E7%99%82%E7%9A%84%E8%BC%94%E5%8A%A9%E6%87%89%E7%94%A8%E4%B8%8A%E3%80%82%20%E5%8F%A6%EF%BC%8C%E5%BE%8C%E7%94%9F%E5%85%83%E4%B8%A6%E4%B8%8D%E6%98%AF%E6%B4%BB%E7%9A%84%E5%BE%AE%E7%94%9F%E7%89%A9%EF%BC%8C%E5%9B%A0%E6%AD%A4%E6%AF%94%E8%B5%B7%E7%9B%8A%E7%94%9F%E8%8F%8C%E8%BC%83%E4%B8%8D%E6%98%93%E4%BF%9D%E5%AD%98%E5%8F%8A%E5%B0%8D%E6%BA%AB%E5%BA%A6%E6%95%8F%E6%84%9F%E7%9A%84%E7%BC%BA%E9%BB%9E%E4%B8%8A%EF%BC%8C%E5%BE%8C%E7%94%9F%E5%85%83%E5%9C%A8%E7%A9%A9%E5%AE%9A%E5%BA%A6%E8%88%87%E5%AE%89%E5%85%A8%E6%80%A7%E4%B8%8A%E7%9B%B8%E5%B0%8D%E6%80%A7%E6%9B%B4%E9%AB%98%EF%BC%8C%E4%B8%8D%E5%83%85%E7%AA%81%E7%A0%B4%E7%9B%8A%E7%94%9F%E8%8F%8C%E7%9A%84%E7%A8%AE%E7%A8%AE%E9%99%90%E5%88%B6%EF%BC%8C%E5%BE%8C%E7%94%9F%E5%85%83%E4%B9%9F%E6%93%B4%E5%A4%A7%E4%BA%86%E7%94%A2%E5%93%81%E6%87%89%E7%94%A8%E7%9A%84%E5%BD%88%E6%80%A7%EF%BC%8C%E4%BE%8B%E5%A6%82%E9%A3%B2%E5%93%81%E3%80%81%E7%83%98%E7%84%99%E9%A3%9F%E5%93%81%E3%80%81%E9%8C%A0%E5%8A%91%E4%BF%9D%E5%81%A5%E9%A3%9F%E5%93%81%E7%AD%89%E3%80%82
https://www.shopsmilerx.com/blog/posts/%E5%BE%8C%E7%94%9F%E5%85%83%E6%98%AF%E7%9B%8A%E7%94%9F%E8%8F%8C%E7%9A%84%E8%AD%B7%E8%88%AA#:~:text=%E8%AA%8D%E8%AD%98%E5%BE%8C%E7%94%9F%E5%85%83Postbiotics%20%E5%BB%A3%E7%BE%A9%E4%BE%86%E8%AA%AA%EF%BC%8C%E5%BE%8C%E7%94%9F%E5%85%83%E5%B0%B1%E6%98%AF%E7%9B%8A%E7%94%9F%E8%8F%8C%E5%9C%A8%E7%99%BC%E9%85%B5%E9%81%8E%E7%A8%8B%E4%B8%AD%E4%BB%A3%E8%AC%9D%E7%94%A2%E7%94%9F%E7%9A%84%E6%B4%BB%E6%80%A7%E7%89%A9%E8%B3%AA%EF%BC%8C%E5%8C%85%E6%8B%AC%E8%8F%8C%E9%AB%94%E5%8F%8A%E4%BB%A3%E8%AC%9D%E6%88%90%E5%88%86%EF%BC%8C%E5%AF%8C%E5%90%AB%E6%9C%89%E6%A9%9F%E9%85%B8%E3%80%81%E7%9F%AD%E9%8F%88%E8%84%82%E8%82%AA%E9%85%B8%E3%80%81%E8%8F%8C%E9%AB%94%E7%B4%B0%E8%83%9E%E5%A3%81%E6%88%90%E5%88%86%E3%80%81%E6%B6%88%E5%8C%96%E9%85%B5%E7%B4%A0%E3%80%81%E5%8A%9F%E8%83%BD%E6%80%A7%E8%9B%8B%E7%99%BD%E3%80%81%E7%B4%B0%E8%83%9E%E5%A4%96%E5%A4%9A%E9%86%A3%E3%80%82%20%E5%B8%82%E5%94%AE%E5%BE%8C%E7%94%9F%E5%85%83%E5%A4%A7%E5%A4%9A%E7%B6%93%E7%86%B1%E8%99%95%E7%90%86%E6%88%96%E5%B0%88%E5%88%A9%E7%86%B1%E9%8E%96%E5%AD%98%E6%8A%80%E8%A1%93%EF%BC%8C%E8%97%89%E7%94%B1%E6%9C%80%E4%BD%B3%E7%86%B1%E6%BA%AB%E5%BA%A6%E8%99%95%E7%90%86%EF%BC%8C%E9%80%B2%E8%A1%8C%E5%BE%AE%E7%94%9F%E7%89%A9%E6%BB%85%E6%B4%BB%EF%BC%8C%E9%99%8D%E4%BD%8E%E5%BE%8C%E9%85%B8%E5%8C%96%E5%8F%8D%E6%87%89%EF%BC%8C%E9%8E%96%E4%BD%8F%E7%99%BC%E9%85%B5%E7%B2%BE%E8%8F%AF%E3%80%82%20%E6%89%80%E4%BB%A5%E5%BE%8C%E7%94%9F%E5%85%83%E4%B8%AD%E7%9A%84%E8%8F%8C%E9%AB%94%EF%BC%8C%E5%A4%A7%E5%A4%9A%E6%98%AF%E6%BB%85%E6%B4%BB%E7%9A%84%E8%8F%8C%E9%AB%94%E5%A4%96%E6%AE%BC%E3%80%82%20%E7%A0%94%E7%A9%B6%E9%A1%AF%E7%A4%BA%EF%BC%8C%E7%9B%B4%E6%8E%A5%E6%94%9D%E5%8F%96%E5%BE%8C%E7%94%9F%E5%85%83%EF%BC%8C%E8%83%BD%E5%BF%AB%E9%80%9F%E8%AA%BF%E6%95%B4%E6%B6%88%E5%8C%96%E9%81%93%E8%8F%8C%E7%BE%A4%EF%BC%8C%E6%9C%89%E5%8A%A9%E8%BA%AB%E9%AB%94%E6%9C%89%E6%95%88%E5%9C%B0%E5%90%B8%E6%94%B6%E7%87%9F%E9%A4%8A%E5%8F%8A%E6%A9%9F%E8%83%BD%E5%88%86%E5%AD%90%EF%BC%8C%E7%94%9A%E8%87%B3%E5%B0%8D%E6%96%BC%E5%85%8D%E7%96%AB%E4%B9%9F%E6%9C%89%E6%AD%A3%E7%9B%B8%E5%B9%AB%E5%8A%A9%E3%80%82
https://www.smilerx.com.tw/the-advantages-and-functions-of-postbiotics/
https://www.dabombprotein.com/zh-tw/knowledge.php?act=view&id=10#:~:text=%E5%BE%8C%E7%94%9F%E5%85%83%EF%BC%88Postbiotics%EF%BC%89%E6%98%AF%E7%9B%8A%E7%94%9F%E8%8F%8C(Probiotics)%E5%9C%A8%E4%BB%A3%E8%AC%9D%E9%81%8E%E7%A8%8B%E4%B8%AD%E7%94%A2%E7%94%9F%E7%9A%84%E4%BB%A3%E8%AC%9D%E7%89%A9%EF%BC%8C%E9%80%99%E4%BA%9B%E7%89%A9%E8%B3%AA%E5%8C%85%E6%8B%AC%E7%9F%AD%E9%8F%88%E8%84%82%E8%82%AA%E9%85%B8%E3%80%81%E7%B4%B0%E8%83%9E%E5%A3%81%E6%88%90%E5%88%86%E3%80%81%E9%85%B6%E3%80%81%E6%9C%89%E6%A9%9F%E9%85%B8%E5%92%8C%E5%85%B6%E4%BB%96%E7%94%9F%E7%89%A9%E6%B4%BB%E6%80%A7%E5%88%86%E5%AD%90%EF%BC%8C%E5%8F%AF%E5%9C%A8%E8%85%B8%E9%81%93%E4%B8%AD%E7%87%9F%E9%80%A0%E5%88%A9%E6%96%BC%E5%A5%BD%E8%8F%8C%E7%94%9F%E9%95%B7%E7%9A%84%E7%92%B0%E5%A2%83%EF%BC%8C%E8%88%87%E7%9B%8A%E7%94%9F%E8%8F%8C%E7%9B%B8%E4%BA%92%E6%90%AD%E9%85%8D%EF%BC%8C%E9%99%8D%E4%BD%8E%E5%A3%9E%E8%8F%8C%E6%BB%8B%E7%94%9F%EF%BC%8C%E5%84%AA%E5%8C%96%E8%85%B8%E9%81%93%E8%8F%8C%E7%9B%B8%E3%80%82%20%E5%BE%8C%E7%94%9F%E5%85%83%E8%88%87%E6%B4%BB%E7%9A%84%E7%9B%8A%E7%94%9F%E8%8F%8C%E4%B8%8D%E5%90%8C%EF%BC%8C%E5%BE%8C%E7%94%9F%E5%85%83%E7%82%BA%E9%9D%9E%E6%B4%BB%E8%8F%8C%EF%BC%8C%E4%B8%8D%E9%9C%80%E8%A6%81%E8%8F%8C%E9%AB%94%E7%9A%84%E5%AD%98%E5%9C%A8%E5%8D%B3%E5%8F%AF%E7%99%BC%E6%8F%AE%E5%81%A5%E5%BA%B7%E7%9B%8A%E8%99%95%E3%80%82%20%E5%9C%8B%E9%9A%9B%E7%9B%8A%E7%94%9F%E8%8F%8C%E5%8F%8A%E7%9B%8A%E7%94%9F%E5%85%83%E5%8D%94%E6%9C%83(ISAPP)%E5%AE%9A%E7%BE%A9%E5%BE%8C%E7%94%9F%E5%85%83%E7%82%BA%EF%BC%9A%E3%80%8C%E8%83%BD%E7%82%BA%E5%AE%BF%E4%B8%BB%E6%8F%90%E4%BE%9B%E5%81%A5%E5%BA%B7%E7%9B%8A%E8%99%95%E7%9A%84%E7%84%A1%E7%94%9F%E5%91%BD%E5%BE%AE%E7%94%9F%E7%89%A9%E5%88%86%E6%B3%8C%E7%89%A9%E6%88%96%E5%85%B6%E7%89%87%E6%AE%B5%E7%94%A2%E7%89%A9%E3%80%8D%E3%80%82%20%E7%9B%8A%E7%94%9F%E8%8F%8C%E3%80%81%E7%9B%8A%E7%94%9F%E5%85%83(Prebiotic)%E8%88%87%E5%BE%8C%E7%94%9F%E5%85%83%E4%B9%8B%E9%96%93%E7%9A%84%E9%97%9C%E4%BF%82%EF%BC%8C%E5%8F%AF%E4%BB%A5%E7%94%A8%E4%B8%80%E5%80%8B%E7%B0%A1%E5%96%AE%E4%BE%8B%E5%AD%90%E6%AF%94%E5%96%BB%EF%BC%9A%E4%B8%80%E5%80%8B%E8%85%B8%E9%81%93%E5%B0%B1%E5%83%8F%E4%B8%80%E5%80%8B%E5%B0%8F%E5%B0%8F%E6%88%B0%E5%A0%B4%EF%BC%8C%E7%9B%8A%E7%94%9F%E8%8F%8C%E6%98%AF%E5%89%8D%E7%B7%9A%E5%A3%AB%E5%85%B5%E3%80%81%E7%9B%8A%E7%94%9F%E5%85%83%E7%82%BA%E5%A3%AB%E5%85%B5%E8%A3%9C%E7%B5%A6%E5%93%81%EF%BC%8C%E5%BE%8C%E7%94%9F%E5%85%83%E5%89%87%E6%98%AF%E7%9B%8A%E7%94%9F%E8%8F%8C%E5%90%83%E6%8E%89%E7%9B%8A%E7%94%9F%E5%85%83%E5%BE%8C%E7%9A%84%E4%BB%A3%E8%AC%9D%E7%89%A9%EF%BC%8C%E4%B8%89%E8%80%85%E4%B9%8B%E9%96%93%E7%9B%B8%E4%BA%92%E9%85%8D%E5%90%88%EF%BC%8C%E6%89%8D%E5%8F%AF%E4%BB%A5%E5%A5%BD%E5%A5%BD%E4%BF%9D%E8%AD%B7%E8%85%B8%E9%81%93%E7%92%B0%E5%A2%83%E3%80%81%E6%89%93%E6%93%8A%E5%A3%9E%E8%8F%8C%E3%80%82
https://bio-nin.com/zh-tw/news.php?act=view&id=66"
益生菌微生物組 (Microbiome),NO_AIO_FOUND,
益生菌腸–腦軸 (Gut–Brain Axis),"益生菌腸–腦軸 (Gut–Brain Axis) 指的是
腸道菌群與大腦之間雙向的溝通網絡
，這個網絡透過神經、荷爾蒙和免疫系統進行訊息傳遞，深刻影響情緒、認知、食慾、睡眠等大腦功能，甚至與憂鬱、焦慮、自閉症、帕金森氏症等精神和神經疾病的發生和治療相關。
腸–腦軸的運作機制與益生菌的影響：
腸道菌群的作用：
腸道內有益菌能夠產生神經傳導物質（如血清素）和激素，調節情緒和行為，而腸道菌群的失衡或腸漏症可能導致神經發炎，影響大腦健康。
特定益生菌的益處：
部分益生菌，例如乳桿菌屬和雙叉乳桿菌屬的菌株，已被證實可以產生GABA和促進血清素分泌，有助於緩解焦慮和憂鬱，並改善睡眠品質。
提升腦源性神經滋養因子 (
BDNF
)：
一些特定益生菌，如植物乳桿菌
(
Lactobacillus plantarum
)
和雙叉乳桿菌屬
(
Bifidobacterium
)
，能夠提升體內BDNF的含量，保護腦神經，降低神經退化的風險。
雙向溝通：
腸道菌群可以透過迷走神經、血液中的免疫分子等傳遞訊息到大腦，同時大腦也會透過這些途徑反饋訊息給腸道，調節腸道功能和身心狀態。
改善腸–腦軸健康的建議：
飲食調整：
攝取富含水果、蔬菜、纖維的全穀物和發酵食品，以支持腸道健康和益生菌生長。
補充益生菌：
適量補充特定益生菌，可以幫助調節腸道菌相，可能對大腦健康產生正面影響。
管理壓力：
壓力對腸–腦軸有顯著影響，學習壓力管理技巧有助於改善腸道和身心健康。
尋求專業協助：
若有腸胃道問題或精神症狀，建議尋求專業醫師或藥師的協助，而非僅依賴益生菌作為唯一的調理方式。","https://alldaycompanytech.com/1134/#:~:text=%E8%85%A6%E8%85%B8%E8%BB%B8(brain%2Dgut%20axis)%E5%9C%A8%E5%A4%A7%E8%85%A6%E5%81%A5%E5%BA%B7%E4%B8%AD%E7%9A%84%E9%97%9C%E9%8D%B5%E4%BD%9C%E7%94%A8%20*%20%E8%85%B8%E9%81%93%E5%BE%AE%E7%94%9F%E7%89%A9%E7%9A%84%E5%BD%B1%E9%9F%BF%EF%BC%9A%20%E8%85%B8%E9%81%93%E5%BE%AE%E7%94%9F%E7%89%A9%E7%BE%A4%E8%90%BD%E4%B8%AD%EF%BC%8C%E6%9C%89%E7%9B%8A%E8%8F%8C%E5%92%8C%E6%9C%89%E5%AE%B3%E8%8F%8C%E5%85%B1%E5%90%8C%E5%AD%98%E5%9C%A8%E3%80%82%20%E5%85%B6%E4%B8%AD%EF%BC%8C%E6%9C%89%E7%9B%8A%E8%8F%8C%E6%9C%83%E7%94%A2%E7%94%9F%E6%9C%89%E7%9B%8A%E6%96%BC%E5%A4%A7%E8%85%A6%E5%81%A5%E5%BA%B7%E7%9A%84%E7%A5%9E%E7%B6%93%E9%81%9E%E8%B3%AA%E5%92%8C%E6%BF%80%E7%B4%A0%EF%BC%8C%E5%A6%82%E8%A1%80%E6%B8%85%E7%B4%A0%E5%92%8C%E5%A4%9A%E5%B7%B4%E8%83%BA%E3%80%82%20%E9%80%99%E4%BA%9B%E7%89%A9%E8%B3%AA%E6%9C%89%E5%8A%A9%E6%96%BC%E8%AA%BF%E7%AF%80%E6%83%85%E7%B7%92%E3%80%81%E7%9D%A1%E7%9C%A0%E5%92%8C%E9%A3%9F%E6%85%BE%E3%80%82,*%20%E9%A3%B2%E9%A3%9F%E5%B0%8D%E8%85%A6%E8%85%B8%E8%BB%B8%E7%9A%84%E5%BD%B1%E9%9F%BF%EF%BC%9A%20%E9%A3%B2%E9%A3%9F%E7%BF%92%E6%85%A3%E5%B0%8D%E8%85%B8%E9%81%93%E5%81%A5%E5%BA%B7%E5%92%8C%E8%85%A6%E8%85%B8%E8%BB%B8%E6%9C%89%E9%87%8D%E5%A4%A7%E5%BD%B1%E9%9F%BF%E3%80%82%20%E5%AF%8C%E5%90%AB%E6%B0%B4%E6%9E%9C%E3%80%81%E8%94%AC%E8%8F%9C%E5%92%8C%E7%BA%96%E7%B6%AD%E7%9A%84%E9%A3%9F%E7%89%A9%E6%9C%89%E5%88%A9%E6%96%BC%E8%85%B8%E9%81%93%E5%BE%AE%E7%94%9F%E7%89%A9%E7%BE%A4%E8%90%BD%E7%9A%84%E5%81%A5%E5%BA%B7%EF%BC%8C%E4%B8%A6%E5%8F%AF%E8%83%BD%E9%99%8D%E4%BD%8E%E6%82%A3%E4%B8%8A%E7%B2%BE%E7%A5%9E%E7%96%BE%E7%97%85%E7%9A%84%E9%A2%A8%E9%9A%AA%E3%80%82%20%E8%80%8C%E9%AB%98%E7%B3%96%E3%80%81%E9%AB%98%E8%84%82%E8%82%AA%E5%92%8C%E5%8A%A0%E5%B7%A5%E9%A3%9F%E5%93%81%E5%89%87%E6%9C%83%E7%A0%B4%E5%A3%9E%E8%85%B8%E9%81%93%E5%B1%8F%E9%9A%9C%EF%BC%8C%E4%B8%A6%E4%BF%83%E9%80%B2%E6%9C%89%E5%AE%B3%E8%8F%8C%E7%9A%84%E7%94%9F%E9%95%B7%E3%80%82%20*%20%E5%A3%93%E5%8A%9B%E5%B0%8D%E8%85%A6%E8%85%B8%E8%BB%B8%E7%9A%84%E5%BD%B1%E9%9F%BF%EF%BC%9A
https://benedlife.com/tw-ph/blogs/news/what-is-the-gut-brain-axis#:~:text=%E8%85%B8%E9%81%93%E5%BE%AE%E7%94%9F%E7%89%A9%E7%B5%84%E5%92%8C%E8%85%B8%E8%85%A6%E8%BB%B8%20%E5%BE%AE%E7%94%9F%E7%89%A9%E9%AB%94%2D%E8%85%B8%E9%81%93%2D%E5%A4%A7%E8%85%A6%E8%BB%B8(MGBA)%20%E6%98%AF%E8%85%B8%E9%81%93%2D%E5%A4%A7%E8%85%A6%E8%BB%B8%E7%9A%84%E4%B8%80%E9%83%A8%E5%88%86%E3%80%82%20MGBA%20%E6%8F%8F%E8%BF%B0%E4%BA%86%E8%85%B8%E9%81%93%E5%BE%AE%E7%94%9F%E7%89%A9%E8%88%87%E5%A4%A7%E8%85%A6%E4%B9%8B%E9%96%93%E7%9A%84%E9%9B%99%E5%90%91%E6%BA%9D%E9%80%9A%E7%B6%B2%E8%B7%AF%E3%80%82%20%E8%85%B8%E9%81%93%E5%85%A7%E6%9C%89%E6%95%B8%E4%BB%A5%E8%90%AC%E5%84%84%E8%A8%88%E7%9A%84%E5%BE%AE%E7%94%9F%E7%89%A9%EF%BC%8C%E5%AE%83%E5%80%91%E5%8F%AF%E4%BB%A5%E5%AE%A2%E6%88%B6%E8%B3%87%E8%A8%8A%E5%82%B3%E8%BC%B8%E5%88%B0%E5%A4%A7%E8%85%A6%E3%80%82%20%E8%BF%B7%E8%B5%B0%E7%A5%9E%E7%B6%93%E3%80%81%E8%A1%80%E6%B6%B2%E5%92%8C%E5%85%8D%E7%96%AB%E5%88%86%E5%AD%90%E9%83%BD%E5%8F%AF%E8%83%BD%E5%9C%A8%E5%85%A9%E8%80%85%E4%B9%8B%E9%96%93%E5%82%B3%E9%81%9E%E8%85%B8%E9%81%93%E5%BE%AE%E7%94%9F%E7%89%A9%E4%BF%A1%E8%99%9F%E3%80%82%20%E5%A4%A7%E8%85%A6%E6%9C%83%E6%8E%A5%E6%94%B6%E6%89%80%E6%9C%89%E9%80%99%E4%BA%9B%E5%AE%A2%E6%88%B6%E8%B3%87%E8%A8%8A%E5%AE%A2%E6%88%B6%E8%B3%87%E8%A8%8A%EF%BC%8C%E4%B8%A6%E5%B0%87%E5%85%B6%E8%88%87%E5%85%B6%E4%BB%96%E5%AE%A2%E6%88%B6%E8%B3%87%E8%A8%8A%E6%95%B4%E5%90%88%EF%BC%8C%E7%84%B6%E5%BE%8C%E6%B1%BA%E5%AE%9A%E5%85%B6%E4%BB%96%E5%8B%95%E4%BD%9C%E7%9A%84%E8%A8%8A%E8%99%9F%EF%BC%8C%E4%BE%8B%E5%A6%82%E5%A3%93%E5%8A%9B%E5%8F%8D%E6%87%89%E6%88%96%E9%A3%9F%E7%89%A9%E6%96%B0%E9%99%B3%E4%BB%A3%E8%AC%9D%E3%80%82
https://www.bcrc.firdi.org.tw/wwwbcrc-website/e-Publication/e01/106.pdf
https://www.hc.mmh.org.tw/news_view.php?id=526#:~:text=%E5%8A%89%E5%BE%B7%E9%8E%AE%E8%97%A5%E5%B8%AB%E8%A3%9C%E5%85%85,%E6%B6%88%E5%8C%96%E4%B8%8D%E8%89%AF%E3%80%81%E9%A3%9F%E6%85%BE%E4%B8%8D%E6%8C%AF%E7%AD%89%E3%80%82
https://www.vitura.com.tw/zh-TW/blogs/selected/163742#:~:text=%E5%A6%82%E4%BD%95%E9%A4%8A%E5%87%BA%E8%85%B8%E9%81%93%E5%A5%BD%E8%8F%8C%E6%8E%A7%E5%88%B6%E5%A3%9E%E8%8F%8C%EF%BC%9F%20*%20%E8%94%AC%E8%8F%9C%E5%92%8C%E6%B0%B4%E6%9E%9C%EF%BC%9A%E5%90%AB%E6%9C%89%E8%B1%90%E5%AF%8C%E7%9A%84%E7%BA%96%E7%B6%AD%E3%80%81%E7%B6%AD%E7%94%9F%E7%B4%A0%E5%92%8C%E6%8A%97%E6%B0%A7%E5%8C%96%E7%89%A9%E8%B3%AA%EF%BC%8C%E6%9C%89%E5%8A%A9%E6%96%BC%E8%85%B8%E9%81%93%E5%81%A5%E5%BA%B7%E3%80%82%20*%20%E5%85%A8%E7%A9%80%E7%89%A9%EF%BC%9A%E4%BE%8B%E5%A6%82%E7%87%95%E9%BA%A5%E3%80%81%E7%B3%99%E7%B1%B3%E5%92%8C%E5%85%A8%E9%BA%A5%E9%BA%B5%E5%8C%85%EF%BC%8C%E9%80%99%E4%BA%9B%E9%A3%9F%E7%89%A9%E5%AF%8C%E5%90%AB%E5%8F%AF%E6%BA%B6%E6%80%A7%E5%92%8C%E4%B8%8D%E6%BA%B6%E6%80%A7%E7%BA%96%E7%B6%AD%EF%BC%8C%E6%9C%89%E5%8A%A9%E6%96%BC%E8%85%B8%E9%81%93%E8%A0%95%E5%8B%95%E5%92%8C%E5%A5%BD%E8%8F%8C%E7%94%9F%E9%95%B7%E3%80%82%20*%20%E7%99%BC%E9%85%B5%E9%A3%9F%E5%93%81%EF%BC%9A%E4%BE%8B%E5%A6%82%E5%84%AA%E6%A0%BC%E3%80%81%E6%B3%A1%E8%8F%9C%E3%80%81%E5%91%B3%E5%99%8C%E5%92%8C%E7%B4%8D%E8%B1%86%EF%BC%8C%E9%80%99%E4%BA%9B%E9%A3%9F%E5%93%81%E5%90%AB%E6%9C%89%E7%9B%8A%E7%94%9F%E8%8F%8C%EF%BC%8C%E6%9C%89%E5%8A%A9%E6%96%BC%E8%A3%9C%E5%85%85%E8%85%B8%E9%81%93%E5%85%A7%E7%9A%84%E5%A5%BD%E8%8F%8C%E3%80%82
https://www.tma.tw/ltk/109630804.pdf#:~:text=2013%E5%B9%B4%E7%94%B1Tillisch%20K%E7%AD%89(3)%E9%96%8B%E5%A7%8B%E6%8F%90%E5%87%BA%E7%B2%BE%E7%A5%9E%20%E7%9B%8A%E7%94%9F%E8%8F%8C(psychobiotics)%E7%9A%84%E7%90%86%E8%AB%96%E5%9F%BA%E7%A4%8E%E3%80%82%20%E5%9B%A0%E6%AD%A4%EF%BC%8C%E4%BD%BF%E5%BE%97%20%E8%87%A8%E5%BA%8A%E7%B2%BE%E7%A5%9E%E7%A7%91%E9%86%AB%E5%B8%AB%E9%80%90%E6%BC%B8%E9%AB%94%E6%9C%83%E5%88%B0%E8%85%B8%E9%81%93%E8%8F%8C%E7%BE%A4%E5%9C%A8%E5%A4%A7%E8%85%A6%E5%9B%BA%E6%9C%89%20%E7%9A%84%E7%99%BC%E8%82%B2%E5%8F%8A%E8%A1%8C%E7%82%BA%E7%99%BC%E5%B1%95%E9%81%8E%E7%A8%8B%E7%9A%84%E6%A9%9F%E5%88%B6%E4%B8%AD%EF%BC%8C%E6%AD%A3%E6%89%AE%E6%BC%94%E8%91%97%E5%8F%A6%E4%B8%80%20%E5%80%8B%E9%87%8D%E8%A6%81%E7%9A%84%E6%96%B0%E8%88%88%E8%A7%92%E8%89%B2%E3%80%82,%E7%97%87%E3%80%81%E7%84%A6%E6%85%AE%E7%97%87%E3%80%81%E6%83%85%E7%B7%92%E5%A3%93%E5%8A%9B%E3%80%81%E8%87%AA%E9%96%89%E7%97%87%E9%A1%9E%E7%BE%A4%E9%9A%9C%E7%A4%99(autism%20spectrum%20disorder)%E3%80%81%E4%BA%9E%E6%96%AF%E4%BC%AF%E6%A0%BC%E7%97%87%E5%80%99%E7%BE%A4(Asperger%20syndrome)%E3%80%81%E5%B7%B4%E9%87%91%E6%A3%AE%E6%B0%8F%E7%97%87(Parkinson's%20disease)%E7%94%9A%E8%87%B3%20%E6%97%A9%E6%9C%9F%E5%A4%B1%E6%99%BA%E7%97%87%E6%88%96%E9%98%BF%E8%8C%B2%E6%B5%B7%E9%BB%98%E7%97%87%E6%9C%89%E8%91%97%E4%B8%8D%E7%AD%89%E7%A8%8B%E5%BA%A6%E7%9A%84%E8%BC%94%E5%8A%A9%E6%80%A7%20%E6%B2%BB%E7%99%82%E5%8A%9F%E6%95%88(4)%E3%80%82&text=%E9%86%AB%E5%B8%AB%E4%BA%9F%E6%AC%B2%E6%B7%B1%E5%85%A5%E7%A0%94%E7%A9%B6%E4%B8%A6%E7%9E%AD%E8%A7%A3%E7%9A%84%E6%96%B0%E8%88%88%E9%86%AB%E7%99%82%E9%A0%98%E5%9F%9F%E3%80%82%20%E5%9B%A0%E6%AD%A4%EF%BC%8C%E7%94%B1%E9%81%A9%E7%95%B6%E8%B6%B3%E9%87%8F%E7%9A%84%E7%9B%8A%E7%94%9F%E8%8F%8C%E7%9A%84%E7%B5%A6%E8%88%87%EF%BC%8C%E5%8F%AF%E8%83%BD%E5%B0%8D%20%E4%B8%AD%E6%A8%9E%E7%A5%9E%E7%B6%93%E7%B3%BB%E7%B5%B1%E6%9C%83%E7%94%A2%E7%94%9F%E7%A9%8D%E6%A5%B5%E6%AD%A3%E5%90%91%E7%9A%84%E5%BD%B1%E9%9F%BF%E3%80%82%20%E5%9F%BA%E6%9C%AC%E4%B8%8A%EF%BC%8C%20%E8%85%B8%E8%85%A6%E8%BB%B8%E6%8C%87%E7%9A%84%E6%98%AF%E8%85%B8%E9%81%93%E8%8F%8C%E7%BE%A4%E8%88%87%E5%A4%A7%E8%85%A6%E9%96%93%E9%9B%99%E5%90%91%E7%9A%84%E4%BF%A1%E6%81%AF%E4%BA%A4%E6%B5%81%20%E7%B6%B2%E7%B5%A1%EF%BC%8C%E7%94%B1%E6%AD%A4%E9%80%B2%E4%B8%80%E6%AD%A5%E6%8F%90%E4%BE%9B%E4%BF%9D%E8%AD%B7%E5%A4%A7%E8%85%A6%E4%BB%A5%E5%8F%8A%E7%A5%9E%E7%B6%93%E7%B2%BE%E7%A5%9E%E7%96%BE%20%E7%97%85%E6%96%B0%E8%88%88%E7%9A%84%E6%B2%BB%E7%99%82%E6%96%B9%E9%87%9D%E5%8F%8A%E9%80%94%E5%BE%91%E3%80%82%20%E5%9B%A0%E6%AD%A4%EF%BC%8C%E6%9C%AC%E6%96%87%E7%89%B9%E6%AD%A4%E5%B0%8D%E8%85%B8%E9%81%93%E8%8F%8C%E7%BE%A4%E5%8F%8A%E8%85%B8%E8%85%A6%E8%BB%B8%E4%B9%8B%E9%96%93%E7%9A%84%20%E7%9B%B8%E4%BA%92%E4%BD%9C%E7%94%A8%E6%A9%9F%E5%88%B6%E5%81%9A%E4%B8%80%E6%96%87%E7%8D%BB%E4%B8%8A%E7%9A%84%E7%B6%9C%E8%BF%B0%E5%8F%8A%E6%8E%A2%E8%A8%8E%EF%BC%8C%E4%B8%A6%E6%9C%9F%E6%9C%9B%20%E5%8F%A3%E6%9C%8D%E7%9B%8A%E7%94%9F%E8%8F%8C%E7%9A%84%E6%94%9D%E5%8F%96%E6%88%96%E6%98%AF%E3%80%8C%E7%B6%93%E8%83%83%E9%8F%A1%E5%B0%8F%E8%85%B8%E5%85%A7%E7%81%8C%E6%B3%A8%E7%9B%8A%E7%94%9F%20%E8%8F%8C%E3%80%8D%E7%9A%84%E9%80%94%E5%BE%91%EF%BC%8C%E8%83%BD%E5%9C%A8%E7%9B%B8%E9%97%9C%E7%A5%9E%E7%B6%93%E7%B2%BE%E7%A5%9E%E7%96%BE%E7%97%85%E6%B2%BB%E7%99%82%E4%B8%8A%EF%BC%8C%E6%8F%90%20%E4%BE%9B%E4%B8%80%E5%80%8B%E6%A8%99%E9%9D%B6%E6%B2%BB%E7%99%82%E6%A8%A1%E5%BC%8F%E7%9A%84%E5%8F%83%E8%80%83%E9%81%B8%E6%93%87%E4%BE%9D%E6%93%9A(5)%E3%80%82
https://www.gut-brain.org/#:~:text=%E8%85%B8%E9%81%93%E8%8F%8C%E9%80%8F%E9%81%8E%E8%85%A6,%E7%97%87%E3%80%81%E5%A4%B1%E6%99%BA%E7%97%87%E7%AD%89%E3%80%82
https://blog.uterusally.com/health-care/gut-brain-axis/#:~:text=%E8%8F%8C%E8%85%A6%E8%85%B8%E8%BB%B8%E6%98%AF%E4%BB%80%E9%BA%BC%EF%BC%9F%20*%20%E9%A6%96%E5%85%88%EF%BC%8C%E8%85%A6%E8%85%B8%E8%BB%B8(gut%2Dbrain%20axis)%E6%98%AF%E6%8C%87%E4%B8%AD%E6%A8%9E%E5%92%8C%E8%85%B8%E7%A5%9E%E7%B6%93%E7%B3%BB%E7%B5%B1%E4%B9%8B%E9%96%93%E7%9A%84%E9%9B%99%E5%90%91%E9%80%9A%E8%A8%8A%EF%BC%8C%E5%B0%87%E5%A4%A7%E8%85%A6%E7%9A%84%E6%83%85%E6%84%9F%E3%80%81%E8%AA%8D%E7%9F%A5%E4%B8%AD%E5%BF%83%E8%88%87%E5%91%A8%E9%82%8A%E8%85%B8%E9%81%93%E9%80%A3%E6%8E%A5%E8%B5%B7%E4%BE%86%EF%BC%8C%E8%80%8C%E8%85%B8%E9%81%93%E8%8F%8C%E7%BE%A4%E4%B9%9F%E5%8F%83%E8%88%87%E4%BA%86%E5%A4%A7%E8%85%A6%E5%92%8C%E8%85%B8%E9%81%93%E7%9A%84%E9%80%9A%E8%A8%8A%EF%BC%8C%E5%BD%A2%E6%88%90%E8%8F%8C%E8%85%A6%E8%85%B8%E8%BB%B8%E3%80%82%20*%20%E5%9B%A0%E6%AD%A4%E8%85%B8%E9%81%93%E8%8F%8C%E5%8F%A2%E7%9A%84%E7%94%9F%E6%85%8B%E5%B9%B3%E8%A1%A1%E8%88%87%E5%A4%A7%E8%85%A6%E7%9A%84%E7%B2%BE%E7%A5%9E%E7%8B%80%E6%85%8B%E6%81%AF%E6%81%AF%E7%9B%B8%E9%97%9C%EF%BC%8C%E9%81%A9%E6%99%82%E8%A3%9C%E5%85%85%E7%9B%8A%E7%94%9F%E8%8F%8C%E8%AA%BF%E7%AF%80%E8%85%B8%E9%81%93%E8%8F%8C%E7%9B%B8%E6%98%AF%E5%BE%88%E9%87%8D%E8%A6%81%E7%9A%84%E3%80%82%20*,%E5%9C%A8%E5%8B%95%E7%89%A9%E5%AF%A6%E9%A9%97%E4%B8%AD%EF%BC%8C%E4%BB%A5%E7%AE%A1%E9%A4%B5%E6%96%B9%E5%BC%8F%E7%B5%A6%E4%BA%88%E5%A4%A7%E9%BC%A0%E6%A4%8D%E7%89%A9%E4%B9%B3%E6%A1%BF%E8%8F%8C(Lactobacillus%20plantarum%20IS%2D10506)%20%E8%83%BD%E4%BD%BF%E5%85%B6%E8%85%A6%E4%B8%AD%E8%A1%80%E6%B8%85%E7%B4%A0%E5%8F%8ABDNF%E5%A2%9E%E5%8A%A0%E3%80%82%20%E5%9B%A0%E6%AD%A4%EF%BC%8C%E9%81%A9%E7%95%B6%E8%A3%9C%E5%85%85%E7%89%B9%E5%AE%9A%E7%9B%8A%E7%94%9F%E8%8F%8C%E5%8F%AF%E6%8F%90%E5%8D%87BDNF%E5%90%AB%E9%87%8F%EF%BC%8C%E4%BF%9D%E8%AD%B7%E5%A4%A7%E8%85%A6%E7%A5%9E%E7%B6%93%E3%80%81%E9%99%8D%E4%BD%8E%E7%A5%9E%E7%B6%93%E9%80%80%E5%8C%96%E3%80%82%20*%20%EF%BC%88%E5%B0%8F%E6%8F%90%E9%86%92%EF%BC%9A%E7%9B%8A%E7%94%9F%E8%8F%8C%E5%B1%AC%E6%96%BC%E7%87%9F%E9%A4%8A%E8%A3%9C%E5%85%85%E7%9A%84%E6%97%A5%E5%B8%B8%E8%AA%BF%E7%90%86%E6%96%B9%E5%BC%8F%EF%BC%8C%E8%8B%A5%E6%9C%89%E8%85%B8%E8%83%83%E9%81%93%E5%95%8F%E9%A1%8C%E3%80%81%E6%86%82%E9%AC%B1%E7%AD%89%E7%97%87%E7%8B%80%E4%BB%8D%E5%BB%BA%E8%AD%B0%E4%BD%A0%E5%85%88%E5%B0%8B%E6%B1%82%E5%B0%88%E6%A5%AD%E9%86%AB%E5%B8%AB%E7%9A%84%E5%8D%94%E5%8A%A9%E5%96%94%EF%BC%81%EF%BC%89
https://www.jwdx.com.tw/%E8%85%B8%E9%81%93%E7%AC%AC%E4%BA%8C%E5%A4%A7%E8%85%A6/#:~:text=%E4%BA%8C%E5%80%8B%E5%A4%A7%E8%85%A6%EF%BC%9F-,%E8%AA%8D%E8%AD%98%E8%85%B8%E9%81%93%E5%81%A5%E5%BA%B7%E7%9A%84%E9%87%8D%E8%A6%81%E6%80%A7,%E5%BD%B1%E9%9F%BF%E6%83%85%E7%B7%92%E5%92%8C%E8%A8%98%E6%86%B6%E8%83%BD%E5%8A%9B%E3%80%82
https://www.tma.tw/ltk/109630804.pdf#:~:text=2013%E5%B9%B4%E7%94%B1Tillisch%20K%E7%AD%89(3)%E9%96%8B%E5%A7%8B%E6%8F%90%E5%87%BA%E7%B2%BE%E7%A5%9E%20%E7%9B%8A%E7%94%9F%E8%8F%8C(psychobiotics)%E7%9A%84%E7%90%86%E8%AB%96%E5%9F%BA%E7%A4%8E%E3%80%82%20%E5%9B%A0%E6%AD%A4%EF%BC%8C%E4%BD%BF%E5%BE%97%20%E8%87%A8%E5%BA%8A%E7%B2%BE%E7%A5%9E%E7%A7%91%E9%86%AB%E5%B8%AB%E9%80%90%E6%BC%B8%E9%AB%94%E6%9C%83%E5%88%B0%E8%85%B8%E9%81%93%E8%8F%8C%E7%BE%A4%E5%9C%A8%E5%A4%A7%E8%85%A6%E5%9B%BA%E6%9C%89%20%E7%9A%84%E7%99%BC%E8%82%B2%E5%8F%8A%E8%A1%8C%E7%82%BA%E7%99%BC%E5%B1%95%E9%81%8E%E7%A8%8B%E7%9A%84%E6%A9%9F%E5%88%B6%E4%B8%AD%EF%BC%8C%E6%AD%A3%E6%89%AE%E6%BC%94%E8%91%97%E5%8F%A6%E4%B8%80%20%E5%80%8B%E9%87%8D%E8%A6%81%E7%9A%84%E6%96%B0%E8%88%88%E8%A7%92%E8%89%B2%E3%80%82,%E7%97%87%E3%80%81%E7%84%A6%E6%85%AE%E7%97%87%E3%80%81%E6%83%85%E7%B7%92%E5%A3%93%E5%8A%9B%E3%80%81%E8%87%AA%E9%96%89%E7%97%87%E9%A1%9E%E7%BE%A4%E9%9A%9C%E7%A4%99(autism%20spectrum%20disorder)%E3%80%81%E4%BA%9E%E6%96%AF%E4%BC%AF%E6%A0%BC%E7%97%87%E5%80%99%E7%BE%A4(Asperger%20syndrome)%E3%80%81%E5%B7%B4%E9%87%91%E6%A3%AE%E6%B0%8F%E7%97%87(Parkinson's%20disease)%E7%94%9A%E8%87%B3%20%E6%97%A9%E6%9C%9F%E5%A4%B1%E6%99%BA%E7%97%87%E6%88%96%E9%98%BF%E8%8C%B2%E6%B5%B7%E9%BB%98%E7%97%87%E6%9C%89%E8%91%97%E4%B8%8D%E7%AD%89%E7%A8%8B%E5%BA%A6%E7%9A%84%E8%BC%94%E5%8A%A9%E6%80%A7%20%E6%B2%BB%E7%99%82%E5%8A%9F%E6%95%88(4)%E3%80%82&text=%E9%86%AB%E5%B8%AB%E4%BA%9F%E6%AC%B2%E6%B7%B1%E5%85%A5%E7%A0%94%E7%A9%B6%E4%B8%A6%E7%9E%AD%E8%A7%A3%E7%9A%84%E6%96%B0%E8%88%88%E9%86%AB%E7%99%82%E9%A0%98%E5%9F%9F%E3%80%82%20%E5%9B%A0%E6%AD%A4%EF%BC%8C%E7%94%B1%E9%81%A9%E7%95%B6%E8%B6%B3%E9%87%8F%E7%9A%84%E7%9B%8A%E7%94%9F%E8%8F%8C%E7%9A%84%E7%B5%A6%E8%88%87%EF%BC%8C%E5%8F%AF%E8%83%BD%E5%B0%8D%20%E4%B8%AD%E6%A8%9E%E7%A5%9E%E7%B6%93%E7%B3%BB%E7%B5%B1%E6%9C%83%E7%94%A2%E7%94%9F%E7%A9%8D%E6%A5%B5%E6%AD%A3%E5%90%91%E7%9A%84%E5%BD%B1%E9%9F%BF%E3%80%82%20%E5%9F%BA%E6%9C%AC%E4%B8%8A%EF%BC%8C%20%E8%85%B8%E8%85%A6%E8%BB%B8%E6%8C%87%E7%9A%84%E6%98%AF%E8%85%B8%E9%81%93%E8%8F%8C%E7%BE%A4%E8%88%87%E5%A4%A7%E8%85%A6%E9%96%93%E9%9B%99%E5%90%91%E7%9A%84%E4%BF%A1%E6%81%AF%E4%BA%A4%E6%B5%81%20%E7%B6%B2%E7%B5%A1%EF%BC%8C%E7%94%B1%E6%AD%A4%E9%80%B2%E4%B8%80%E6%AD%A5%E6%8F%90%E4%BE%9B%E4%BF%9D%E8%AD%B7%E5%A4%A7%E8%85%A6%E4%BB%A5%E5%8F%8A%E7%A5%9E%E7%B6%93%E7%B2%BE%E7%A5%9E%E7%96%BE%20%E7%97%85%E6%96%B0%E8%88%88%E7%9A%84%E6%B2%BB%E7%99%82%E6%96%B9%E9%87%9D%E5%8F%8A%E9%80%94%E5%BE%91%E3%80%82%20%E5%9B%A0%E6%AD%A4%EF%BC%8C%E6%9C%AC%E6%96%87%E7%89%B9%E6%AD%A4%E5%B0%8D%E8%85%B8%E9%81%93%E8%8F%8C%E7%BE%A4%E5%8F%8A%E8%85%B8%E8%85%A6%E8%BB%B8%E4%B9%8B%E9%96%93%E7%9A%84%20%E7%9B%B8%E4%BA%92%E4%BD%9C%E7%94%A8%E6%A9%9F%E5%88%B6%E5%81%9A%E4%B8%80%E6%96%87%E7%8D%BB%E4%B8%8A%E7%9A%84%E7%B6%9C%E8%BF%B0%E5%8F%8A%E6%8E%A2%E8%A8%8E%EF%BC%8C%E4%B8%A6%E6%9C%9F%E6%9C%9B%20%E5%8F%A3%E6%9C%8D%E7%9B%8A%E7%94%9F%E8%8F%8C%E7%9A%84%E6%94%9D%E5%8F%96%E6%88%96%E6%98%AF%E3%80%8C%E7%B6%93%E8%83%83%E9%8F%A1%E5%B0%8F%E8%85%B8%E5%85%A7%E7%81%8C%E6%B3%A8%E7%9B%8A%E7%94%9F%20%E8%8F%8C%E3%80%8D%E7%9A%84%E9%80%94%E5%BE%91%EF%BC%8C%E8%83%BD%E5%9C%A8%E7%9B%B8%E9%97%9C%E7%A5%9E%E7%B6%93%E7%B2%BE%E7%A5%9E%E7%96%BE%E7%97%85%E6%B2%BB%E7%99%82%E4%B8%8A%EF%BC%8C%E6%8F%90%20%E4%BE%9B%E4%B8%80%E5%80%8B%E6%A8%99%E9%9D%B6%E6%B2%BB%E7%99%82%E6%A8%A1%E5%BC%8F%E7%9A%84%E5%8F%83%E8%80%83%E9%81%B8%E6%93%87%E4%BE%9D%E6%93%9A(5)%E3%80%82
https://www.gut-brain.org/#:~:text=%E8%85%B8%E9%81%93%E8%8F%8C%E9%80%8F%E9%81%8E%E8%85%A6,%E7%97%87%E3%80%81%E5%A4%B1%E6%99%BA%E7%97%87%E7%AD%89%E3%80%82
https://blog.uterusally.com/health-care/gut-brain-axis/#:~:text=%E8%8F%8C%E8%85%A6%E8%85%B8%E8%BB%B8%E6%98%AF%E4%BB%80%E9%BA%BC%EF%BC%9F%20*%20%E9%A6%96%E5%85%88%EF%BC%8C%E8%85%A6%E8%85%B8%E8%BB%B8(gut%2Dbrain%20axis)%E6%98%AF%E6%8C%87%E4%B8%AD%E6%A8%9E%E5%92%8C%E8%85%B8%E7%A5%9E%E7%B6%93%E7%B3%BB%E7%B5%B1%E4%B9%8B%E9%96%93%E7%9A%84%E9%9B%99%E5%90%91%E9%80%9A%E8%A8%8A%EF%BC%8C%E5%B0%87%E5%A4%A7%E8%85%A6%E7%9A%84%E6%83%85%E6%84%9F%E3%80%81%E8%AA%8D%E7%9F%A5%E4%B8%AD%E5%BF%83%E8%88%87%E5%91%A8%E9%82%8A%E8%85%B8%E9%81%93%E9%80%A3%E6%8E%A5%E8%B5%B7%E4%BE%86%EF%BC%8C%E8%80%8C%E8%85%B8%E9%81%93%E8%8F%8C%E7%BE%A4%E4%B9%9F%E5%8F%83%E8%88%87%E4%BA%86%E5%A4%A7%E8%85%A6%E5%92%8C%E8%85%B8%E9%81%93%E7%9A%84%E9%80%9A%E8%A8%8A%EF%BC%8C%E5%BD%A2%E6%88%90%E8%8F%8C%E8%85%A6%E8%85%B8%E8%BB%B8%E3%80%82%20*%20%E5%9B%A0%E6%AD%A4%E8%85%B8%E9%81%93%E8%8F%8C%E5%8F%A2%E7%9A%84%E7%94%9F%E6%85%8B%E5%B9%B3%E8%A1%A1%E8%88%87%E5%A4%A7%E8%85%A6%E7%9A%84%E7%B2%BE%E7%A5%9E%E7%8B%80%E6%85%8B%E6%81%AF%E6%81%AF%E7%9B%B8%E9%97%9C%EF%BC%8C%E9%81%A9%E6%99%82%E8%A3%9C%E5%85%85%E7%9B%8A%E7%94%9F%E8%8F%8C%E8%AA%BF%E7%AF%80%E8%85%B8%E9%81%93%E8%8F%8C%E7%9B%B8%E6%98%AF%E5%BE%88%E9%87%8D%E8%A6%81%E7%9A%84%E3%80%82%20*,%E5%9C%A8%E5%8B%95%E7%89%A9%E5%AF%A6%E9%A9%97%E4%B8%AD%EF%BC%8C%E4%BB%A5%E7%AE%A1%E9%A4%B5%E6%96%B9%E5%BC%8F%E7%B5%A6%E4%BA%88%E5%A4%A7%E9%BC%A0%E6%A4%8D%E7%89%A9%E4%B9%B3%E6%A1%BF%E8%8F%8C(Lactobacillus%20plantarum%20IS%2D10506)%20%E8%83%BD%E4%BD%BF%E5%85%B6%E8%85%A6%E4%B8%AD%E8%A1%80%E6%B8%85%E7%B4%A0%E5%8F%8ABDNF%E5%A2%9E%E5%8A%A0%E3%80%82%20%E5%9B%A0%E6%AD%A4%EF%BC%8C%E9%81%A9%E7%95%B6%E8%A3%9C%E5%85%85%E7%89%B9%E5%AE%9A%E7%9B%8A%E7%94%9F%E8%8F%8C%E5%8F%AF%E6%8F%90%E5%8D%87BDNF%E5%90%AB%E9%87%8F%EF%BC%8C%E4%BF%9D%E8%AD%B7%E5%A4%A7%E8%85%A6%E7%A5%9E%E7%B6%93%E3%80%81%E9%99%8D%E4%BD%8E%E7%A5%9E%E7%B6%93%E9%80%80%E5%8C%96%E3%80%82%20*%20%EF%BC%88%E5%B0%8F%E6%8F%90%E9%86%92%EF%BC%9A%E7%9B%8A%E7%94%9F%E8%8F%8C%E5%B1%AC%E6%96%BC%E7%87%9F%E9%A4%8A%E8%A3%9C%E5%85%85%E7%9A%84%E6%97%A5%E5%B8%B8%E8%AA%BF%E7%90%86%E6%96%B9%E5%BC%8F%EF%BC%8C%E8%8B%A5%E6%9C%89%E8%85%B8%E8%83%83%E9%81%93%E5%95%8F%E9%A1%8C%E3%80%81%E6%86%82%E9%AC%B1%E7%AD%89%E7%97%87%E7%8B%80%E4%BB%8D%E5%BB%BA%E8%AD%B0%E4%BD%A0%E5%85%88%E5%B0%8B%E6%B1%82%E5%B0%88%E6%A5%AD%E9%86%AB%E5%B8%AB%E7%9A%84%E5%8D%94%E5%8A%A9%E5%96%94%EF%BC%81%EF%BC%89"
益生菌短鏈脂肪酸 (SCFAs),"短鏈脂肪酸（SCFAs）是由腸道益生菌分解膳食纖維等碳水化合物產生的有機酸，主要成分為乙酸、丙酸和丁酸。
它們是腸道細胞的重要能量來源，對維持腸道健康、增強免疫力、調節代謝及預防多種疾病具有重要作用。
短鏈脂肪酸(SCFAs) 的重要性與功能：
腸道健康：
SCFAs 是腸道細胞的主要能量來源，有助於維持腸道屏障的完整性，促進腸道蠕動，抑制害菌並促進益菌生長。
丁酸尤其對結腸細胞健康和預防結腸癌有益。
免疫調節：
SCFAs 能夠調節免疫細胞，有助於抗發炎、抗菌等作用，並能提升免疫力對抗病毒感染，例如流感。
代謝調節：
SCFAs 可影響血糖、體重和脂質代謝，並可能對預防代謝性疾病（如肥胖、第二型糖尿病）有益。
它們還能刺激瘦素分泌，有助於控制食慾。
促進運動表現：
SCFAs 能增加肌肉細胞的胰島素敏感度，促進肝醣合成，增加粒線體數量，以及促進脂肪酸的獲取和燃燒，對耐力運動有幫助。
SCFAs 的來源與製造：
腸道菌群：
SCFAs 主要由腸道微生物（尤其是厭氧菌）分解食物中的碳水化合物（如膳食纖維、抗性澱粉、寡糖等）產生。
益生菌補充：
補充益生菌產品，特別是含有能夠產酸菌種的產品，可以間接促進腸道內SCFAs 的產生。
飲食習慣：
攝取足夠的膳食纖維和發酵食物，如優格、泡菜、納豆等，也有助於增加腸道內SCFAs 的生成。
重要提示： 研究顯示，天然的SCFAs 與人工合成的SCFAs 效果可能不同，目前關於人工合成SCFAs 的功效仍待進一步證實。
因此，透過飲食和補充益生菌來培養健康的腸道微生態，以獲得天然的SCFAs 是更為推薦的方式。","https://biomed.hk/%E7%9F%AD%E9%8F%88%E8%84%82%E8%82%AA%E9%85%B8%E4%BE%86%E6%BA%90%E8%87%AA%E7%9B%8A%E7%94%9F%E8%8F%8C%E7%9F%AD%E9%8F%88%E8%84%82%E8%82%AA%E9%85%B8%E6%9C%89%E4%BB%80%E9%BA%BC%E5%8A%9F%E8%83%BD%E5%8F%8A/
https://mag.betery.com.tw/scfas-running-performance/
https://www.cpr.cuhk.edu.hk/tc/press/cuhk-study-shows-short-chain-fatty-acids-produced-by-probiotic-bacteria-in-the-gut-can-boost-immunity-against-influenza-and-other-viral-infections/#:~:text=%E5%8E%BB%E5%B9%B4%E4%B8%AD%E5%A4%A7%E7%99%BC%E8%A1%A8%E5%9C%A8%E3%80%8A%E5%88%BA%E9%87%9D%E5%82%B3%E6%9F%93%E7%97%85%E5%AD%B8%E3%80%8B%EF%BC%88The%20Lancet%20Infectious%20Diseases%EF%BC%89%E7%9A%84%E4%B8%80%E9%A0%85%E5%A4%A7%E5%9E%8B%E8%87%A8%E5%BA%8A%E9%9B%99%E7%9B%B2%E7%A0%94%E7%A9%B6%E8%A9%95%E4%BC%B0%E4%BA%86%E4%B8%AD%E5%A4%A7%E7%A0%94%E7%99%BC%E7%9A%84%E7%9B%8A%E7%94%9F%E8%8F%8C%E9%85%8D%E6%96%B9SIM01%E5%B0%8D%E6%94%B9%E5%96%84%E8%85%B8%E9%81%93%E5%BE%AE%E7%94%9F%E6%85%8B%E7%9A%84%E4%BD%9C%E7%94%A8%E3%80%82%20%E7%A0%94%E7%A9%B6%E5%85%B1%E5%90%8C%E7%AC%AC%E4%B8%80%E4%BD%9C%E8%80%85%EF%BC%8C%E4%B8%AD%E5%A4%A7%E9%86%AB%E5%AD%B8%E9%99%A2%E5%85%A7%E7%A7%91%E5%8F%8A%E8%97%A5%E7%89%A9%E6%B2%BB%E7%99%82%E5%AD%B8%E7%B3%BB%E5%90%8D%E8%AD%BD%E5%8D%9A%E5%A3%AB%E5%BE%8C%E7%A0%94%E7%A9%B6%E5%93%A1%E5%8A%89%E6%9B%89%E9%9C%96%E5%8D%9A%E5%A3%AB%E8%A1%A8%E7%A4%BA%EF%BC%9A%E3%80%8C%E6%A0%B9%E6%93%9A%E5%AE%8F%E5%9F%BA%E5%9B%A0%E5%88%86%E6%9E%90%EF%BC%8C%E6%96%B0%E5%86%A0%E5%BA%B7%E5%BE%A9%E8%80%85%E6%9C%8D%E7%94%A8SIM01%E5%BE%8C%EF%BC%8C%E8%85%B8%E9%81%93%E5%A4%9A%E7%A8%AE%E7%94%A2%E7%94%9FSCFA%E7%9A%84%E7%9B%8A%E8%8F%8C%E9%A1%AF%E8%91%97%E5%A2%9E%E5%8A%A0%EF%BC%8C%E7%95%B6%E4%B8%AD%E4%B8%8D%E5%B0%91%E6%AD%A3%E6%98%AF%E6%B5%81%E6%84%9F%E6%82%A3%E8%80%85%E7%BC%BA%E4%B9%8F%E7%9A%84%E8%85%B8%E9%81%93%E7%9B%8A%E8%8F%8C%E3%80%82%E3%80%8D%20%E9%80%99%E9%A0%85%E7%A0%94%E7%A9%B6%E7%8D%B2%E9%A6%99%E6%B8%AF%E7%89%B9%E5%88%A5%E8%A1%8C%E6%94%BF%E5%8D%80%E6%94%BF%E5%BA%9CInnoHK%E8%A8%88%E5%8A%83%EF%BC%8C%E4%BB%A5%E5%8F%8A%E9%86%AB%E5%8B%99%E8%A1%9E%E7%94%9F%E5%B1%80%E9%86%AB%E7%99%82%E8%A1%9E%E7%94%9F%E7%A0%94%E7%A9%B6%E5%9F%BA%E9%87%91%E6%94%AF%E6%8C%81%E3%80%82%20%E4%B8%AD%E5%A4%A7%E9%86%AB%E5%AD%B8%E9%99%A2%E7%A0%94%E7%A9%B6%E6%8C%87%E5%87%BA%E8%85%B8%E9%81%93%E7%9B%8A%E8%8F%8C%E7%94%A2%E7%94%9F%E7%9A%84%E7%9F%AD%E9%8F%88%E8%84%82%E8%82%AA%E9%85%B8%E8%83%BD%E6%8F%90%E5%8D%87%E5%85%8D%E7%96%AB%E5%8A%9B%E5%B0%8D%E6%8A%97%E6%B5%81%E6%84%9F%E5%8F%8A%E5%85%B6%E4%BB%96%E7%97%85%E6%AF%92%E6%84%9F%E6%9F%93%E3%80%82%20%E4%B8%AD%E5%A4%A7%E9%86%AB%E5%AD%B8%E9%99%A2%E5%8D%93%E6%95%8F%E5%85%A7%E7%A7%91%E5%8F%8A%E8%97%A5%E7%89%A9%E6%B2%BB%E7%99%82%E5%AD%B8%E8%AC%9B%E5%BA%A7%E6%95%99%E6%8E%88%E5%85%BC%E8%85%B8%E9%81%93%E5%BE%AE%E7%94%9F%E7%89%A9%E7%BE%A4%E7%A0%94%E7%A9%B6%E4%B8%AD%E5%BF%83%E4%B8%BB%E4%BB%BB%E9%99%B3%E5%AE%B6%E4%BA%AE%E6%95%99%E6%8E%88%EF%BC%88%E5%B7%A6%EF%BC%89%E5%8F%8A%E4%B8%AD%E5%A4%A7%E9%86%AB%E5%AD%B8%E9%99%A2%E5%85%A7%E7%A7%91%E5%8F%8A%E8%97%A5%E7%89%A9%E6%B2%BB%E7%99%82%E5%AD%B8%E7%B3%BB%E5%90%8D%E8%AD%BD%E5%8D%9A%E5%A3%AB%E5%BE%8C%E7%A0%94%E7%A9%B6%E5%93%A1%E5%8A%89%E6%9B%89%E9%9C%96%E5%8D%9A%E5%A3%AB%E3%80%82%20%E9%99%B3%E5%AE%B6%E4%BA%AE%E6%95%99%E6%8E%88%EF%BC%88%E5%8F%B3%EF%BC%89%E5%88%86%E4%BA%AB%E7%A0%94%E7%A9%B6%E6%88%90%E6%9E%9C%E3%80%82
https://www.wjgnet.com/1009-3079/full/v30/i13/562.htm
https://www.med.cuhk.edu.hk/sc/press-releases/cuhk-study-shows-short-chain-fatty-acids-produced-by-probiotic-bacteria-in-the-gut-can-boost-immunity-against-influenza-and-other-viral-infections
https://gutolution.com/zh-hant/blogs/%E7%A7%91%E7%A0%94-scientific-research/short-chain-fatty-acids-essential-nutrients-for-a-healthy-gut#:~:text=%E7%9F%AD%E9%8F%88%E8%84%82%E8%82%AA%E9%85%B8%EF%BC%88SCFAs%EF%BC%89%E6%98%AF%E4%BA%BA%E9%A1%9E%E8%85%B8%E9%81%93%E7%B3%BB%E7%B5%B1%E7%9A%84%E9%87%8D%E8%A6%81%E7%B5%84%E6%88%90%E9%83%A8%E5%88%86%EF%BC%8C%E5%B0%8D%E7%B6%AD%E8%AD%B7%E8%85%B8%E9%81%93%E5%81%A5%E5%BA%B7%E8%B5%B7%E8%91%97%E8%87%B3%E9%97%9C%E9%87%8D%E8%A6%81%E7%9A%84%E4%BD%9C%E7%94%A8%E3%80%82%20%E9%80%99%E4%BA%9B%E6%9C%89%E6%A9%9F%E9%85%B8%E6%98%AF%E9%80%9A%E9%81%8E%E8%85%B8%E9%81%93%E5%85%A7%E6%9C%89%E7%9B%8A%E7%B4%B0%E8%8F%8C%E5%B0%8D%E9%A3%9F%E7%89%A9%E7%BA%96%E7%B6%AD%E7%9A%84%E7%99%BC%E9%85%B5%E7%94%A2%E7%94%9F%E7%9A%84%E3%80%82%20%E5%9C%A8%E6%9C%AC%E6%96%87%E4%B8%AD%EF%BC%8C%E6%88%91%E5%80%91%E5%B0%87%E6%B7%B1%E5%85%A5%E6%8E%A2%E8%A8%8ESCFAs%E7%9A%84%E9%87%8D%E8%A6%81%E6%80%A7%E3%80%81%E4%BE%86%E6%BA%90%E4%BB%A5%E5%8F%8A%E5%B0%8D%E4%BA%BA%E9%A1%9E%E5%81%A5%E5%BA%B7%E7%9A%84%E8%A8%B1%E5%A4%9A%E5%A5%BD%E8%99%95%E3%80%82%20%E6%AD%A4%E5%A4%96%EF%BC%8C%E6%88%91%E5%80%91%E9%82%84%E5%B0%87%E6%8E%A2%E8%A8%8ESCFAs%E8%88%87%E7%9B%8A%E7%94%9F%E8%8F%8C%E4%B9%8B%E9%96%93%E7%9A%84%E9%97%9C%E4%BF%82%EF%BC%8C%E7%9B%8A%E7%94%9F%E8%8F%8C%E6%98%AF%E6%8C%87%E7%95%B6%E6%94%9D%E5%8F%96%E8%B6%B3%E9%87%8F%E6%99%82%E8%83%BD%E5%A4%A0%E5%B8%B6%E4%BE%86%E5%81%A5%E5%BA%B7%E7%9B%8A%E8%99%95%E7%9A%84%E6%B4%BB%E6%80%A7%E5%BE%AE%E7%94%9F%E7%89%A9%E3%80%82
https://biocommander.com/biocrates-scfa-assay/#:~:text=%E4%BB%80%E9%BA%BC%E6%98%AF%E7%9F%AD%E9%8F%88%E8%84%82%E8%82%AA%E9%85%B8?%20%E7%9F%AD%E9%8F%88%E8%84%82%E8%82%AA%E9%85%B8(short%2Dchain%20fatty%20acids%2C%20SCFAs)%20%E4%B9%9F%E7%A8%B1%E6%8F%AE%E7%99%BC%E6%80%A7%E8%84%82%E8%82%AA%E9%85%B8(Volatile%20fatty%20acids%2C%20VFA)%EF%BC%8C%E7%82%BA%E5%B0%91%E6%96%BC%E5%85%AD%E5%80%8B%E7%A2%B3%E7%9A%84%E6%9C%89%E6%A9%9F%E9%85%B8%EF%BC%8C%E4%BB%A5%E4%B9%99%E9%85%B8%E3%80%81%E4%B8%99%E9%85%B8%E3%80%81%E4%B8%81%E9%85%B8%E7%82%BA%E4%B8%BB%E3%80%82%20%E7%9F%AD%E9%8F%88%E8%84%82%E8%82%AA%E9%85%B8%E6%98%AF%E8%85%B8%E9%81%93%E5%85%A7%E6%9C%80%E5%B0%8F%E7%9A%84%E7%87%9F%E9%A4%8A%E5%96%AE%E4%BD%8D%EF%BC%8C%E5%8F%AF%E7%9B%B4%E6%8E%A5%E7%94%B1%E8%85%B8%E5%A3%81%E5%90%B8%E6%94%B6%E5%88%A9%E7%94%A8%EF%BC%8C%E7%82%BA%E8%85%B8%E9%81%93%E7%B4%B0%E8%83%9E%E6%8F%90%E4%BE%9B%E8%83%BD%E9%87%8F%E3%80%81%E4%BF%83%E9%80%B2%E5%88%86%E5%8C%96%E3%80%81%E7%B6%AD%E6%8C%81%E9%BB%8F%E8%86%9C%E5%81%A5%E5%BA%B7%E3%80%81%E4%BF%83%E9%80%B2%E8%85%B8%E9%81%93%E8%A0%95%E5%8B%95%E3%80%81%E6%8A%91%E5%88%B6%E5%AE%B3%E8%8F%8C%E4%B8%A6%E4%BF%83%E9%80%B2%E7%9B%8A%E8%8F%8C%E7%94%9F%E9%95%B7%E7%AD%89%E3%80%82%20%E5%B0%8D%E6%95%B4%E9%AB%94%E5%81%A5%E5%BA%B7%E8%80%8C%E8%A8%80%EF%BC%8C%E7%9F%AD%E9%8F%88%E8%84%82%E8%82%AA%E9%85%B8%E5%8F%AF%E4%BF%83%E9%80%B2%E8%A1%80%E6%B8%85%E7%B4%A0%E7%9A%84%E8%A3%BD%E9%80%A0%E3%80%81%E8%AA%BF%E7%AF%80%E8%BA%AB%E9%AB%94%E9%83%A8%E5%88%86%E5%85%8D%E7%96%AB%E7%B4%B0%E8%83%9E%E4%BB%A5%E9%81%94%E5%88%B0%E6%8A%97%E7%99%BC%E7%82%8E%E3%80%81%E6%8A%97%E8%8F%8C%E5%8F%8A%E6%8A%97%E8%85%AB%E7%98%A4%E7%AD%89%E6%95%88%E7%94%A8%E3%80%82
https://www.tystar.com.tw/blog/posts/%E7%9F%AD%E9%8F%88%E8%84%82%E8%82%AA%E9%85%B8short-chain-fatty-acids
https://www.healthone.com.tw/article-inner.php?arg=Z0JGU2dNSnFNcmFmclFadXpnPT0#:~:text=%E2%9D%9A%20%E7%89%B9%E9%BB%9E1%EF%BC%9A%E7%9F%AD%E9%8F%88%E8%84%82%E8%82%AA%E9%85%B8%E7%94%B1%E4%BA%BA%E9%AB%94%E8%87%AA%E8%A1%8C%E7%94%A2%E7%94%9F%20%E8%88%87%E5%B8%B8%E8%A6%8B%E7%9A%84%E4%B8%AD%E9%8F%88%E5%8F%8A%E9%95%B7%E9%8F%88%E8%84%82%E8%82%AA%E9%85%B8%E4%B8%8D%E5%90%8C%EF%BC%8C%E7%9F%AD%E9%8F%88%E8%84%82%E8%82%AA%E9%85%B8(SCFAs)%E6%B3%9B%E6%8C%87%E7%A2%B3%E9%8F%88%E5%B0%91%E6%96%BC%E5%85%AD%E5%80%8B%E7%A2%B3%E7%9A%84%E8%84%82%E8%82%AA%E9%85%B8%EF%BC%8C%E4%BB%A5%E4%B9%99%E9%85%B8%E3%80%81%E4%B8%99%E9%85%B8%E3%80%81%E4%B8%81%E9%85%B8%E7%82%BA%E4%B8%BB%EF%BC%8C%E8%83%BD%E6%8F%90%E4%BE%9B%E4%BA%BA%E9%AB%945%2D10%25%E7%9A%84%E8%83%BD%E9%87%8F%E4%BE%86%E6%BA%90%EF%BC%8C%E7%94%B1%E6%96%BC%E5%88%86%E5%AD%90%E5%B0%8F%EF%BC%8C%E5%8F%AF%E7%9B%B4%E6%8E%A5%E5%90%B8%E6%94%B6%E5%88%A9%E7%94%A8%E3%80%82%20%E4%B8%80%E8%88%AC%E4%BE%86%E8%AA%AA%EF%BC%8C%E6%88%91%E5%80%91%E5%8F%AF%E4%BB%A5%E5%BE%9E%E9%A3%9F%E7%89%A9%E4%B8%AD%E7%8D%B2%E5%BE%97%E4%B8%AD%E9%8F%88%E3%80%81%E9%95%B7%E9%8F%88%E8%84%82%E8%82%AA%E9%85%B8%EF%BC%8C%E4%BD%86%E7%9F%AD%E9%8F%88%E8%84%82%E8%82%AA%E9%85%B8%E5%BF%85%E9%A0%88%E7%94%B1%E5%93%BA%E4%B9%B3%E5%8B%95%E7%89%A9%E9%AB%94%E5%85%A7%E7%9A%84%E5%8E%AD%E6%B0%A7%E8%8F%8C%E6%88%96%E9%85%B5%E6%AF%8D%E8%8F%8C%EF%BC%8C%E5%B0%8D%E9%A3%9F%E7%89%A9%E7%BA%96%E7%B6%AD%E9%80%B2%E8%A1%8C%E7%B3%96%E8%A7%A3%E4%BD%9C%E7%94%A8%E6%99%82%E6%89%8D%E8%83%BD%E7%94%A2%E7%94%9F%E3%80%82
https://biomed.hk/%E7%9F%AD%E9%8F%88%E8%84%82%E8%82%AA%E9%85%B8%E4%BE%86%E6%BA%90%E8%87%AA%E7%9B%8A%E7%94%9F%E8%8F%8C%E7%9F%AD%E9%8F%88%E8%84%82%E8%82%AA%E9%85%B8%E6%9C%89%E4%BB%80%E9%BA%BC%E5%8A%9F%E8%83%BD%E5%8F%8A/
https://gutolution.com/zh-hant/blogs/%E7%A7%91%E7%A0%94-scientific-research/short-chain-fatty-acids-essential-nutrients-for-a-healthy-gut#:~:text=%E7%9F%AD%E9%8F%88%E8%84%82%E8%82%AA%E9%85%B8%EF%BC%88SCFAs%EF%BC%89%E6%98%AF%E4%BA%BA%E9%A1%9E%E8%85%B8%E9%81%93%E7%B3%BB%E7%B5%B1%E7%9A%84%E9%87%8D%E8%A6%81%E7%B5%84%E6%88%90%E9%83%A8%E5%88%86%EF%BC%8C%E5%B0%8D%E7%B6%AD%E8%AD%B7%E8%85%B8%E9%81%93%E5%81%A5%E5%BA%B7%E8%B5%B7%E8%91%97%E8%87%B3%E9%97%9C%E9%87%8D%E8%A6%81%E7%9A%84%E4%BD%9C%E7%94%A8%E3%80%82%20%E9%80%99%E4%BA%9B%E6%9C%89%E6%A9%9F%E9%85%B8%E6%98%AF%E9%80%9A%E9%81%8E%E8%85%B8%E9%81%93%E5%85%A7%E6%9C%89%E7%9B%8A%E7%B4%B0%E8%8F%8C%E5%B0%8D%E9%A3%9F%E7%89%A9%E7%BA%96%E7%B6%AD%E7%9A%84%E7%99%BC%E9%85%B5%E7%94%A2%E7%94%9F%E7%9A%84%E3%80%82%20%E5%9C%A8%E6%9C%AC%E6%96%87%E4%B8%AD%EF%BC%8C%E6%88%91%E5%80%91%E5%B0%87%E6%B7%B1%E5%85%A5%E6%8E%A2%E8%A8%8ESCFAs%E7%9A%84%E9%87%8D%E8%A6%81%E6%80%A7%E3%80%81%E4%BE%86%E6%BA%90%E4%BB%A5%E5%8F%8A%E5%B0%8D%E4%BA%BA%E9%A1%9E%E5%81%A5%E5%BA%B7%E7%9A%84%E8%A8%B1%E5%A4%9A%E5%A5%BD%E8%99%95%E3%80%82%20%E6%AD%A4%E5%A4%96%EF%BC%8C%E6%88%91%E5%80%91%E9%82%84%E5%B0%87%E6%8E%A2%E8%A8%8ESCFAs%E8%88%87%E7%9B%8A%E7%94%9F%E8%8F%8C%E4%B9%8B%E9%96%93%E7%9A%84%E9%97%9C%E4%BF%82%EF%BC%8C%E7%9B%8A%E7%94%9F%E8%8F%8C%E6%98%AF%E6%8C%87%E7%95%B6%E6%94%9D%E5%8F%96%E8%B6%B3%E9%87%8F%E6%99%82%E8%83%BD%E5%A4%A0%E5%B8%B6%E4%BE%86%E5%81%A5%E5%BA%B7%E7%9B%8A%E8%99%95%E7%9A%84%E6%B4%BB%E6%80%A7%E5%BE%AE%E7%94%9F%E7%89%A9%E3%80%82
https://mag.betery.com.tw/scfas-running-performance/"
益生菌腸躁症緩解,"益生菌已被證實能有效緩解腸躁症的不適症狀，包括腹痛、腹脹、排便習慣改變等
，特別是含有
乳酸菌屬
和
雙歧桿菌屬
的菌株，其中以*
*
嗜酸乳桿菌
（
L. acidophilus）**的改善效果可能更為顯著。
益生菌如何幫助緩解腸躁症：
調整腸道菌叢平衡：
腸躁症患者的腸道菌叢常失衡，補充益生菌能幫助增加腸道好菌，減少壞菌的增生，維持腸道菌群平衡。
改善腸道屏障功能：
益生菌有助於優化腸道屏障功能，減少壞菌附著，並有助於減輕腸道發炎反應。
減輕症狀：
根據研究，益生菌能有效緩解腹痛、腹脹、排便問題（腹瀉或便秘）等腸躁症相關症狀，並可能改善生活品質。
選擇益生菌的建議：
關鍵菌株：
建議選擇含有乳酸菌屬（如嗜酸乳桿菌）和雙歧桿菌屬的益生菌產品。
腹瀉型腸躁症注意：
腹瀉型腸躁症應避免選擇含有「乳醣醇、半乳寡糖」等高FODMAP成分的益生菌產品，以免加劇腹瀉。
搭配益生質：
可搭配益生質（如菊糖）提升菌種存活率，幫助益生菌更好地發揮作用。
非唯一治療方法：
益生菌是腸躁症的輔助治療，仍需搭配飲食調整、生活習慣改變等綜合治療。
諮詢專業意見：
若不確定如何選擇益生菌產品，建議諮詢醫師或營養師的專業意見。
其他腸躁症改善方法：
飲食調整：
避免高纖維食物、高FODMAP食物（如洋蔥、大蒜、蘋果等），攝取足夠的水溶性纖維（如秋葵、燕麥）幫助排便。
生活習慣改變：
尋找適合自己的放鬆方式，改善壓力，有助於改善症狀。
藥物治療：
在醫師指導下，可使用止瀉劑、軟便劑或其他藥物來緩解症狀。
非藥物治療：
認知行為療法、肌肉鬆弛法、催眠療法等非藥物治療也是可能的選擇。","https://blog.worldgymtaiwan.com/what-to-eat-when-you-have-irritable-bowel-syndrome#:~:text=%E8%85%B8%E8%BA%81%E7%97%87%E8%80%85%E7%9A%84,%E5%96%9C%E6%AD%A1%E9%80%99%E7%AF%87%E6%96%87%E7%AB%A0%E5%97%8E%EF%BC%9F
https://goodmood.com.tw/what-is-ibs/#:~:text=%E7%9B%8A%E7%94%9F%E8%8F%8C%E5%8A%A9%E6%96%BC%E6%94%B9%E5%96%84%E8%85%B8%E8%BA%81%E7%97%87%20%E3%80%8C%E4%B9%B3%E9%85%B8%E8%8F%8C%E5%B1%AC%E3%80%81%E9%9B%99%E6%AD%A7%E6%A1%BF%E8%8F%8C%E5%B1%AC%E3%80%8D%E7%9A%84%E7%9B%8A%E7%94%9F%E8%8F%8C%E8%83%BD%E6%94%B9%E5%96%84%E8%85%B8%E8%BA%81%E7%97%87%E5%BC%95%E8%B5%B7%E7%9A%84%E4%B8%8D%E9%81%A9%EF%BC%8C%E5%A6%82%EF%BC%9A%E8%85%B9%E7%97%9B%E3%80%81%E8%85%B9%E8%84%B9%E3%80%81%E6%8E%92%E4%BE%BF%E5%95%8F%E9%A1%8C%E7%AD%89%E3%80%82%20%E7%89%B9%E5%88%A5%E6%98%AF%E3%80%8C%E5%97%9C%E9%85%B8%E4%B9%B3%E6%A1%BF%E8%8F%8C%EF%BC%88L.acidophilus%EF%BC%89%E3%80%8D%E3%80%82%20%E5%97%9C%E9%85%B8%E4%B9%B3%E6%A1%BF%E8%8F%8C%E8%83%BD%E8%AA%BF%E7%AF%80%E3%80%81%E7%A9%A9%E5%AE%9A%E8%85%B8%E9%81%93%E5%85%A7%E7%9A%84%E7%9B%8A%E7%94%9F%E8%8F%8C%E7%94%9F%E6%85%8B%EF%BC%8C%E4%B8%A6%E6%B8%9B%E8%BC%95%E4%B8%80%E4%BA%9B%E8%85%B9%E7%97%9B%E8%88%87%E8%85%B9%E7%80%89%E7%9A%84%E7%8B%80%E6%B3%81%E3%80%82%20%E5%97%9C%E9%85%B8%E4%B9%B3%E6%A1%BF%E8%8F%8C%E4%B9%9F%E5%8A%A9%E6%96%BC%E8%AA%BF%E7%AF%80%E5%85%8D%E7%96%AB%E7%B3%BB%E7%B5%B1%EF%BC%8C%E6%B8%9B%E7%B7%A9%E8%85%B8%E8%83%83%E9%81%93%E7%9A%84%E9%81%8E%E5%BA%A6%E7%99%BC%E7%82%8E%E5%8F%8D%E6%87%89%E3%80%82%20%E6%AD%A4%E5%A4%96%EF%BC%8C%E5%BB%BA%E8%AD%B0%E3%80%8C%E8%85%B9%E7%80%89%E5%9E%8B%E8%85%B8%E8%BA%81%E7%97%87%E3%80%8D%E9%81%BF%E5%85%8D%E9%81%B8%E7%94%A8%E5%90%AB%E6%9C%89%E3%80%8C%E4%B9%B3%E9%86%A3%E9%86%87%E3%80%81%E5%8D%8A%E4%B9%B3%E5%AF%A1%E7%B3%96%E3%80%8D%E7%9A%84%E7%9B%8A%E7%94%9F%E8%8F%8C%E7%94%A2%E5%93%81%E3%80%82%20%E7%BE%8E%E5%85%B6%E5%90%8D%E7%95%B6%E6%88%90%E6%98%AF%E3%80%8C%E7%9B%8A%E7%94%9F%E5%85%83%EF%BC%88%E7%9B%8A%E7%94%9F%E8%8F%8C%E7%9A%84%E9%A3%9F%E7%89%A9%EF%BC%89%E3%80%8D%E3%80%82%20%E5%AF%A6%E8%B3%AA%E4%B8%8A%EF%BC%8C%E5%B0%8F%E5%88%86%E5%AD%90%E7%B3%96%E9%A1%9E%E4%B9%9F%E5%B1%AC%E6%96%BC%E9%AB%98FODMAP%20%E6%88%90%E5%88%86%EF%BC%8C%E5%B1%AC%E6%96%BC%E5%B8%B8%E8%A6%8B%E7%9A%84%E5%8A%A9%E7%80%89%E6%88%90%E5%88%86%E3%80%82%20%E9%9B%96%E7%84%B6%E6%9C%89%E5%8A%A9%E6%96%BC%E7%B7%A9%E8%A7%A3%E4%BE%BF%E7%A7%98%EF%BC%8C%E5%8D%BB%E6%9C%83%E5%8A%A0%E5%8A%87%E8%85%B9%E7%80%89%E7%9A%84%E7%8B%80%E6%B3%81%E3%80%82
https://www.yung-chiao.com.tw/blogs/health-info/178033#:~:text=1.%E9%AB%98%E7%BA%96%E7%B6%AD%E9%A3%9F%E7%89%A9%EF%BC%9A%20%E9%81%8E%E5%A4%9A%E7%BA%96%E7%B6%AD%E6%9C%83%E5%88%BA%E6%BF%80%E8%85%B8%E9%81%93%EF%BC%8C%E5%BC%95%E7%99%BC%E8%85%B9%E8%84%B9%E3%80%81%E8%85%B9%E7%80%89%E7%AD%89%E4%B8%8D%E9%81%A9%E3%80%82%20%E4%BE%8B%E5%A6%82%EF%BC%9A%E5%85%A8%E9%BA%A5%E9%BA%B5%E5%8C%85%E3%80%81%E8%B1%86%E9%A1%9E%E3%80%81%E5%A0%85%E6%9E%9C%E3%80%82%202.%E9%AB%98FODMAP%E9%A3%9F%E7%89%A9%EF%BC%9A%20FODMAP%E6%98%AF%E4%B8%80%E7%A8%AE%E9%9B%A3%E6%B6%88%E5%8C%96%E7%9A%84%E7%A2%B3%E6%B0%B4%E5%8C%96%E5%90%88%E7%89%A9%EF%BC%8C%E5%AE%B9%E6%98%93%E9%80%A0%E6%88%90%E8%85%B8%E8%83%83%E4%B8%8D%E9%81%A9%E3%80%82%20%E4%BE%8B%E5%A6%82%EF%BC%9A%E6%B4%8B%E8%94%A5%E3%80%81%E5%A4%A7%E8%92%9C%E3%80%81%E8%98%8B%E6%9E%9C%E3%80%81%E6%A2%A8%E3%80%82%20%E6%B4%8B%E8%94%A5%E5%92%8C%E5%A4%A7%E8%92%9C%EF%BC%9A
https://www.cycitrus.com/zh-TW/blogs/specialcolumn/189006
https://www.cynthiadietitian.com/nutrition-knowledge/fodmap-diet/
https://nutrition168.com/2022/10/23/irritable-bowel-syndrome/#:~:text=%E3%80%8C%E8%83%BD%E4%B8%8D%E8%83%BD%E6%A0%B9%E6%B2%BB%E3%80%8D%E6%98%AF%E5%BE%88%E5%A4%9A%E6%82%A3%E8%80%85%E7%9A%84%E5%BF%85%E5%95%8F%E9%A1%8C%EF%BC%8C%E7%AD%94%E6%A1%88%E6%98%AF%EF%BC%9A%E7%9B%AE%E5%89%8D%E9%82%84%E6%B2%92%E6%9C%89%E8%83%BD%E5%AE%8C%E5%85%A8%E6%B2%BB%E7%99%92%E8%85%B8%E8%BA%81%E7%97%87%E7%9A%84%E6%96%B9%E6%B3%95%EF%BC%8C%E6%B2%BB%E7%99%82%E7%9A%84%E7%9B%AE%E6%A8%99%E4%B8%BB%E8%A6%81%E6%98%AF%E6%8E%A7%E5%88%B6%E8%88%87%E7%B7%A9%E8%A7%A3%E7%97%87%E7%8B%80%E3%80%82%20%E5%9B%A0%E6%AD%A4%EF%BC%8C%E5%9C%A8%E3%80%8C%E8%97%A5%E7%89%A9%E6%B2%BB%E7%99%82%E3%80%8D%E4%B8%8A%EF%BC%8C%E9%86%AB%E5%B8%AB%E6%9C%83%E6%A0%B9%E6%93%9A%E7%97%85%E4%BA%BA%E7%97%87%E7%8B%80%E7%B5%A6%E4%BA%88%E6%AD%A2%E7%80%89%E5%8A%91%E3%80%81%E8%BB%9F%E4%BE%BF%E5%8A%91%E3%80%81%E7%9B%8A%E7%94%9F%E8%8F%8C%E6%88%96%E6%8A%97%E7%84%A6%E6%85%AE%E5%8A%91%E8%88%87%E6%8A%97%E6%86%82%E9%AC%B1%E5%8A%91%E7%AD%89%E5%B9%AB%E5%8A%A9%E6%94%B9%E5%96%84%E3%80%82%20%E5%81%87%E4%BD%BF%E8%97%A5%E7%89%A9%E6%B2%BB%E7%99%82%E6%95%88%E6%9E%9C%E4%B8%8D%E4%BD%B3%EF%BC%8C%E5%89%87%E9%80%9A%E5%B8%B8%E6%9C%83%E5%BB%BA%E8%AD%B0%E9%80%B2%E8%A1%8C%E8%AA%8D%E7%9F%A5%E8%A1%8C%E7%82%BA%E7%99%82%E6%B3%95%E3%80%81%E8%82%8C%E8%82%89%E9%AC%86%E5%BC%9B%E6%B3%95%E3%80%81%E5%82%AC%E7%9C%A0%E7%99%82%E6%B3%95%E3%80%81%E7%94%9F%E7%89%A9%E5%8F%8D%E9%A5%8B%E7%99%82%E6%B3%95%E7%AD%89%E3%80%8C%E9%9D%9E%E8%97%A5%E7%89%A9%E6%B2%BB%E7%99%82%E3%80%8D%E6%96%B9%E5%BC%8F%E3%80%82%20%E7%85%A7%E5%A4%A7%E8%85%B8%E9%8F%A1%E6%AA%A2%E6%9F%A5%E4%B9%8B%E5%89%8D%E8%A6%81%E4%BD%8E%E6%B8%A3%E9%A3%B2%E9%A3%9F%EF%BC%81%20%E4%BD%8E%E6%B8%A3%E9%A3%B2%E9%A3%9F%E5%8F%AF%E4%BB%A5%E6%80%8E%E9%BA%BC%E5%90%83%EF%BC%9F
https://www.ysp.com.tw/tw/magazine/1163#:~:text=%E7%B5%90%E8%AA%9E%E5%A4%A7%E8%85%B8%E6%BF%80%E8%BA%81%E7%97%87%E6%98%AF%E4%B8%80%E7%A8%AE%E5%B8%B8%E8%A6%8B%E7%9A%84%E8%83%83%E8%85%B8%E9%81%93%E5%8A%9F%E8%83%BD%E7%95%B0%E5%B8%B8%E7%96%BE%E7%97%85%EF%BC%8C%E4%BC%B4%E9%9A%A8%E8%91%97%E8%85%B9%E7%97%9B%E3%80%81%E8%85%B9%E9%83%A8%E4%B8%8D%E9%81%A9%E5%8F%8A%E6%8E%92%E4%BE%BF%E7%95%B0%E5%B8%B8%EF%BC%8C%E4%B8%A6%E5%9B%B0%E6%93%BE%E8%91%9710~20%25%20%E7%9A%84%E4%BA%BA%E5%8F%A3%EF%BC%8C%E9%9B%96%E7%84%B6%E6%9C%89%E5%A0%B1%E5%91%8A%E9%A1%AF%E7%A4%BA%E7%9B%8A%E7%94%9F%E8%8F%8C%E8%88%87%E6%8A%97%E7%94%9F%E7%B4%A0%E8%83%BD%E7%B7%A9%E8%A7%A3%E7%97%87%E7%8B%80%EF%BC%8C%E4%BD%86%E8%87%A8%E5%BA%8A%E8%AD%89%E6%93%9A%E4%B8%8D%E8%B6%B3%E7%9A%84%E6%83%85%E6%B3%81%E4%B8%8B%EF%BC%8C%E5%85%B6%E6%B2%BB%E7%99%82%E6%95%88%E7%9B%8A%E4%BB%8D%E6%8C%81%E4%BF%9D%E7%95%99%E6%85%8B%E5%BA%A6%E3%80%82%20%E8%80%8C%E8%A7%A3%E7%97%99%E6%94%A3%E8%97%A5%E3%80%81%E6%AD%A2%E7%80%89%E8%97%A5%E3%80%81%E4%B8%89%E7%92%B0%E6%8A%97%E6%86%82%E9%AC%B1%E8%97%A5%E3%80%81%E9%81%B8%E6%93%87%E6%80%A7%E8%A1%80%E6%B8%85%E7%B4%A0%E5%86%8D%E5%9B%9E%E6%94%B6%E6%8A%91%E5%88%B6%E5%8A%91%E7%AD%89%EF%BC%8C%E9%9B%96%E7%84%B6%E8%83%BD%E6%94%B9%E5%96%84%E7%97%87%E7%8B%80%EF%BC%8C%E4%BD%86%E5%8F%AF%E8%83%BD%E5%9B%A0%E5%85%B6%E5%89%AF%E4%BD%9C%E7%94%A8%E8%80%8C%E9%99%90%E5%88%B6%E4%BA%86%E8%97%A5%E7%89%A9%E7%9A%84%E4%BD%BF%E7%94%A8%E3%80%82%20%E6%95%B4%E9%AB%94%E8%80%8C%E8%A8%80%EF%BC%8C%E5%A4%9A%E6%96%B9%E9%9D%A2%E4%BA%86%E8%A7%A3%E5%BC%95%E8%B5%B7%E5%A4%A7%E8%85%B8%E6%BF%80%E8%BA%81%E7%97%87%E7%9A%84%E5%8E%9F%E5%9B%A0%EF%BC%8C%E6%98%AF%E6%9C%80%E6%9C%89%E6%95%88%E7%9A%84%E8%99%95%E7%90%86%E6%96%B9%E6%B3%95%EF%BC%8C%E4%B8%94%E6%8F%90%E4%BE%9B%E5%BF%83%E7%90%86%E6%94%AF%E6%8C%81%E8%88%87%E9%A3%B2%E9%A3%9F%E5%BB%BA%E8%AD%B0%E4%BA%A6%E6%98%AF%E9%9D%9E%E5%B8%B8%E9%9C%80%E8%A6%81%E7%9A%84%EF%BC%8C%E4%BB%A5%E6%9C%9F%E8%83%BD%E6%8F%90%E5%8D%87%E6%82%A3%E8%80%85%E7%9A%84%E7%94%9F%E6%B4%BB%E5%93%81%E8%B3%AA%E3%80%82
https://www.ysp.com.tw/tw/magazine/208#:~:text=%E6%AD%A2%E7%80%89%E5%8A%91(Antidiarrheals),%E6%82%A3%E8%80%85%EF%BC%8C%E6%AD%A4%E8%97%A5%E4%B8%8D%E9%81%A9%E5%90%88%E4%BD%BF%E7%94%A8%E3%80%82
https://biomed.hk/%E8%85%B8%E8%BA%81%E7%97%87%E6%98%AF%E4%BB%80%E9%BA%BC%E8%AA%8D%E8%AD%98%E8%85%B8%E8%BA%81%E7%97%87%E7%97%87%E7%8B%80%E5%8F%8A%E7%9B%8A%E7%94%9F%E8%8F%8C%E6%94%B9%E5%96%84%E6%B3%95/#:~:text=%E6%A0%B9%E6%93%9A%E5%9C%8B%E5%A4%96%E9%86%AB%E5%AD%B8%E7%A0%94%E7%A9%B6%E9%A1%AF%E7%A4%BA%EF%BC%8C%E7%9B%8A%E7%94%9F%E8%8F%8C%E8%83%BD%E6%9C%89%E6%95%88%E7%B7%A9%E8%A7%A3%E8%85%B8%E8%BA%81%E7%97%87%E5%BC%95%E8%B5%B7%E7%9A%84%E4%B8%8D%E9%81%A9%E7%97%87%E7%8B%80%EF%BC%8C%E5%8C%85%E6%8B%AC%E8%85%B9%E7%97%9B%E5%9A%B4%E9%87%8D%E7%A8%8B%E5%BA%A6%E3%80%81%E6%8C%81%E7%BA%8C%E6%99%82%E9%96%93%E3%80%81%E8%85%B9%E8%84%B9%E3%80%81%E6%8E%92%E4%BE%BF%E7%BF%92%E6%85%A3%E9%83%BD%E8%83%BD%E9%81%94%E5%88%B0%E6%94%B9%E5%96%84%EF%BC%8C%E5%85%B6%E4%B8%AD%E6%9C%80%E9%97%9C%E9%8D%B5%E7%9A%84%E8%8F%8C%E7%A8%AE%E5%8C%85%E6%8B%AC%E3%80%8C%E4%B9%B3%E9%85%B8%E8%8F%8C%E5%B1%AC%E3%80%8D%E5%92%8C%E3%80%8C%E9%9B%99%E6%AD%A7%E6%A1%BF%E8%8F%8C%E5%B1%AC%E3%80%8D%EF%BC%8C%E5%85%A9%E8%80%85%E7%9A%86%E8%83%BD%E9%81%94%E5%88%B0%E6%9C%89%E6%95%88%E6%95%88%E6%9E%9C%EF%BC%8C%E4%B8%A6%E4%B8%94%E4%BB%A5%E5%97%9C%E9%85%B8%E4%B9%B3%E6%A1%BF%E8%8F%8C%E4%BD%9C%E7%82%BA%E4%B8%BB%E8%A6%81%E8%8F%8C%E6%A0%AA%E6%95%88%E6%9E%9C%E5%8F%AF%E8%83%BD%E6%9B%B4%E9%A1%AF%E8%91%97%E3%80%82%20%E8%80%8CBioMed%20%E7%9A%84PGut%20%E8%85%B8%E7%A6%A6%E5%8A%9B%E7%9B%8A%E7%94%9F%E8%8F%8CE3%20%E8%83%BD%E6%94%B9%E5%96%84%E8%85%B8%E8%BA%81%E7%97%87%E4%B8%A6%E7%B4%93%E7%B7%A9%E8%85%B8%E9%81%93%E4%B8%8D%E9%81%A9%E7%97%87%E7%8B%80%EF%BC%8C%E7%94%A2%E5%93%81%E7%8D%A8%E6%9C%89E3%20%E6%B4%BB%E8%85%B8%E9%85%8D%E6%96%B9%EF%BC%8C%E7%B5%90%E5%90%88%E7%9B%8A%E7%94%9F%E8%8F%8C%E3%80%81%E7%9B%8A%E7%94%9F%E5%85%83%E5%8F%8A%E5%BE%8C%E7%94%9F%E5%85%83%EF%BC%8C%E8%83%BD%E5%A4%A0%E6%8F%90%E5%8D%87%E8%85%B8%E9%81%93%E8%8F%8C%E5%8F%A2%E7%94%9F%E6%85%8B%E5%A4%9A%E6%A8%A3%E6%80%A7%EF%BC%8C%E5%90%8C%E6%99%82%E8%A3%9C%E5%85%85%E5%A5%BD%E8%8F%8C%E6%95%B8%E9%87%8F%EF%BC%8C%E4%BF%83%E9%80%B2%E6%94%B9%E5%96%84%E8%85%B8%E9%81%93%E5%81%A5%E5%BA%B7%EF%BC%8C%E4%B8%A6%E6%9C%89%E6%95%88%E6%B8%9B%E8%BC%95%E8%85%B9%E7%80%89%E8%88%87%E4%BE%BF%E7%A7%98%E7%AD%89%E5%90%84%E7%A8%AE%E8%85%B8%E8%BA%81%E7%97%87%E7%97%87%E7%8B%80%E3%80%82%20%E7%9B%8A%E7%94%9F%E8%8F%8C%E4%BD%9C%E7%82%BA%E6%B2%BB%E7%99%82%E8%85%B8%E8%BA%81%E7%97%87%E7%9A%84%E4%B8%80%E7%A8%AE%E8%BC%94%E5%8A%A9%E6%89%8B%E6%AE%B5%EF%BC%8C%E5%8F%AF%E4%BB%A5%E5%9C%A8%E9%81%A9%E7%95%B6%E7%9A%84%E6%8C%87%E5%B0%8E%E4%B8%8B%E4%BD%BF%E7%94%A8%EF%BC%8C%E5%B9%AB%E5%8A%A9%E6%94%B9%E5%96%84%E7%97%87%E7%8B%80%E5%92%8C%E6%8F%90%E9%AB%98%E7%94%9F%E6%B4%BB%E5%93%81%E8%B3%AA%E3%80%82%20%E4%BA%86%E8%A7%A3%E8%85%B8%E8%BA%81%E7%97%87%E6%98%AF%E4%BB%80%E9%BA%BC%E5%BE%8C%EF%BC%8C%E5%A6%82%E6%87%B7%E7%96%91%E8%87%AA%E5%B7%B1%E6%9C%89%E8%85%B8%E8%BA%81%E7%97%87%E7%97%87%E7%8B%80%EF%BC%8C%E6%AD%A1%E8%BF%8E%E8%AB%AE%E8%A9%A2BioMed%20%E7%9A%84%E5%B0%88%E6%A5%AD%E5%9C%98%E9%9A%8A%EF%BC%8C%E6%88%91%E5%80%91%E7%82%BA%E6%82%A8%E6%8F%90%E4%BE%9B%E5%90%84%E7%A8%AE%E8%85%B8%E9%81%93%E8%8F%8C%E5%8F%A2%E6%AA%A2%E6%B8%AC%E6%9C%8D%E5%8B%99%E3%80%82
https://pharmahuanote.com/ibs/#:~:text=%E6%A0%B9%E6%93%9A%E5%85%A9%E7%AF%87%E9%9B%99%E7%9B%B2,%E5%85%B6%E4%BB%96%E8%8F%8C%E6%A0%AA%E9%82%84%E8%A6%81%E9%A1%AF%E8%91%97%E3%80%82
https://funcare.com/article_d.php?lang=tw&tb=3&id=3683#:~:text=%E7%9B%8A%E7%94%9F%E8%8F%8C%EF%BC%9A%E8%85%B8%E9%81%93%E5%81%A5%E5%BA%B7%E7%9A%84%E9%97%9C%E9%8D%B5%E8%BC%94%E5%8A%A9%20%E4%BA%BA%E9%AB%94%E8%85%B8%E9%81%93%E5%85%A7%E5%AF%84%E5%AE%BF%E8%91%97%E6%95%B8%E4%BB%A5%E8%90%AC%E5%84%84%E8%A8%88%E7%9A%84%E5%BE%AE%E7%94%9F%E7%89%A9%EF%BC%8C%E6%A7%8B%E6%88%90%E8%A4%87%E9%9B%9C%E7%9A%84%E3%80%8C%E8%85%B8%E9%81%93%E8%8F%8C%E7%BE%A4%E3%80%8D%EF%BC%8C%E5%AE%83%E5%80%91%E5%B0%8D%E6%B6%88%E5%8C%96%E3%80%81%E5%85%8D%E7%96%AB%E3%80%81%E6%96%B0%E9%99%B3%E4%BB%A3%E8%AC%9D%E4%B9%83%E8%87%B3%E6%83%85%E7%B7%92%E9%83%BD%E6%9C%89%E5%BD%B1%E9%9F%BF%E3%80%82%20%E7%95%B6%E8%85%B8%E9%81%93%E5%A5%BD%E8%8F%8C%E8%88%87%E5%A3%9E%E8%8F%8C%E5%A4%B1%E5%8E%BB%E5%B9%B3%E8%A1%A1%E6%99%82%EF%BC%8C%E4%BE%BF%E5%8F%AF%E8%83%BD%E5%B0%8E%E8%87%B4%E8%85%B8%E9%81%93%E8%A0%95%E5%8B%95%E7%95%B0%E5%B8%B8%E3%80%81%E7%99%BC%E7%82%8E%E5%8F%8D%E6%87%89%E5%A2%9E%E5%8A%A0%EF%BC%8C%E9%80%B2%E8%80%8C%E5%BC%95%E7%99%BC%E5%A4%A7%E8%85%B8%E6%BF%80%E8%BA%81%E7%97%87%E7%8B%80%E3%80%82%20%E9%82%A3%E9%BA%BC%EF%BC%8C%E8%A3%9C%E5%85%85%E7%9B%8A%E7%94%9F%E8%8F%8C%E7%9C%9F%E7%9A%84%E8%83%BD%E5%B9%AB%E5%8A%A9%E6%94%B9%E5%96%84%E8%85%B8%E8%BA%81%E7%97%87%E5%97%8E%EF%BC%9F%20%E7%AD%94%E6%A1%88%E6%98%AF%E8%82%AF%E5%AE%9A%E7%9A%84%EF%BC%8C%E5%8F%AA%E8%A6%81%E9%81%B8%E5%B0%8D%E8%8F%8C%E6%A0%AA%E4%B8%A6%E6%90%AD%E9%85%8D%E8%89%AF%E5%A5%BD%E7%9A%84%E7%94%9F%E6%B4%BB%E7%BF%92%E6%85%A3%EF%BC%8C%E7%9B%8A%E7%94%9F%E8%8F%8C%E8%83%BD%E4%BD%9C%E7%82%BA%E6%9C%89%E6%95%88%E7%9A%84%E8%BC%94%E5%8A%A9%E5%B7%A5%E5%85%B7%E3%80%82%20%E4%BB%A5%E4%B8%8B%E6%98%AF%E4%B8%80%E4%BA%9B%E7%B6%93%E7%A0%94%E7%A9%B6%E8%AD%89%E5%AF%A6%E5%B0%8D%E5%A4%A7%E8%85%B8%E6%BF%80%E8%BA%81%E7%97%87%E6%9C%89%E7%9B%8A%E7%9A%84%E7%9B%8A%E7%94%9F%E8%8F%8C%E7%A8%AE%E9%A1%9E%EF%BC%9A%20%E5%97%9C%E9%85%B8%E4%B9%B3%E6%A1%BF%E8%8F%8C(Lactobacillus,(Lactobacillus%20rhamnosus%20GG)%EF%BC%9A%E6%98%AF%E7%A0%94%E7%A9%B6%E6%9C%80%E5%BB%A3%E6%B3%9B%E7%9A%84%E7%9B%8A%E7%94%9F%E8%8F%8C%E4%B9%8B%E4%B8%80%EF%BC%8C%E6%9C%89%E5%8A%A9%E6%96%BC%E9%99%8D%E4%BD%8E%E8%85%B8%E8%83%83%E7%99%BC%E7%82%8E%EF%BC%8C%E5%A2%9E%E5%BC%B7%E8%85%B8%E9%81%93%E5%B1%8F%E9%9A%9C%E5%8A%9F%E8%83%BD%E3%80%82%20%E9%95%B7%E9%9B%99%E6%AD%A7%E6%A1%BF%E8%8F%8C(Bifidobacterium%20longum)%EF%BC%9A%E7%89%B9%E5%88%A5%E6%9C%89%E5%8A%A9%E6%96%BC%E7%B7%A9%E8%A7%A3%E8%85%B9%E8%84%B9%E5%92%8C%E8%85%B8%E9%81%93%E4%B8%8D%E9%81%A9%EF%BC%8C%E9%83%A8%E5%88%86%E7%A0%94%E7%A9%B6%E9%A1%AF%E7%A4%BA%E5%B0%8D%E7%84%A6%E6%85%AE%E5%9E%8B%E5%A4%A7%E8%85%B8%E6%BF%80%E8%BA%81%E7%97%87%E4%B9%9F%E6%9C%89%E5%B9%AB%E5%8A%A9%E3%80%82%20%E6%A4%8D%E7%89%A9%E4%B9%B3%E6%A1%BF%E8%8F%8C(Lactobacillus%20plantarum)%EF%BC%9A%E8%83%BD%E6%8A%91%E5%88%B6%E8%85%B8%E9%81%93%E4%B8%AD%E7%94%A2%E6%B0%A3%E7%B4%B0%E8%8F%8C%E7%9A%84%E7%94%9F%E9%95%B7%EF%BC%8C%E5%B9%B3%E8%A1%A1%E8%8F%8C%E7%9B%B8%EF%BC%8C%E9%80%B2%E8%80%8C%E7%B7%A9%E8%A7%A3%E5%A4%A7%E8%85%B8%E6%BF%80%E8%BA%81%E7%97%87%E7%8B%80%E3%80%82
https://biomed.hk/%E8%85%B8%E8%BA%81%E7%97%87%E6%98%AF%E4%BB%80%E9%BA%BC%E8%AA%8D%E8%AD%98%E8%85%B8%E8%BA%81%E7%97%87%E7%97%87%E7%8B%80%E5%8F%8A%E7%9B%8A%E7%94%9F%E8%8F%8C%E6%94%B9%E5%96%84%E6%B3%95/#:~:text=%E6%A0%B9%E6%93%9A%E5%9C%8B%E5%A4%96%E9%86%AB%E5%AD%B8%E7%A0%94%E7%A9%B6%E9%A1%AF%E7%A4%BA%EF%BC%8C%E7%9B%8A%E7%94%9F%E8%8F%8C%E8%83%BD%E6%9C%89%E6%95%88%E7%B7%A9%E8%A7%A3%E8%85%B8%E8%BA%81%E7%97%87%E5%BC%95%E8%B5%B7%E7%9A%84%E4%B8%8D%E9%81%A9%E7%97%87%E7%8B%80%EF%BC%8C%E5%8C%85%E6%8B%AC%E8%85%B9%E7%97%9B%E5%9A%B4%E9%87%8D%E7%A8%8B%E5%BA%A6%E3%80%81%E6%8C%81%E7%BA%8C%E6%99%82%E9%96%93%E3%80%81%E8%85%B9%E8%84%B9%E3%80%81%E6%8E%92%E4%BE%BF%E7%BF%92%E6%85%A3%E9%83%BD%E8%83%BD%E9%81%94%E5%88%B0%E6%94%B9%E5%96%84%EF%BC%8C%E5%85%B6%E4%B8%AD%E6%9C%80%E9%97%9C%E9%8D%B5%E7%9A%84%E8%8F%8C%E7%A8%AE%E5%8C%85%E6%8B%AC%E3%80%8C%E4%B9%B3%E9%85%B8%E8%8F%8C%E5%B1%AC%E3%80%8D%E5%92%8C%E3%80%8C%E9%9B%99%E6%AD%A7%E6%A1%BF%E8%8F%8C%E5%B1%AC%E3%80%8D%EF%BC%8C%E5%85%A9%E8%80%85%E7%9A%86%E8%83%BD%E9%81%94%E5%88%B0%E6%9C%89%E6%95%88%E6%95%88%E6%9E%9C%EF%BC%8C%E4%B8%A6%E4%B8%94%E4%BB%A5%E5%97%9C%E9%85%B8%E4%B9%B3%E6%A1%BF%E8%8F%8C%E4%BD%9C%E7%82%BA%E4%B8%BB%E8%A6%81%E8%8F%8C%E6%A0%AA%E6%95%88%E6%9E%9C%E5%8F%AF%E8%83%BD%E6%9B%B4%E9%A1%AF%E8%91%97%E3%80%82%20%E8%80%8CBioMed%20%E7%9A%84PGut%20%E8%85%B8%E7%A6%A6%E5%8A%9B%E7%9B%8A%E7%94%9F%E8%8F%8CE3%20%E8%83%BD%E6%94%B9%E5%96%84%E8%85%B8%E8%BA%81%E7%97%87%E4%B8%A6%E7%B4%93%E7%B7%A9%E8%85%B8%E9%81%93%E4%B8%8D%E9%81%A9%E7%97%87%E7%8B%80%EF%BC%8C%E7%94%A2%E5%93%81%E7%8D%A8%E6%9C%89E3%20%E6%B4%BB%E8%85%B8%E9%85%8D%E6%96%B9%EF%BC%8C%E7%B5%90%E5%90%88%E7%9B%8A%E7%94%9F%E8%8F%8C%E3%80%81%E7%9B%8A%E7%94%9F%E5%85%83%E5%8F%8A%E5%BE%8C%E7%94%9F%E5%85%83%EF%BC%8C%E8%83%BD%E5%A4%A0%E6%8F%90%E5%8D%87%E8%85%B8%E9%81%93%E8%8F%8C%E5%8F%A2%E7%94%9F%E6%85%8B%E5%A4%9A%E6%A8%A3%E6%80%A7%EF%BC%8C%E5%90%8C%E6%99%82%E8%A3%9C%E5%85%85%E5%A5%BD%E8%8F%8C%E6%95%B8%E9%87%8F%EF%BC%8C%E4%BF%83%E9%80%B2%E6%94%B9%E5%96%84%E8%85%B8%E9%81%93%E5%81%A5%E5%BA%B7%EF%BC%8C%E4%B8%A6%E6%9C%89%E6%95%88%E6%B8%9B%E8%BC%95%E8%85%B9%E7%80%89%E8%88%87%E4%BE%BF%E7%A7%98%E7%AD%89%E5%90%84%E7%A8%AE%E8%85%B8%E8%BA%81%E7%97%87%E7%97%87%E7%8B%80%E3%80%82%20%E7%9B%8A%E7%94%9F%E8%8F%8C%E4%BD%9C%E7%82%BA%E6%B2%BB%E7%99%82%E8%85%B8%E8%BA%81%E7%97%87%E7%9A%84%E4%B8%80%E7%A8%AE%E8%BC%94%E5%8A%A9%E6%89%8B%E6%AE%B5%EF%BC%8C%E5%8F%AF%E4%BB%A5%E5%9C%A8%E9%81%A9%E7%95%B6%E7%9A%84%E6%8C%87%E5%B0%8E%E4%B8%8B%E4%BD%BF%E7%94%A8%EF%BC%8C%E5%B9%AB%E5%8A%A9%E6%94%B9%E5%96%84%E7%97%87%E7%8B%80%E5%92%8C%E6%8F%90%E9%AB%98%E7%94%9F%E6%B4%BB%E5%93%81%E8%B3%AA%E3%80%82%20%E4%BA%86%E8%A7%A3%E8%85%B8%E8%BA%81%E7%97%87%E6%98%AF%E4%BB%80%E9%BA%BC%E5%BE%8C%EF%BC%8C%E5%A6%82%E6%87%B7%E7%96%91%E8%87%AA%E5%B7%B1%E6%9C%89%E8%85%B8%E8%BA%81%E7%97%87%E7%97%87%E7%8B%80%EF%BC%8C%E6%AD%A1%E8%BF%8E%E8%AB%AE%E8%A9%A2BioMed%20%E7%9A%84%E5%B0%88%E6%A5%AD%E5%9C%98%E9%9A%8A%EF%BC%8C%E6%88%91%E5%80%91%E7%82%BA%E6%82%A8%E6%8F%90%E4%BE%9B%E5%90%84%E7%A8%AE%E8%85%B8%E9%81%93%E8%8F%8C%E5%8F%A2%E6%AA%A2%E6%B8%AC%E6%9C%8D%E5%8B%99%E3%80%82
https://pharmahuanote.com/ibs/#:~:text=%E6%A0%B9%E6%93%9A%E5%85%A9%E7%AF%87%E9%9B%99%E7%9B%B2,%E5%85%B6%E4%BB%96%E8%8F%8C%E6%A0%AA%E9%82%84%E8%A6%81%E9%A1%AF%E8%91%97%E3%80%82
https://blog.worldgymtaiwan.com/what-to-eat-when-you-have-irritable-bowel-syndrome#:~:text=%E8%85%B8%E8%BA%81%E7%97%87%E8%80%85%E7%9A%84,%E5%96%9C%E6%AD%A1%E9%80%99%E7%AF%87%E6%96%87%E7%AB%A0%E5%97%8E%EF%BC%9F"
益生菌抗生素相關腹瀉,"益生菌可以作為預防和輔助治療抗生素相關腹瀉（Antibiotic-Associated Diarrhea, AAD）的方法，
藉由補充腸道中的「好菌」來平衡菌叢，緩解抗生素對腸道菌群的影響
。
研究顯示，特別是對於兒童，合併服用益生菌可以顯著降低AAD的發生率，其中
Lactobacillus rhamnosus
或
Saccharomyces boulardii
被認為是較適合預防兒童AAD的菌種。
益生菌對抗生素相關腹瀉的效益與安全性：
預防與舒緩症狀
益生菌可以補充抗生素殺死的腸道益生菌，維持腸道菌叢平衡，抑制有害菌（如
困難梭狀桿菌
）
的生長，進而預防或減緩腹瀉的發生與嚴重程度。
有效性
多項研究顯示，益生菌對預防和治療AAD有正面效果，尤其是在兒童身上。
高劑量的益生菌（每日高於5百萬CFUs）顯示出更佳的預防效果。
安全性
益生菌通常耐受性良好，副作用較少且輕微，例如腹部絞痛、噁心、脹氣等，但對於免疫功能低下或有其他潛在風險的個體，使用前應諮詢醫生。
使用建議
在服用抗生素期間，建議益生菌與抗生素間隔2小時服用，以確保益生菌能有效抵達腸道。
注意事項：
諮詢醫生
在給兒童使用益生菌或任何藥物時，務必諮詢醫生，特別是對於有免疫功能低下等情況的患者。
避免自行停用抗生素
雖然益生菌有助於緩解AAD，但抗生素治療的療程應依醫囑完成，以確實治療感染。
警惕困難梭狀桿菌感染
雖然益生菌能預防，但若出現持續腹瀉，應懷疑是否為困難梭狀桿菌感染，需儘速就醫診斷與治療。","https://www.cochrane.org/zh-hant/evidence/CD006095_use-probiotics-prevent-clostridium-difficile-diarrhea-associated-antibiotic-use
https://www.tnhosp.mohw.gov.tw/page.asp?mainid=B85BD9AF-9734-4D1C-BDF9-24FA974986FE#:~:text=%E7%95%B6%E8%85%B8%E8%83%83%E9%81%93%E4%B8%AD%E6%9C%89%E7%9B%8A%E7%94%9F%E8%8F%8C%EF%BC%8C%E4%B9%9F%E5%B0%B1%E6%98%AF%E9%9B%BB%E8%A6%96%E5%BB%A3%E5%91%8A%E5%B8%B8%E8%AA%AA%E7%9A%84%E3%80%8E%E5%A5%BD%E8%8F%8C%E3%80%8F%E6%99%82%EF%BC%8C%E5%8F%AF%E4%BB%A5%E6%8A%91%E5%88%B6%E5%9B%B0%E9%9B%A3%E6%A2%AD%E7%8B%80%E6%A1%BF%E8%8F%8C%E9%80%99%E6%A8%A3%E7%9A%84%E3%80%8E%E5%A3%9E%E8%8F%8C%E3%80%8F%E7%94%9F%E9%95%B7%EF%BC%8C%E6%89%80%E4%BB%A5%E6%AD%A3%E5%B8%B8%E6%83%85%E6%B3%81%E4%B8%8B%E4%B8%A6%E4%B8%8D%E6%9C%83%E9%80%A0%E6%88%90%E7%96%BE%E7%97%85%E3%80%82%20%E5%8F%AF%E6%98%AF%E7%95%B6%E7%97%85%E4%BA%BA%E4%B8%8D%E5%B9%B8%E4%BD%8F%E9%99%A2%E5%BE%8C%EF%BC%8C%E9%9C%80%E8%A6%81%E4%BB%A5%E6%8A%97%E7%94%9F%E7%B4%A0%E6%B2%BB%E7%99%82%E6%84%9F%E6%9F%93%EF%BC%8C%E6%8A%97%E7%94%9F%E7%B4%A0%E6%9C%83%E5%BD%B1%E9%9F%BF%E5%88%B0%E7%9B%8A%E7%94%9F%E8%8F%8C%E7%9A%84%E8%8F%8C%E5%8F%A2%EF%BC%8C%E4%BD%BF%E5%BE%97%E5%8E%9F%E6%9C%AC%E8%A2%AB%E7%9B%8A%E7%94%9F%E8%8F%8C%E6%8A%91%E5%88%B6%E7%9A%84%E5%9B%B0%E9%9B%A3%E6%A2%AD%E7%8B%80%E6%A1%BF%E8%8F%8C%E5%A4%A7%E9%87%8F%E5%A2%9E%E7%94%9F%E3%80%82%20%E5%9B%B0%E9%9B%A3%E6%A2%AD%E7%8B%80%E6%A1%BF%E8%8F%8C%E5%A4%A7%E9%87%8F%E5%A2%9E%E7%94%9F%E5%BE%8C%EF%BC%8C%E6%9C%83%E9%80%A0%E6%88%90%E8%85%B8%E8%83%83%E9%81%93%E7%9A%84%E7%99%BC%E7%82%8E%EF%BC%8C%E9%80%A0%E6%88%90%E8%85%B9%E7%80%89%E7%9A%84%E7%8F%BE%E8%B1%A1%EF%BC%8C%E6%89%80%E4%BB%A5%E5%9B%B0%E9%9B%A3%E6%A2%AD%E7%8B%80%E6%A1%BF%E8%8F%8C%E6%84%9F%E6%9F%93%E9%80%A0%E6%88%90%E7%9A%84%E6%84%9F%E6%9F%93%E4%B9%9F%E7%A8%B1%E7%82%BA%E3%80%8E%E6%8A%97%E7%94%9F%E7%B4%A0%E7%9B%B8%E9%97%9C%E8%85%B9%E7%80%89%E3%80%8F%EF%BC%9B%E6%9C%80%E5%9A%B4%E9%87%8D%E6%83%85%E6%B3%81%E6%9C%83%E9%80%A0%E6%88%90%E5%A4%A7%E8%85%B8%E5%8C%96%E8%86%BF%E7%9A%84%E7%8F%BE%E8%B1%A1%EF%BC%8C%E5%9C%A8%E5%A4%A7%E8%85%B8%E9%8F%A1%E4%B8%8B%E7%9C%8B%E8%B5%B7%E4%BE%86%E6%98%AF%E7%99%BD%E7%99%BD%E7%9A%84%E3%84%A7%E5%B1%A4%E8%86%9C%EF%BC%8C%E7%A8%B1%E7%82%BA%E5%81%BD%E8%86%9C%E6%80%A7%E8%85%B8%E7%82%8E%EF%BC%8C%E7%94%9A%E8%87%B3%E5%8F%AF%E8%83%BD%E9%80%A0%E6%88%90%E8%85%B8%E7%A9%BF%E5%AD%94%E7%94%9A%E8%87%B3%E6%AD%BB%E4%BA%A1%E3%80%82%20%E8%A6%81%E9%A0%90%E9%98%B2%E5%9B%B0%E9%9B%A3%E6%A2%AD%E7%8B%80%E6%A1%BF%E8%8F%8C%E6%84%9F%E6%9F%93%E6%9C%80%E9%87%8D%E8%A6%81%E7%9A%84%E5%8B%A4%E6%B4%97%E6%89%8B%EF%BC%8C%E4%BB%A5%E9%81%BF%E5%85%8D%E5%90%9E%E5%85%A5%E5%9B%B0%E9%9B%A3%E6%A2%AD%E7%8B%80%E6%A1%BF%E8%8F%8C%E7%9A%84%E5%AD%A2%E5%AD%90%E3%80%82%20%E7%95%B6%E7%97%85%E4%BA%BA%E6%9C%89%E6%84%9F%E6%9F%93%E7%8F%BE%E8%B1%A1%E6%99%82%EF%BC%8C%E6%9C%89%E9%9C%80%E8%A6%81%E6%99%82%E7%95%B6%E7%84%B6%E4%B8%80%E5%AE%9A%E8%A6%81%E7%94%A8%E6%8A%97%E7%94%9F%E7%B4%A0%E6%B2%BB%E7%99%82%EF%BC%8C%E5%8F%AF%E6%98%AF%E7%95%B6%E6%8A%97%E7%94%9F%E7%B4%A0%E7%99%82%E7%A8%8B%E6%B2%BB%E7%99%82%E5%AE%8C%E6%88%90%E6%99%82%EF%BC%8C%E5%B0%87%E4%B8%8D%E5%BF%85%E8%A6%81%E7%9A%84%E6%8A%97%E7%94%9F%E7%B4%A0%E5%81%9C%E6%8E%89%E5%8F%AF%E4%BB%A5%E9%81%BF%E5%85%8D%E5%BD%B1%E9%9F%BF%E8%85%B8%E8%83%83%E9%81%93%E7%9A%84%E7%9B%8A%E7%94%9F%E8%8F%8C%EF%BC%8C%E5%B0%B1%E5%8F%AF%E4%BB%A5%E9%81%BF%E5%85%8D%E5%9B%B0%E9%9B%A3%E6%A2%AD%E7%8B%80%E6%A1%BF%E8%8F%8C%E7%9A%84%E6%84%9F%E6%9F%93%E3%80%82%20%E7%95%B6%E7%97%85%E4%BA%BA%E4%BB%A5%E6%8A%97%E7%94%9F%E7%B4%A0%E6%B2%BB%E7%99%82%E4%B8%80%E6%AE%B5%E6%99%82%E9%96%93%E5%BE%8C%EF%BC%8C%E8%8B%A5%E6%98%AF%E7%99%BC%E7%94%9F%E6%8C%81%E7%BA%8C%E8%85%B9%E7%80%89%E7%8F%BE%E8%B1%A1%EF%BC%8C%E5%B0%B1%E6%87%89%E8%A9%B2%E6%87%B7%E7%96%91%E6%98%AF%E5%9B%B0%E9%9B%A3%E6%A2%AD%E7%8B%80%E6%A1%BF%E8%8F%8C%E6%84%9F%E6%9F%93%EF%BC%8C%E9%80%99%E6%99%82%E5%80%99%E6%87%89%E8%A9%B2%E6%AA%A2%E6%B8%AC%E7%B3%9E%E4%BE%BF%E4%B8%AD%E6%98%AF%E5%90%A6%E6%9C%89%E5%9B%B0%E9%9B%A3%E6%A2%AD%E7%8B%80%E6%A1%BF%E8%8F%8C%E6%88%96%E6%98%AF%E5%85%B6%E6%AF%92%E7%B4%A0%E3%80%82%20%E8%8B%A5%E6%98%AF%E7%A2%BA%E5%AE%9A%E6%98%AF%E5%9B%B0%E9%9B%A3%E6%A2%AD%E7%8B%80%E6%A1%BF%E8%8F%8C%E6%84%9F%E6%9F%93%EF%BC%8C%E6%87%89%E8%A9%B2%E7%B5%A6%E7%97%85%E4%BA%BA%E8%A3%9C%E5%85%85%E8%B6%B3%E5%A4%A0%E7%9A%84%E6%B0%B4%E5%88%86%E4%BB%A5%E5%8F%8A%E9%9B%BB%E8%A7%A3%E8%B3%AA%EF%BC%8C%E4%B8%A6%E7%B5%A6%E6%96%BC%E9%81%A9%E7%95%B6%E7%9A%84%E8%97%A5%E7%89%A9%E6%B2%BB%E7%99%82%EF%BC%8C%E5%A4%A7%E9%83%A8%E5%88%86%E7%97%85%E6%82%A3%E6%9C%83%E5%9B%A0%E6%AD%A4%E8%80%8C%E6%94%B9%E5%96%84%E3%80%82%20%E9%81%8E%E5%BA%A6%E7%9A%84%E6%AD%A2%E7%80%89%E8%97%A5%E5%8F%AF%E8%83%BD%E8%AE%93%E5%9B%B0%E9%9B%A3%E6%A2%AD%E7%8B%80%E6%84%9F%E6%9F%93%E6%9B%B4%E5%9A%B4%E9%87%8D%EF%BC%8C%E6%89%80%E4%BB%A5%E6%AD%A2%E7%80%89%E8%97%A5%E7%9A%84%E4%BD%BF%E7%94%A8%E4%B8%8A%E8%A6%81%E9%9D%9E%E5%B8%B8%E5%B0%8F%E5%BF%83%E3%80%82%20%E6%A0%B9%E6%93%9A%E8%A8%B1%E5%A4%9A%E5%9C%8B%E5%A4%96%E6%88%96%E6%98%AF%E5%9C%8B%E5%85%A7%E7%9A%84%E7%A0%94%E7%A9%B6%E9%83%BD%E9%A1%AF%E7%A4%BA%EF%BC%8C%E5%9B%B0%E9%9B%A3%E6%A2%AD%E7%8B%80%E6%A1%BF%E8%8F%8C%E7%9A%84%E6%84%9F%E6%9F%93%E6%9C%89%E8%B6%8A%E4%BE%86%E8%B6%8A%E5%A4%9A%E7%9A%84%E8%B6%A8%E5%8B%A2%EF%BC%8C%E8%80%8C%E4%B8%94%E9%80%A0%E6%88%90%E7%9A%84%E7%97%87%E7%8B%80%E4%B9%9F%E8%B6%8A%E4%BE%86%E8%B6%8A%E5%9A%B4%E9%87%8D%E3%80%82%20%E6%89%80%E4%BB%A5%E8%83%BD%E5%8D%B3%E6%99%82%E8%A8%BA%E6%96%B7%E5%9B%B0%E9%9B%A3%E6%A2%AD%E7%8B%80%E6%A1%BF%E8%8F%8C%E6%84%9F%E6%9F%93%EF%BC%8C%E5%81%9C%E6%AD%A2%E4%B8%8D%E5%BF%85%E8%A6%81%E7%9A%84%E6%8A%97%E7%94%9F%E7%B4%A0%E7%9A%84%E6%BF%AB%E7%94%A8%E5%8F%8A%E7%B5%A6%E6%96%BC%E9%81%A9%E7%95%B6%E7%9A%84%E6%B2%BB%E7%99%82%E6%98%AF%E4%B8%80%E4%BB%B6%E9%87%8D%E8%A6%81%E7%9A%84%E4%BA%8B%E3%80%82%20%E5%9B%B0%E9%9B%A3%E6%A2%AD%E7%8B%80%E6%A1%BF%E8%8F%8C%E6%98%AF%E9%9D%A0%E6%8E%A5%E8%A7%B8%E5%82%B3%E6%9F%93%EF%BC%8C%E6%89%80%E4%BB%A5%E8%90%BD%E5%AF%A6%E6%84%9F%E6%9F%93%E6%8E%A7%E5%88%B6%E7%9A%84%E8%A7%80%E5%BF%B5%EF%BC%8C%E4%BE%8B%E5%A6%82%E5%8B%A4%E6%B4%97%E6%89%8B%E6%98%AF%E5%88%BB%E4%B8%8D%E5%AE%B9%E7%B7%A9%E7%9A%84%E4%BA%8B%E3%80%82
https://www.biojoy.com.tw/zh-TW/blogs/health/170397#:~:text=%E6%9C%89%E4%BA%9B%E4%BA%BA%E6%93%94%E5%BF%83%E5%90%83%E7%9B%8A%E7%94%9F,%E4%B8%A6%E5%B0%8B%E6%B1%82%E5%B0%88%E6%A5%AD%E9%86%AB%E5%B8%AB%E5%8D%94%E5%8A%A9%E3%80%82
https://www.aboutkidshealth.ca/zh-Hant/antibiotic-associated-diarrhea-zh-hant#:~:text=%E5%9C%A8%E9%86%AB%E7%94%9F%E7%9B%A3%E7%9D%A3%E4%B8%8B%E4%BD%BF%E7%94%A8%E7%9B%8A%E7%94%9F%E8%8F%8C%20%E7%9B%8A%E7%94%9F%E8%8F%8C%E6%98%AF%E8%83%BD%E5%A4%9F%E8%A3%9C%E5%85%85%E2%80%9C%E5%81%A5%E5%BA%B7%E2%80%9D%E7%B4%B0%E8%8F%8C%E3%80%82%20%E7%9B%AE%E5%89%8D%E6%AD%A3%E5%9C%A8%E7%A0%94%E7%A9%B6%E7%9B%8A%E7%94%9F%E8%8F%8C%E6%98%AF%E5%90%A6%E8%83%BD%E5%A4%9F%E9%A0%90%E9%98%B2%E6%88%96%E6%B2%BB%E7%99%82%E6%8A%97%E7%94%9F%E7%B4%A0%E7%9B%B8%E9%97%9C%E8%85%B9%E7%80%89%E3%80%82%20%E5%88%B0%E7%9B%AE%E5%89%8D%E7%88%B2%E6%AD%A2%EF%BC%8C%E9%80%99%E9%A0%85%E7%A0%94%E7%A9%B6%E9%82%84%E6%9C%AA%E9%A1%AF%E7%A4%BA%E4%BD%BF%E7%94%A8%E7%9B%8A%E7%94%9F%E8%8F%8C%E7%9A%84%E7%9B%8A%E8%99%95%E3%80%82%20%E7%B5%A6%E5%AD%A9%E5%AD%90%E4%BD%BF%E7%94%A8%E7%9B%8A%E7%94%9F%E8%8F%8C%E5%89%8D%EF%BC%8C%E8%AB%8B%E5%92%A8%E8%A9%A2%E9%86%AB%E7%94%9F%E3%80%82%20%E4%BD%A0%E5%8F%AF%E4%BB%A5%E8%AE%93%E5%AD%A9%E5%AD%90%E9%80%B2%E9%A3%9F%E5%90%AB%E6%9C%89%E7%9B%8A%E7%94%9F%E8%8F%8C%E7%9A%84%E9%A3%9F%E7%89%A9%E5%81%9A%E6%9B%BF%E4%BB%A3%EF%BC%8C%E5%A6%82%E9%85%B8%E5%A5%B6%E3%80%82%20%E5%BF%85%E9%A0%88%E9%81%B5%E5%AE%88%E9%86%AB%E5%9B%91%E7%94%A8%E8%97%A5%E3%80%82%20%E9%99%A4%E9%9D%9E%E9%86%AB%E7%94%9F%E5%85%81%E8%A8%B1%EF%BC%8C%E5%90%A6%E5%89%87%E4%B8%8D%E8%A6%81%E7%B5%A6%E5%AD%A9%E5%AD%90%E6%9C%8D%E7%94%A8%E6%B4%9B%E5%91%B1%E4%B8%81%E8%83%BA%EF%BC%88%E6%98%93%E8%92%99%E5%81%9C%EF%BC%89%E7%AD%89%E6%AD%A2%E7%80%89%E8%97%A5%E7%89%A9%E3%80%82%20%E9%80%99%E4%BA%9B%E8%97%A5%E7%89%A9%E2%80%8B%E6%9C%83%E4%BD%BF%E8%85%B8%E9%81%93%E7%82%8E%E7%97%87%E6%9B%B4%E5%8A%A0%E5%9A%B4%E9%87%8D%E3%80%82
https://www.airitilibrary.com/Article/Detail/P20170828001-201606-201708280004-201708280004-1-14#:~:text=%E6%91%98%E8%A6%81%20%E8%85%B9%E7%80%89%E7%82%BA%E8%A8%B1%E5%A4%9A%E5%B8%B8%E7%94%A8%E6%8A%97%E7%94%9F%E7%B4%A0%E7%9A%84%E5%89%AF%E4%BD%9C%E7%94%A8%EF%BC%8C%E8%80%8C%E5%B9%B4%E7%B4%80%E8%BC%83%E5%A4%A7%E6%88%96%E9%95%B7%E6%9C%9F%E4%BD%BF%E7%94%A8%E6%8A%97%E7%94%9F%E7%B4%A0%E7%9A%84%E4%BD%8F%E9%99%A2%E7%97%85%E4%BA%BA%EF%BC%8C%E5%8F%AF%E8%83%BD%E5%9B%A0%E8%85%B8%E9%81%93%E4%B8%AD%E5%9B%B0%E9%9B%A3%E6%A2%AD%E7%8B%80%E6%A1%BF%E8%8F%8C%E5%A4%A7%E9%87%8F%E5%A2%9E%E7%94%9F%EF%BC%8C%E9%80%A0%E6%88%90%E6%84%9F%E6%9F%93%E6%80%A7%E5%A4%A7%E8%85%B8%E7%82%8E%E5%8F%8A%E8%85%B9%E7%80%89%E6%88%96%E5%9B%B0%E9%9B%A3%E6%A2%AD%E7%8B%80%E6%A1%BF%E8%8F%8C%E7%9B%B8%E9%97%9C%E8%85%B9%E7%80%89%EF%BC%88Clostridium%20difficile%20associated%20diarrhea%2C%20CDAD%EF%BC%89%E3%80%82%20%E7%9B%8A%E7%94%9F%E8%8F%8C%E5%8F%AF%E8%97%89%E7%94%B1%E6%94%B9%E5%96%84%E8%85%B8%E9%81%93%E5%85%A7%E5%BE%AE%E7%94%9F%E7%89%A9%E8%8F%8C%E5%8F%A2%E7%9A%84%E7%94%9F%E6%85%8B%E5%B9%B3%E8%A1%A1%E8%80%8C%E4%BF%83%E9%80%B2%E5%AE%BF%E4%B8%BB%E5%81%A5%E5%BA%B7%E3%80%82%20%E8%BF%91%E5%B9%B4%E6%9C%89%E8%A8%B1%E5%A4%9A%E6%8E%A2%E8%A8%8E%E7%9B%8A%E7%94%9F%E8%8F%8C%E8%88%87%E6%8A%97%E7%94%9F%E7%B4%A0%E5%BC%95%E8%B5%B7%E8%85%B9%E7%80%89%E7%9A%84%E7%9B%B8%E9%97%9C%E6%96%87%E7%8D%BB%EF%BC%8C%E6%9C%AC%E7%AF%87%E6%96%87%E7%AB%A0%E7%9A%84%E7%9B%AE%E7%9A%84%E6%98%AF%E4%BB%A5%E5%AF%A6%E8%AD%89%E9%86%AB%E5%AD%B8%E4%B9%8B%E6%96%B9%E6%B3%95%E4%BA%86%E8%A7%A3%E7%9B%8A%E7%94%9F%E8%8F%8C%E5%B0%8D%E6%96%BC%E6%94%B9%E5%96%84%E6%8A%97%E7%94%9F%E7%B4%A0%E5%BC%95%E8%B5%B7%E8%85%B9%E7%80%89%E4%B9%8B%E7%9B%B8%E9%97%9C%E7%A0%94%E7%A9%B6%E8%AD%89%E6%93%9A%EF%BC%8C%E8%97%89%E6%AD%A4%E7%B5%A6%E4%BA%88%E7%97%85%E4%BA%BA%E9%81%A9%E5%88%87%E4%B9%8B%E8%87%A8%E5%BA%8A%E4%BD%BF%E7%94%A8%E5%BB%BA%E8%AD%B0%E3%80%82%20%E7%B8%BD%E7%B5%90%E7%B3%BB%E7%B5%B1%E6%80%A7%E5%9B%9E%E9%A1%A7%E6%96%87%E7%AB%A0%E5%8F%8A%E9%9A%A8%E6%A9%9F%E6%8E%A7%E5%88%B6%E8%A9%A6%E9%A9%97%E5%BB%BA%E8%AD%B0%EF%BC%8C%E7%9B%8A%E7%94%9F%E8%8F%8C%E5%B0%8D%E6%96%BC0%2D65%E6%AD%B2%E4%BD%BF%E7%94%A8%E6%8A%97%E7%94%9F%E7%B4%A0%E7%9A%84%E7%97%85%E4%BA%BA%E5%8F%AF%E7%94%A8%E4%BE%86%E9%A0%90%E9%98%B2%E6%88%96%E6%B2%BB%E7%99%82%E6%8A%97%E7%94%9F%E7%B4%A0%E7%9B%B8%E9%97%9C%E6%80%A7%E8%85%B9%E7%80%89%EF%BC%88antibiotic%2Dassociated%20diarrhea%2C%20AAD%EF%BC%89%E6%88%96CDAD%EF%BC%8C%E5%85%B6%E4%B8%AD%E6%9C%89%E6%95%88%E7%9A%84%E8%8F%8C%E7%A8%AE%E5%8C%85%E5%90%ABLactobacillus%E3%80%81Streptococcus%E5%8F%8ASaccharomyces%E9%85%B5%E6%AF%8D%E5%B1%AC%E8%8F%8C%E6%A0%AA%E3%80%82%20%E4%BD%86%E5%B0%8D%E6%96%BC65%E6%AD%B2%E4%BB%A5%E4%B8%8A%E4%BD%BF%E7%94%A8%E6%8A%97%E7%94%9F%E7%B4%A0%E7%9A%84%E4%BD%8F%E9%99%A2%E8%80%81%E5%B9%B4%E4%BA%BA%E5%89%87%E8%BC%83%E7%84%A1%E9%A1%AF%E8%91%97%E6%94%B9%E5%96%84AAD%E6%88%96CDAD%E7%9A%84%E6%95%88%E6%9E%9C%E3%80%82%20%E8%8B%A5%E7%97%85%E4%BA%BA%E6%B2%92%E6%9C%89%E5%85%8D%E7%96%AB%E5%8A%9F%E8%83%BD%E4%BD%8E%E4%B8%8B%E7%9A%84%E5%95%8F%E9%A1%8C%EF%BC%8C%E5%89%87%E5%8F%AF%E8%80%83%E6%85%AE%E4%BD%BF%E7%94%A8%E7%9B%8A%E7%94%9F%E8%8F%8C%E4%BE%86%E9%99%8D%E4%BD%8E%E6%8A%97%E7%94%9F%E7%B4%A0%E9%80%A0%E6%88%90%E8%85%B9%E7%80%89%E4%B9%8B%E9%A2%A8%E9%9A%AA%EF%BC%8C%E4%BD%86%E9%9C%80%E6%8C%81%E7%BA%8C%E7%9B%A3%E6%B8%AC%E7%97%85%E4%BA%BA%E5%9C%A8%E6%9C%8D%E7%94%A8%E7%9B%8A%E7%94%9F%E8%8F%8C%E5%BE%8C%E6%98%AF%E5%90%A6%E5%87%BA%E7%8F%BE%E8%85%B8%E8%83%83%E4%B8%8D%E9%81%A9%E7%AD%89%E5%89%AF%E4%BD%9C%E7%94%A8%E3%80%82
https://www.airitilibrary.com/Article/Detail/16830903-201712-201712200006-201712200006-1-12
https://www.cochranelibrary.com/cdsr/doi/10.1002/14651858.CD004827.pub5/full/zh_HANT#:~:text=%E9%80%99%E4%BA%9B%E7%A0%94%E7%A9%B6%E6%98%AF%E7%9F%AD%E6%9C%9F%E7%9A%84%EF%BC%8C%E7%82%BA%E6%9C%9F5%E5%A4%A9%E8%87%B312%E9%80%B1%E3%80%82%20%E5%88%86%E6%9E%90%E9%A1%AF%E7%A4%BA%EF%BC%8C%E7%9B%8A%E7%94%9F%E8%8F%8C%E5%8F%AF%E4%BB%A5%E6%9C%89%E6%95%88%E9%98%B2%E6%AD%A2AAD%E3%80%82%20%E5%9C%A8%E7%9B%8A%E7%94%9F%E8%8F%8C%E7%B5%84%E4%B8%AD%EF%BC%8CAAD%E7%9A%84%E7%99%BC%E7%94%9F%E7%8E%87%E6%98%AF8%25(259/3232)%EF%BC%8C%E8%80%8C%E6%8E%A7%E5%88%B6%E7%B5%84%E6%98%AF19%25(598/3210)%EF%BC%8C%E9%A1%AF%E7%A4%BA%E4%BA%86%E9%81%A9%E5%BA%A6%E7%9A%84%E4%B8%8B%E9%99%8D(%E8%85%B9%E7%80%89%E8%80%85%E6%B8%9B%E4%BA%8611%25)%E3%80%82%20%E6%AF%8F%E6%B2%BB%E7%99%829%E5%90%8D%E5%85%92%E7%AB%A5%E4%B8%AD%EF%BC%8C%E7%9B%8A%E7%94%9F%E8%8F%8C%E5%B0%87%E9%A0%90%E9%98%B21%E4%BE%8B%E8%85%B9%E7%80%89%E3%80%82%20%E6%9B%B4%E9%80%B2%E4%B8%80%E6%AD%A5%E4%BE%86%E8%AA%AA%EF%BC%8C%E8%AD%89%E6%93%9A%E9%A1%AF%E7%A4%BA%E9%AB%98%E5%8A%91%E9%87%8F%E7%9A%84%E7%9B%8A%E7%94%9F%E8%8F%8C(%E6%AF%8F%E6%97%A5%E9%AB%98%E6%96%BC5%E7%99%BE%E8%90%ACCFUs)%E6%B8%9B%E5%B0%91%E4%BA%86AAD%E7%9A%84%E7%99%BC%E7%94%9F%E3%80%82%20%E9%AB%98%E5%8A%91%E9%87%8F%E7%9B%8A%E7%94%9F%E8%8F%8C%E7%B5%84%E4%B8%AD%E6%9C%898%EF%BC%85%EF%BC%88162/2029%EF%BC%89%E7%99%BC%E7%94%9F%E4%BA%86AAD%EF%BC%8C%E8%80%8C%E6%8E%A7%E5%88%B6%E7%B5%84%E4%B8%AD%E6%AF%94%E4%BE%8B%E7%82%BA23%EF%BC%85%EF%BC%88462/2009%EF%BC%89%EF%BC%8C%E8%A1%A8%E6%98%8E%E6%9C%89%E4%B8%AD%E7%AD%89%E5%88%B0%E9%AB%98%E7%A8%8B%E5%BA%A6%E7%9A%84%E4%B8%8B%E9%99%8D%EF%BC%88%E8%85%B9%E7%80%89%E8%80%85%E6%B8%9B%E5%B0%91%E4%BA%8615%EF%BC%85%EF%BC%89%E3%80%82%20%E7%9B%8A%E7%94%9F%E8%8F%8C%E9%80%9A%E5%B8%B8%E6%98%AF%E5%8F%AF%E4%BB%A5%E8%80%90%E5%8F%97%E7%9A%84%EF%BC%8C%E5%8F%AA%E6%9C%89%E5%BE%88%E4%BA%9B%E5%BE%AE%E7%9A%84%E5%89%AF%E4%BD%9C%E7%94%A8(%E4%BE%8B%E5%A6%82:%E7%9A%AE%E7%96%B9%EF%BC%8C%E5%99%81%E5%BF%83%EF%BC%8C%E6%B0%A3%E9%AB%94%EF%BC%8C%E8%85%B8%E8%83%83%E8%84%B9%E6%B0%A3%EF%BC%8C%E8%85%B9%E8%84%B9%EF%BC%8C%E4%BE%BF%E7%A7%98)%EF%BC%8C%E9%80%99%E4%BA%9B%E5%89%AF%E4%BD%9C%E7%94%A8%E4%B8%8D%E7%B6%93%E5%B8%B8%E7%99%BC%E7%94%9F%E3%80%82,40%20billion%20colony%20forming%20units/day)%EF%BC%8C%E6%9C%80%E9%81%A9%E5%90%88%E7%B5%A6%E8%88%87%E6%8E%A5%E5%8F%97%E6%8A%97%E7%94%9F%E7%B4%A0%E7%9A%84%E5%85%92%E7%AB%A5%EF%BC%8C%E4%BE%86%E9%A0%90%E9%98%B2AAD%E7%99%BC%E7%94%9F%E3%80%82%20%E7%9B%AE%E5%89%8D%E5%B0%B1%E2%80%9D%E5%85%B6%E5%AE%83%E2%80%9D%E7%9B%8A%E7%94%9F%E8%8F%8C%E8%A3%BD%E5%8A%91%E5%B0%8D%E9%A0%90%E9%98%B2AAD%E7%9A%84%E6%9C%89%E6%95%88%E6%80%A7%E5%92%8C%E5%AE%89%E5%85%A8%E6%80%A7%E5%85%B6%E7%B5%90%E8%AB%96%E9%82%84%E6%9C%AA%E6%88%90%E7%86%9F%E3%80%82%20%E5%84%98%E7%AE%A1%E5%9C%A8%E5%8F%83%E5%8A%A0%E7%A0%94%E7%A9%B6%E7%9A%84%E5%A4%A7%E5%A4%9A%E6%95%B8%E5%81%A5%E5%BA%B7%E5%85%92%E7%AB%A5%E4%B8%AD%EF%BC%8C%E6%9C%AA%E8%A7%80%E5%AF%9F%E5%88%B0%E5%9A%B4%E9%87%8D%E7%9A%84%E7%9B%8A%E7%94%9F%E8%8F%8C%E7%9B%B8%E9%97%9C%E7%9A%84%E5%89%AF%E4%BD%9C%E7%94%A8%EF%BC%8C%E4%BD%86%E5%9C%A8%E6%9C%AA%E7%B4%8D%E5%85%A5%E6%9C%AC%E6%96%87%E7%8D%BB%E5%9B%9E%E9%A1%A7%E7%9A%84%E8%A7%80%E5%AF%9F%E6%80%A7%E7%A0%94%E7%A9%B6%E4%B8%AD%EF%BC%8C%E9%A1%AF%E7%A4%BA%E4%BA%86%E5%9A%B4%E9%87%8D%E7%9A%84%E5%89%AF%E4%BD%9C%E7%94%A8%EF%BC%8C%E5%8C%85%E6%8B%AC%E5%9A%B4%E9%87%8D%E8%99%9B%E5%BC%B1%E6%88%96%E5%85%8D%E7%96%AB%E5%8A%9F%E8%83%BD%E4%BD%8E%E4%B8%8B%E7%9A%84%E5%85%92%E7%AB%A5%EF%BC%8C%E5%85%B6%E6%BD%9B%E5%9C%A8%E5%8D%B1%E9%9A%AA%E5%9B%A0%E7%B4%A0%E5%8C%85%E6%8B%AC%E4%B8%AD%E5%BF%83%E9%9D%9C%E8%84%88%E5%B0%8E%E7%AE%A1%EF%BC%88%E7%94%A8%E6%96%BC%E7%B5%A6%E8%97%A5%E7%9A%84%E8%BB%9F%E7%AE%A1%EF%BC%89%E7%9A%84%E4%BD%BF%E7%94%A8%E4%BB%A5%E5%8F%8A%E8%88%87%E7%B4%B0%E8%8F%8C%E6%88%96%E7%9C%9F%E8%8F%8C%E8%BD%89%E7%A7%BB%EF%BC%88%E7%B4%B0%E8%8F%8C%E5%BE%9E%E8%85%B8%E9%81%93%E5%88%B0%E8%BA%AB%E9%AB%94%E5%85%B6%E4%BB%96%E5%8D%80%E5%9F%9F%EF%BC%89%E7%9B%B8%E9%97%9C%E7%9A%84%E7%96%BE%E7%97%85%E3%80%82
https://gi-health.com.tw/%E6%83%B3%E9%81%A0%E9%9B%A2%E6%8A%97%E7%94%9F%E7%B4%A0%E5%BC%95%E8%B5%B7%E7%9A%84%E8%85%B9%E7%80%89%EF%BC%8C%E8%AB%8B%E4%BD%A0%E8%B7%9F%E6%88%91%E9%80%99%E6%A8%A3%E5%81%9A%EF%BC%81/#:~:text=%E6%8A%97%E7%94%9F%E7%B4%A0%E4%B9%8B%E7%B5%A6%E4%BA%88%E5%90%88%E4%BD%B5%E7%9B%8A%E7%94%9F,%E4%BD%B3%E7%9A%84%E8%BC%94%E5%8A%A9%E6%B2%BB%E7%99%82%E6%96%B9%E5%BC%8F%E3%80%82
https://www.kskhealth.com/pages/probiotics-35#:~:text=%E7%95%B6%E4%BD%A0%E5%9C%A8%E6%9C%8D%E7%94%A8%E6%8A%97%E7%94%9F%E7%B4%A0,%E8%A3%9C%E5%85%85%E7%9B%8A%E8%8F%8C%E3%80%8C%E6%96%B0%E5%85%B5%E3%80%8D%E3%80%82
https://www.airitilibrary.com/Article/Detail/P20170828001-201606-201708280004-201708280004-1-14#:~:text=%E6%91%98%E8%A6%81%20%E8%85%B9%E7%80%89%E7%82%BA%E8%A8%B1%E5%A4%9A%E5%B8%B8%E7%94%A8%E6%8A%97%E7%94%9F%E7%B4%A0%E7%9A%84%E5%89%AF%E4%BD%9C%E7%94%A8%EF%BC%8C%E8%80%8C%E5%B9%B4%E7%B4%80%E8%BC%83%E5%A4%A7%E6%88%96%E9%95%B7%E6%9C%9F%E4%BD%BF%E7%94%A8%E6%8A%97%E7%94%9F%E7%B4%A0%E7%9A%84%E4%BD%8F%E9%99%A2%E7%97%85%E4%BA%BA%EF%BC%8C%E5%8F%AF%E8%83%BD%E5%9B%A0%E8%85%B8%E9%81%93%E4%B8%AD%E5%9B%B0%E9%9B%A3%E6%A2%AD%E7%8B%80%E6%A1%BF%E8%8F%8C%E5%A4%A7%E9%87%8F%E5%A2%9E%E7%94%9F%EF%BC%8C%E9%80%A0%E6%88%90%E6%84%9F%E6%9F%93%E6%80%A7%E5%A4%A7%E8%85%B8%E7%82%8E%E5%8F%8A%E8%85%B9%E7%80%89%E6%88%96%E5%9B%B0%E9%9B%A3%E6%A2%AD%E7%8B%80%E6%A1%BF%E8%8F%8C%E7%9B%B8%E9%97%9C%E8%85%B9%E7%80%89%EF%BC%88Clostridium%20difficile%20associated%20diarrhea%2C%20CDAD%EF%BC%89%E3%80%82%20%E7%9B%8A%E7%94%9F%E8%8F%8C%E5%8F%AF%E8%97%89%E7%94%B1%E6%94%B9%E5%96%84%E8%85%B8%E9%81%93%E5%85%A7%E5%BE%AE%E7%94%9F%E7%89%A9%E8%8F%8C%E5%8F%A2%E7%9A%84%E7%94%9F%E6%85%8B%E5%B9%B3%E8%A1%A1%E8%80%8C%E4%BF%83%E9%80%B2%E5%AE%BF%E4%B8%BB%E5%81%A5%E5%BA%B7%E3%80%82%20%E8%BF%91%E5%B9%B4%E6%9C%89%E8%A8%B1%E5%A4%9A%E6%8E%A2%E8%A8%8E%E7%9B%8A%E7%94%9F%E8%8F%8C%E8%88%87%E6%8A%97%E7%94%9F%E7%B4%A0%E5%BC%95%E8%B5%B7%E8%85%B9%E7%80%89%E7%9A%84%E7%9B%B8%E9%97%9C%E6%96%87%E7%8D%BB%EF%BC%8C%E6%9C%AC%E7%AF%87%E6%96%87%E7%AB%A0%E7%9A%84%E7%9B%AE%E7%9A%84%E6%98%AF%E4%BB%A5%E5%AF%A6%E8%AD%89%E9%86%AB%E5%AD%B8%E4%B9%8B%E6%96%B9%E6%B3%95%E4%BA%86%E8%A7%A3%E7%9B%8A%E7%94%9F%E8%8F%8C%E5%B0%8D%E6%96%BC%E6%94%B9%E5%96%84%E6%8A%97%E7%94%9F%E7%B4%A0%E5%BC%95%E8%B5%B7%E8%85%B9%E7%80%89%E4%B9%8B%E7%9B%B8%E9%97%9C%E7%A0%94%E7%A9%B6%E8%AD%89%E6%93%9A%EF%BC%8C%E8%97%89%E6%AD%A4%E7%B5%A6%E4%BA%88%E7%97%85%E4%BA%BA%E9%81%A9%E5%88%87%E4%B9%8B%E8%87%A8%E5%BA%8A%E4%BD%BF%E7%94%A8%E5%BB%BA%E8%AD%B0%E3%80%82%20%E7%B8%BD%E7%B5%90%E7%B3%BB%E7%B5%B1%E6%80%A7%E5%9B%9E%E9%A1%A7%E6%96%87%E7%AB%A0%E5%8F%8A%E9%9A%A8%E6%A9%9F%E6%8E%A7%E5%88%B6%E8%A9%A6%E9%A9%97%E5%BB%BA%E8%AD%B0%EF%BC%8C%E7%9B%8A%E7%94%9F%E8%8F%8C%E5%B0%8D%E6%96%BC0%2D65%E6%AD%B2%E4%BD%BF%E7%94%A8%E6%8A%97%E7%94%9F%E7%B4%A0%E7%9A%84%E7%97%85%E4%BA%BA%E5%8F%AF%E7%94%A8%E4%BE%86%E9%A0%90%E9%98%B2%E6%88%96%E6%B2%BB%E7%99%82%E6%8A%97%E7%94%9F%E7%B4%A0%E7%9B%B8%E9%97%9C%E6%80%A7%E8%85%B9%E7%80%89%EF%BC%88antibiotic%2Dassociated%20diarrhea%2C%20AAD%EF%BC%89%E6%88%96CDAD%EF%BC%8C%E5%85%B6%E4%B8%AD%E6%9C%89%E6%95%88%E7%9A%84%E8%8F%8C%E7%A8%AE%E5%8C%85%E5%90%ABLactobacillus%E3%80%81Streptococcus%E5%8F%8ASaccharomyces%E9%85%B5%E6%AF%8D%E5%B1%AC%E8%8F%8C%E6%A0%AA%E3%80%82%20%E4%BD%86%E5%B0%8D%E6%96%BC65%E6%AD%B2%E4%BB%A5%E4%B8%8A%E4%BD%BF%E7%94%A8%E6%8A%97%E7%94%9F%E7%B4%A0%E7%9A%84%E4%BD%8F%E9%99%A2%E8%80%81%E5%B9%B4%E4%BA%BA%E5%89%87%E8%BC%83%E7%84%A1%E9%A1%AF%E8%91%97%E6%94%B9%E5%96%84AAD%E6%88%96CDAD%E7%9A%84%E6%95%88%E6%9E%9C%E3%80%82%20%E8%8B%A5%E7%97%85%E4%BA%BA%E6%B2%92%E6%9C%89%E5%85%8D%E7%96%AB%E5%8A%9F%E8%83%BD%E4%BD%8E%E4%B8%8B%E7%9A%84%E5%95%8F%E9%A1%8C%EF%BC%8C%E5%89%87%E5%8F%AF%E8%80%83%E6%85%AE%E4%BD%BF%E7%94%A8%E7%9B%8A%E7%94%9F%E8%8F%8C%E4%BE%86%E9%99%8D%E4%BD%8E%E6%8A%97%E7%94%9F%E7%B4%A0%E9%80%A0%E6%88%90%E8%85%B9%E7%80%89%E4%B9%8B%E9%A2%A8%E9%9A%AA%EF%BC%8C%E4%BD%86%E9%9C%80%E6%8C%81%E7%BA%8C%E7%9B%A3%E6%B8%AC%E7%97%85%E4%BA%BA%E5%9C%A8%E6%9C%8D%E7%94%A8%E7%9B%8A%E7%94%9F%E8%8F%8C%E5%BE%8C%E6%98%AF%E5%90%A6%E5%87%BA%E7%8F%BE%E8%85%B8%E8%83%83%E4%B8%8D%E9%81%A9%E7%AD%89%E5%89%AF%E4%BD%9C%E7%94%A8%E3%80%82
https://www.airitilibrary.com/Article/Detail/16830903-201712-201712200006-201712200006-1-12
https://www.cochrane.org/zh-hant/evidence/CD006095_use-probiotics-prevent-clostridium-difficile-diarrhea-associated-antibiotic-use"
益生菌免疫調節,"益生菌透過調節腸道免疫系統來實現免疫調節功能，主要作用包括促進免疫物質生成、活化免疫細胞、維持腸道屏障完整以及調節過敏反應等，有助於增強身體對抗疾病和過敏的抵抗力。
益生菌在免疫調節中的作用機制與益處：
調節腸道免疫系統：
腸道是人體最大的免疫器官，益生菌能刺激和活化腸道免疫細胞，例如促進
第一型T淋巴細胞
分泌干擾素，從而抑制發炎反應，並調節過度活躍的免疫活性。
產生免疫物質：
部分益生菌能產生免疫物質，例如脂壁酸（LTA），這種成分被認為對免疫調節和過敏體質調整有顯著作用。
強化腸道屏障：
益生菌有助於維持腸道表面保護層的完整，防止有害物質進入體內，從而促進免疫調節。
緩解過敏反應：
益生菌的某些菌株，如
副乾酪乳桿菌
（
Lactobacillus paracasei）和
鼠李糖乳桿菌GG株
（
Lactobacillus rhamnosus GG），已被證實有助於減緩過敏性鼻炎和異位性皮膚炎等過敏反應。
多方面健康益處：
除了免疫調節，益生菌還能幫助消化、改善腸道健康、調節新陳代謝、甚至對心理健康產生正面影響。
選擇與補充益生菌的建議：
菌株選擇：
不同的益生菌菌株具有不同的功效，例如
乳雙歧桿菌
、
副乾酪乳桿菌
、
植物乳桿菌
、
鼠李糖乳桿菌GG株等都被認為對免疫調節有益。
搭配均衡飲食：
益生菌應搭配均衡飲食，特別是足夠的蛋白質攝取，以提升身體的免疫防禦力。
長期觀察與選擇適合的菌株：
改善過敏體質和免疫調節是一個長期過程，需要仔細選擇適合自己的菌株並持續補充。","https://shop.vitabox.com.tw/products/lactobacillus#:~:text=Q%EF%BC%9A%E4%BB%80%E9%BA%BC%E6%98%AFLTA%EF%BC%9F%20L%2D137%20%E5%B0%88%E5%88%A9%E6%A4%8D%E7%89%A9%E4%B9%B3%E9%85%B8%E8%8F%8C%E5%90%AB%E6%9C%89%E8%84%82%E5%A3%81%E9%85%B8%EF%BC%88Lipoteichoic%20Acid%2C%20LTA%EF%BC%89%EF%BC%8C%E5%85%B6%E6%98%AF%E5%BE%AE%E7%94%9F%E7%89%A9%E7%B4%B0%E8%83%9E%E5%A3%81%E4%B8%8A%E7%9A%84%E7%B5%A8%E6%AF%9B%E7%8B%80%E6%88%90%E5%88%86%EF%BC%8C%E4%B9%9F%E6%98%AFL%2D137%20%E6%A4%8D%E7%89%A9%E4%B9%B3%E9%85%B8%E8%8F%8C%E7%9A%84%E9%97%9C%E9%8D%B5%E6%95%88%E6%80%A7%E5%9B%A0%E5%AD%90%E3%80%82%20LTA,%E7%94%A2%E5%93%81%E6%8E%A1%E7%94%A8%E5%A4%A9%E7%84%B6%E6%A4%8D%E7%89%A9%E8%86%A0%E5%9B%8A%E5%8A%91%E5%9E%8B%EF%BC%8C%E9%81%A9%E5%90%881%20%E6%AD%B2%E4%BB%A5%E4%B8%8A%E5%90%84%E5%B9%B4%E9%BD%A1%E5%B1%A4%E4%BD%BF%E7%94%A8%E3%80%82%20%E3%80%90%E5%85%92%E7%AB%A5%E9%A0%86%E6%9A%A2%E5%B0%88%E7%A7%91%E3%80%91%E6%AF%8F%E5%8C%85%E5%90%AB%E6%9C%8975%20%E5%84%84%E6%B4%BB%E6%80%A7%E7%9B%8A%E7%94%9F%E8%8F%8C%EF%BC%8C%E8%83%BD%E5%B9%AB%E5%8A%A9%E7%B6%AD%E6%8C%81%E6%B6%88%E5%8C%96%E9%81%93%E6%A9%9F%E8%83%BD%EF%BC%8C%E4%BF%83%E9%80%B2%E6%8E%92%E4%BE%BF%E9%A0%86%E6%9A%A2%E3%80%82%20%E6%AD%A4%E5%A4%96%EF%BC%8C%E7%89%B9%E5%88%A5%E6%B7%BB%E5%8A%A0%E7%9A%84%E5%A4%A7%E8%87%AA%E7%84%B6%E8%B6%85%E7%B4%9A%E8%8E%93%E6%9E%9C%E7%B2%BE%E8%8F%AF%EF%BC%8C%E5%85%B7%E6%9C%89%E4%BF%83%E9%80%B2%E9%A3%9F%E6%85%BE%E7%9A%84%E6%95%88%E6%9E%9C%EF%BC%8C%E5%BE%AE%E9%85%B8%E7%9A%84%E5%8F%A3%E6%84%9F%E6%B7%B1%E5%8F%97%E5%B0%8F%E6%9C%8B%E5%8F%8B%E5%96%9C%E6%84%9B%E3%80%82%20%E9%80%99%E6%AC%BE%E7%94%A2%E5%93%81%E5%B0%88%E7%82%BA%E5%B9%BC%E5%85%92%E5%92%8C%E5%85%92%E7%AB%A5%E8%A8%AD%E8%A8%88%EF%BC%8C%E7%B2%89%E5%8C%85%E5%8A%91%E5%9E%8B%E9%81%A9%E5%90%88%E4%B8%8D%E7%BF%92%E6%85%A3%E5%90%9E%E9%A3%9F%E8%86%A0%E5%9B%8A%E7%9A%84%E5%AD%A9%E5%AD%90%E4%BD%BF%E7%94%A8%E3%80%82%20%E5%85%A9%E8%80%85%E5%8F%AF%E4%BB%A5%E6%90%AD%E9%85%8D%E9%A3%9F%E7%94%A8%EF%BC%8C%E7%99%BC%E6%8F%AE%E7%9B%B8%E8%BC%94%E7%9B%B8%E6%88%90%E7%9A%84%E6%95%88%E6%9E%9C%EF%BC%8C%E6%97%A9%E4%B8%8A%E9%A3%AF%E5%BE%8C%E3%80%90%E5%85%8D%E7%96%AB%E5%B0%88%E7%A7%91%E3%80%91%E3%80%81%E7%9D%A1%E5%89%8D%E9%A3%9F%E7%94%A8%E3%80%90%E5%85%92%E7%AB%A5%E9%A0%86%E6%9A%A2%E5%B0%88%E7%A7%91%E3%80%91%EF%BC%8C%E6%9C%89%E5%8A%A9%E6%96%BC%E8%AA%BF%E7%AF%80%E9%AB%94%E8%B3%AA%E4%B8%A6%E7%B6%AD%E6%8C%81%E6%95%B4%E9%AB%94%E5%81%A5%E5%BA%B7%E3%80%82
https://tw.news.yahoo.com/%E5%85%8D%E7%96%AB%E5%8A%9B%E7%9B%8A%E7%94%9F%E8%8F%8C-%E5%85%8D%E7%96%AB%E5%8A%9B%E5%90%83%E4%BB%80%E9%BA%BC-%E7%9B%8A%E7%94%9F%E8%8F%8C%E5%85%8D%E7%96%AB%E7%B3%BB%E7%B5%B1-%E5%A2%9E%E5%BC%B7%E5%85%8D%E7%96%AB%E5%8A%9B%E7%9B%8A%E7%94%9F%E8%8F%8C-immunity-025016552.html#:~:text=%E4%B9%B3%E6%A1%BF%E8%8F%8C%E5%B1%AC%EF%BC%88Lactobacillus%EF%BC%89%20*%20%E5%97%9C%E9%85%B8%E4%B9%B3%E6%A1%BF%E8%8F%8C%EF%BC%88Lactobacillus%20acidophilus%EF%BC%89%EF%BC%9A%E7%B0%A1%E7%A8%B1A%E8%8F%8C%EF%BC%8C%E6%98%AF%E5%B0%8F%E8%85%B8%E5%85%A7%E6%95%B8%E9%87%8F%E6%9C%80%E5%A4%9A%E7%9A%84%E7%B4%B0%E8%8F%8C%EF%BC%8C%E9%99%B0%E9%81%93%E5%A3%81%E3%80%81%E5%AD%90%E5%AE%AE%E9%A0%B8%E8%88%87%E5%B0%BF%E9%81%93%E9%83%BD%E6%9C%89%E5%85%B6%E8%B9%A4%E8%B7%A1%EF%BC%8C%E5%8F%AF%E4%BB%A5%E8%AA%BF%E7%AF%80%E5%85%8D%E7%96%AB%E3%80%81%E9%99%8D%E4%BD%8E%E8%86%BD%E5%9B%BA%E9%86%87%E3%80%81%E6%B8%9B%E4%BD%8E%E5%BF%B5%E7%8F%A0%E8%8F%8C%E5%B1%AC%E9%99%B0%E9%81%93%E7%82%8E%E7%9A%84%E6%84%9F%E6%9F%93%E9%A2%A8%E9%9A%AA%E3%80%82%20*%20%E4%B9%BE%E9%85%AA%E4%B9%B3%E6%A1%BF%E8%8F%8C%EF%BC%88Lactobacillus%20casei%EF%BC%89%EF%BC%9A%E7%B0%A1%E7%A8%B1C%E8%8F%8C%EF%BC%8C%E7%9B%B8%E7%95%B6%E8%80%90%E9%85%B8%EF%BC%8C%E8%83%BD%E6%9C%89%E6%95%88%E9%80%9A%E9%81%8E%E8%83%83%E9%85%B8%E3%80%81%E8%86%BD%E9%B9%BD%E7%9A%84%E8%80%83%E9%A9%97%EF%BC%8C%E8%A6%8F%E6%A8%A1%E5%9C%B0%E9%80%B2%E5%85%A5%E8%85%B8%E9%81%93%E7%B9%81%E6%AE%96%EF%BC%8C%E5%85%B7%E6%9C%89%E7%B7%A9%E8%A7%A3%E4%B9%B3%E7%B3%96%E4%B8%8D%E8%80%90%E7%97%87%E3%80%81%E6%B8%9B%E7%B7%A9%E9%81%8E%E6%95%8F%E3%80%81%E9%99%8D%E8%A1%80%E5%A3%93%E3%80%81%E9%99%8D%E8%86%BD%E5%9B%BA%E9%86%87%E3%80%81%E7%94%A2%E7%94%9F%E6%8A%97%E9%AB%94%E5%85%8D%E7%96%AB%E3%80%81%E5%8D%94%E5%8A%A9%E9%A0%90%E9%98%B2%E7%99%8C%E7%97%87%E4%B8%A6%E6%8A%91%E5%88%B6%E8%85%AB%E7%98%A4%E7%94%9F%E9%95%B7%E7%AD%89%E5%8A%9F%E6%95%88%E3%80%82%20*%20%E5%89%AF%E4%B9%BE%E9%85%AA%E4%B9%B3%E6%A1%BF%E8%8F%8C%EF%BC%88Lactobacillus%20paracasei%EF%BC%89%EF%BC%9A%E7%B0%A1%E7%A8%B1LP%E8%8F%8C%EF%BC%8C%E8%80%90%E8%83%83%E9%85%B8%E5%8F%8A%E8%86%BD%E9%B9%BD%EF%BC%8C%E5%9C%A8%E8%85%B8%E9%81%93%E4%B8%AD%E5%AE%9A%E6%AE%96%E6%95%88%E6%9E%9C%E8%89%AF%E5%A5%BD%EF%BC%8C%E8%83%BD%E6%B8%9B%E7%B7%A9%E7%95%B0%E4%BD%8D%E6%80%A7%E7%9A%AE%E8%86%9A%E7%82%8E%E3%80%81%E9%81%8E%E6%95%8F%E6%80%A7%E9%BC%BB%E7%82%8E%E7%AD%89%E9%81%8E%E6%95%8F%E7%99%BC%E7%82%8E%E5%8F%8D%E6%87%89%E3%80%82%20*%20%E9%BC%A0%E6%9D%8E%E7%B3%96%E4%B9%B3%E6%A1%BF%E8%8F%8CGG%E6%A0%AA%EF%BC%88Lactobacillus%20rhamnosus%20GG%EF%BC%89%EF%BC%9A%E7%B0%A1%E7%A8%B1LGG%E8%8F%8C%EF%BC%8C%E6%98%AF%E7%95%B6%E5%89%8D%E4%B8%96%E7%95%8C%E4%B8%8A%E7%A0%94%E7%A9%B6%E6%9C%80%E5%A4%9A%E7%9A%84%E7%9B%8A%E7%94%9F%E8%8F%8C%EF%BC%8C%E6%9C%89%E6%B4%BB%E5%8C%96%E5%85%8D%E7%96%AB%E5%8A%9F%E8%83%BD%E3%80%81%E5%B9%AB%E5%8A%A9%E5%85%B6%E4%BB%96%E7%9B%8A%E8%8F%8C%E7%9A%84%E7%94%9F%E9%95%B7%E3%80%81%E9%99%8D%E4%BD%8E%E5%B0%8D%E4%B9%B3%E5%93%81%E6%88%96%E9%A3%9F%E7%89%A9%E7%9A%84%E9%81%8E%E6%95%8F%E3%80%81%E6%B2%BB%E7%99%82%E6%80%A5%E6%80%A7%E8%85%B9%E7%80%89%E7%AD%89%E5%8A%9F%E8%83%BD%E3%80%82
https://www.watsons.com.tw/blog/health-wellbeing/did-you-know-probiotics-are-about-your-immunity#:~:text=%E5%B0%8D%E5%81%A5%E5%BA%B7%E7%9A%84%E5%8A%9F%E6%95%88%20*%20%E6%94%B9%E5%96%84%E8%85%B8%E8%83%83%E9%81%93%E5%B9%B3%E8%A1%A1%EF%BC%9A%E7%9B%8A%E7%94%9F%E5%85%83%E3%80%81%E5%BE%8C%E7%94%9F%E5%85%83%E8%83%BD%E5%A2%9E%E5%BC%B7%E8%85%B8%E9%81%93%E5%85%A7%E6%9C%89%E7%9B%8A%E8%8F%8C%E7%9A%84%E7%94%9F%E9%95%B7%EF%BC%8C%E6%94%B9%E5%96%84%E8%85%B8%E9%81%93%E5%BE%AE%E7%94%9F%E7%89%A9%E5%B9%B3%E8%A1%A1%EF%BC%8C%E5%BE%9E%E8%80%8C%E6%9C%89%E5%8A%A9%E6%96%BC%E6%B6%88%E5%8C%96%E5%92%8C%E9%A0%90%E9%98%B2%E8%85%B8%E9%81%93%E7%96%BE%E7%97%85%E3%80%82%20*%20%E5%A2%9E%E5%BC%B7%E5%85%8D%E7%96%AB%E7%B3%BB%E7%B5%B1%EF%BC%9A%E9%80%9A%E9%81%8E%E4%BF%83%E9%80%B2%E7%9B%8A%E7%94%9F%E8%8F%8C%E7%9A%84%E5%A2%9E%E9%95%B7%EF%BC%8C%E7%9B%8A%E7%94%9F%E5%85%83%E5%8F%AF%E4%BB%A5%E6%8F%90%E5%8D%87%E5%85%8D%E7%96%AB%E7%B3%BB%E7%B5%B1%E7%9A%84%E5%8A%9F%E8%83%BD%EF%BC%8C%E6%B8%9B%E5%B0%91%E6%84%9F%E6%9F%93%E7%9A%84%E9%A2%A8%E9%9A%AA%EF%BC%9B%E5%BE%8C%E7%94%9F%E5%85%83%E8%83%BD%E5%8A%A0%E9%80%9F%E4%BF%AE%E5%BE%A9%E9%BB%8F%E8%86%9C%EF%BC%8C%E4%B8%A6%E9%99%8D%E4%BD%8E%E7%99%BC%E7%82%8E%E5%9B%A0%E5%AD%90%E9%80%A0%E6%88%90%E7%9A%84%E8%85%B8%E9%81%93%E5%B1%8F%E9%9A%9C%E6%90%8D%E5%82%B7%E3%80%82%20*%20%E6%94%B9%E5%96%84%E4%BB%A3%E8%AC%9D%EF%BC%9A%E7%9B%8A%E7%94%9F%E5%85%83%E6%9C%89%E5%8A%A9%E6%96%BC%E8%AA%BF%E7%AF%80%E8%A1%80%E7%B3%96%E5%92%8C%E8%86%BD%E5%9B%BA%E9%86%87%E6%B0%B4%E5%B9%B3%EF%BC%8C%E5%B0%8D%E6%96%BC%E7%B3%96%E5%B0%BF%E7%97%85%E5%92%8C%E5%BF%83%E8%A1%80%E7%AE%A1%E7%96%BE%E7%97%85%E7%9A%84%E9%A0%90%E9%98%B2%E6%9C%89%E4%B8%80%E5%AE%9A%E7%9A%84%E5%B9%AB%E5%8A%A9%E3%80%82%20*%20%E6%B8%9B%E5%B0%91%E8%85%B8%E9%81%93%E4%B8%8D%E9%81%A9%EF%BC%9A%E9%80%8F%E9%81%8E%E4%BF%83%E9%80%B2%E8%89%AF%E5%A5%BD%E8%8F%8C%E7%BE%A4%E7%9A%84%E7%94%9F%E9%95%B7%EF%BC%8C%E6%9C%89%E6%A9%9F%E9%85%B8%E4%BF%83%E9%80%B2%E8%85%B8%E9%81%93%E5%88%86%E6%B3%8C%E9%BB%8F%E6%B6%B2%E5%8F%8A%E6%AD%A3%E5%B8%B8%E8%A0%95%E5%8B%95%EF%BC%8C%E8%83%BD%E6%B8%9B%E5%B0%91%E8%85%B9%E8%84%B9%E3%80%81%E4%BE%BF%E7%A7%98%E5%92%8C%E8%85%B9%E7%80%89%E7%AD%89%E8%85%B8%E9%81%93%E4%B8%8D%E9%81%A9%E7%97%87%E7%8B%80%E3%80%82%20*%20%E5%BF%83%E7%90%86%E5%81%A5%E5%BA%B7%EF%BC%9A%E8%85%B8%E9%81%93%E8%88%87%E5%A4%A7%E8%85%A6%E4%B9%8B%E9%96%93%E5%AD%98%E5%9C%A8%E8%91%97%E2%80%9C%E8%85%B8%2D%E8%85%A6%E8%BB%B8%E2%80%9D%EF%BC%8C%E7%9B%8A%E7%94%9F%E5%85%83%E5%8F%AF%E8%83%BD%E5%B0%8D%E6%83%85%E7%B7%92%E5%92%8C%E5%BF%83%E7%90%86%E5%81%A5%E5%BA%B7%E6%9C%89%E6%AD%A3%E9%9D%A2%E5%BD%B1%E9%9F%BF%EF%BC%9B%E5%BE%8C%E7%94%9F%E5%85%83%E5%8F%AF%E4%BB%A5%E4%BF%83%E9%80%B2%E6%9F%90%E4%BA%9B%E7%A5%9E%E7%B6%93%E5%82%B3%E9%81%9E%E7%89%A9%E8%B3%AA%EF%BC%88ex:%E8%A1%80%E6%B8%85%E7%B4%A0%EF%BC%89%E7%9A%84%E7%94%9F%E6%88%90%EF%BC%8C%E8%80%8C%E8%A1%80%E6%B8%85%E7%B4%A0%E5%B0%8D%E6%83%85%E7%B7%92%E5%92%8C%E7%84%A6%E6%85%AE%E6%9C%89%E9%87%8D%E8%A6%81%E5%BD%B1%E9%9F%BF%E3%80%82
https://gcm.org.tw/blog/probiotics-boost-immunity-nutritionist-tips/#:~:text=%E7%9B%8A%E7%94%9F%E8%8F%8C%E5%8A%9F%E6%95%88%E8%88%87%E4%BD%9C%E7%94%A8%EF%BC%8C%E5%B9%AB%E5%8A%A9%E6%B6%88%E5%8C%96%E3%80%81%E5%A2%9E%E5%BC%B7%E5%85%8D%E7%96%AB%E5%8A%9B%EF%BC%8C%E7%94%9A%E8%87%B3%E6%9C%89%E9%80%99%E4%BA%9B%E5%A5%BD%E8%99%95%EF%BC%81%20%E7%9B%8A%E7%94%9F%E8%8F%8C%EF%BC%8C%E6%98%AF%E7%94%9F%E6%B4%BB%E5%9C%A8%E4%BA%BA%E9%AB%94%E8%85%B8%E9%81%93%E4%B8%AD%E7%9A%84%E5%81%A5%E5%BA%B7%E5%BE%AE%E7%94%9F%E7%89%A9%E3%80%82%20%E5%AE%83%E5%80%91%E7%9A%84%E4%B8%BB%E8%A6%81%E5%8A%9F%E6%95%88%E6%98%AF%E7%B6%AD%E6%8C%81%E8%85%B8%E9%81%93%E8%8F%8C%E7%BE%A4%E7%9A%84%E5%81%A5%E5%BA%B7%EF%BC%8C%E6%9C%89%E5%8A%A9%E6%96%BC%E6%B6%88%E5%8C%96%E7%B3%BB%E7%B5%B1%E5%8F%AF%E6%AD%A3%E5%B8%B8%E9%81%8B%E4%BD%9C%EF%BC%8C%E9%80%99%E4%BA%9B%E5%BE%AE%E7%94%9F%E7%89%A9%E5%B0%8D%E6%96%BC%E5%85%8D%E7%96%AB%E7%B3%BB%E7%B5%B1%E3%80%81%E7%87%9F%E9%A4%8A%E7%B4%A0%E5%90%B8%E6%94%B6%EF%BC%8C%E7%94%9A%E8%87%B3%E5%BD%B1%E9%9F%BF%E5%BF%83%E7%90%86%E5%81%A5%E5%BA%B7%E9%83%BD%E6%9C%89%E6%AD%A3%E9%9D%A2%E5%8A%9F%E6%95%88%E3%80%82%20%E5%B0%8D%E6%96%BC%E6%88%90%E5%B9%B4%E4%BA%BA%E8%80%8C%E8%A8%80%EF%BC%8C%E7%94%B1%E6%96%BC%E6%97%A5%E5%B8%B8%E5%A3%93%E5%8A%9B%E3%80%81%E9%A3%B2%E9%A3%9F%E7%BF%92%E6%85%A3%E5%8F%8A%E7%94%9F%E6%B4%BB%E6%96%B9%E5%BC%8F%E7%9A%84%E5%A4%9A%E6%A8%A3%E6%80%A7%EF%BC%8C%E8%85%B8%E9%81%93%E8%8F%8C%E7%BE%A4%E5%AE%B9%E6%98%93%E7%94%A2%E7%94%9F%E4%B8%8D%E5%88%A9%E5%BD%B1%E9%9F%BF%EF%BC%8C%E5%9C%A8%E9%80%99%E7%A8%AE%E6%83%85%E6%B3%81%E4%B8%8B%EF%BC%8C%E7%9B%8A%E7%94%9F%E8%8F%8C%E7%9A%84%E6%94%9D%E5%8F%96%E5%B0%B1%E9%A1%AF%E5%BE%97%E5%BE%88%E9%87%8D%E8%A6%81%EF%BC%8C%E5%AE%83%E5%80%91%E4%B8%8D%E5%83%85%E5%8F%AF%E4%BB%A5%E5%B9%AB%E5%8A%A9%E8%85%B8%E9%81%93%E6%9C%89%E6%95%88%E5%9C%B0%E6%B6%88%E5%8C%96%E9%A3%9F%E7%89%A9%EF%BC%8C%E9%82%84%E8%83%BD%E6%B8%9B%E5%B0%91%E5%AE%B3%E8%8F%8C%E6%BB%8B%E7%94%9F%EF%BC%8C%E9%80%B2%E8%80%8C%E6%8F%90%E9%AB%98%E8%BA%AB%E9%AB%94%E7%9A%84%E6%8A%B5%E6%8A%97%E5%8A%9B%EF%BC%8C%E9%99%A4%E6%AD%A4%E4%B9%8B%E5%A4%96%EF%BC%8C%E7%9B%8A%E7%94%9F%E8%8F%8C%E8%88%87%E7%9B%8A%E8%8F%8C%E7%B4%A0%E5%AE%B9%E6%98%93%E8%A2%AB%E6%B7%B7%E6%B7%86%EF%BC%8C%E7%9B%8A%E7%94%9F%E8%8F%8C%E6%98%AF%E6%B4%BB%E7%9A%84%E5%BE%AE%E7%94%9F%E7%89%A9%EF%BC%8C%E8%80%8C%E7%9B%8A%E8%8F%8C%E7%B4%A0%E5%89%87%E6%98%AF%E9%9D%9E%E6%B4%BB%E6%80%A7%E7%9A%84%E9%A3%9F%E7%89%A9%E6%88%90%E5%88%86%EF%BC%8C%E4%B8%BB%E8%A6%81%E4%BD%9C%E7%94%A8%E6%98%AF%E4%BF%83%E9%80%B2%E7%9B%8A%E7%94%9F%E8%8F%8C%E7%94%9F%E9%95%B7%E3%80%82%20%E5%9C%A8%E8%AA%8D%E8%AD%98%E4%BA%86%E7%9B%8A%E7%94%9F%E8%8F%8C%E7%9A%84%E5%9F%BA%E7%A4%8E%E7%9F%A5%E8%AD%98%E4%B9%8B%E5%BE%8C%EF%BC%8C%E6%88%91%E5%80%91%E6%9B%B4%E8%83%BD%E7%9F%A5%E9%81%93%E5%A6%82%E4%BD%95%E9%A3%9F%E7%94%A8%E9%80%99%E4%BA%9B%E5%B0%8D%E8%BA%AB%E9%AB%94%E6%9C%89%E7%9B%8A%E7%9A%84%E5%BE%AE%E7%94%9F%E7%89%A9%EF%BC%8C%E6%9C%89%E6%95%88%E6%8F%90%E5%8D%87%E6%88%91%E5%80%91%E7%9A%84%E7%94%9F%E6%B4%BB%E5%93%81%E8%B3%AA%E3%80%82
https://biomed.hk/%E7%9B%8A%E7%94%9F%E8%8F%8C%E5%8D%83%E7%99%BE%E7%A8%AE%EF%BC%8C%E5%93%AA%E4%BA%9B%E8%8F%8C%E7%A8%AE%E6%9C%89%E5%8A%A9%E8%AA%BF%E7%AF%80%E5%85%8D%E7%96%AB%EF%BC%9F/#:~:text=%E5%AE%9C%E5%AE%B6%E5%B0%B1%E5%90%8C%E5%A4%A7%E5%AE%B6%E8%AC%9B%E8%A7%A3%E4%B8%8B%E5%93%AA%E4%BA%9B%E8%8F%8C%E7%A8%AE%E6%9C%89%E5%8A%A9%E8%AA%BF%E7%AF%80%E5%85%8D%E7%96%AB%E3%80%82%20*%20%E4%B9%B3%E9%9B%99%E6%AD%A7%E6%A1%BF%E8%8F%8C%EF%BC%88Bifidobacterium%20lactis%EF%BC%89%20*%20%E5%89%AF%E4%B9%BE%E9%85%AA%E4%B9%B3%E6%A1%BF%E8%8F%8C%EF%BC%88Lactobacillus%20paracasei%EF%BC%89,%E6%A4%8D%E7%89%A9%E4%B9%B3%E6%A1%BF%E8%8F%8C(Lactobacillus%20plantarum)%20*%20%E9%BC%A0%E6%9D%8E%E7%B3%96%E4%B9%B3%E6%A1%BF%E8%8F%8C(%20Lactobacillus%20rhamnosus%20GG)
https://www.crassna.com/blogs/%E5%81%A5%E5%BA%B7%E7%9F%A5%E8%AD%98/189919#:~:text=%E7%B5%90%E8%AB%96%EF%BC%9A%E7%9B%8A%E7%94%9F%E8%8F%8C%E6%98%AF%E6%94%B9%E5%96%84%E9%81%8E%E6%95%8F%E9%AB%94%E8%B3%AA%E7%9A%84%E9%87%8D%E8%A6%81%E8%BC%94%E5%8A%A9%20%E9%81%8E%E6%95%8F%E9%AB%94%E8%B3%AA%E4%B8%A6%E9%9D%9E%E7%84%A1%E6%B3%95%E6%94%B9%E8%AE%8A%EF%BC%8C%E5%BE%9E%E7%92%B0%E5%A2%83%E7%AE%A1%E7%90%86%E3%80%81%E7%94%9F%E6%B4%BB%E7%BF%92%E6%85%A3%E5%88%B0%E8%85%B8%E9%81%93%E4%BF%9D%E9%A4%8A%EF%BC%8C%E7%9A%86%E6%98%AF%E8%AA%BF%E6%95%B4%E9%AB%94%E8%B3%AA%E7%9A%84%E9%87%8D%E8%A6%81%E4%B8%80%E7%92%B0%E3%80%82%20%E8%A3%9C%E5%85%85%E6%AD%A3%E7%A2%BA%E7%9A%84%E7%9B%8A%E7%94%9F%E8%8F%8C%EF%BC%8C%E8%83%BD%E5%BC%B7%E5%8C%96%E8%85%B8%E9%81%93%E5%B1%8F%E9%9A%9C%E3%80%81%E5%B9%AB%E5%8A%A9%E5%85%8D%E7%96%AB%E7%B3%BB%E7%B5%B1%E9%87%8D%E6%96%B0%E5%B9%B3%E8%A1%A1%EF%BC%8C%E6%98%AF%E6%94%B9%E5%96%84%E6%85%A2%E6%80%A7%E9%81%8E%E6%95%8F%E7%9A%84%E6%9C%89%E6%95%88%E6%96%B9%E5%BC%8F%E4%B9%8B%E4%B8%80%E3%80%82%20%E5%8F%AA%E8%A6%81%E6%90%AD%E9%85%8D%E9%95%B7%E6%9C%9F%E8%A7%80%E5%AF%9F%E8%88%87%E9%81%A9%E5%90%88%E8%87%AA%E5%B7%B1%E7%9A%84%E8%8F%8C%E6%A0%AA%E9%81%B8%E6%93%87%EF%BC%8C%E5%B0%B1%E6%9C%89%E6%A9%9F%E6%9C%83%E6%B8%9B%E5%B0%91%E9%81%8E%E6%95%8F%E5%9B%B0%E6%93%BE%EF%BC%8C%E6%8F%90%E5%8D%87%E7%94%9F%E6%B4%BB%E5%93%81%E8%B3%AA%E3%80%82
https://www.cathay-hcm.com.tw/tw/front/news/newsItem/8ac484f090ac9c4c01934731083f3aba
https://www.healthnews.com.tw/article/43483/#:~:text=%E7%9B%8A%E7%94%9F%E8%8F%8C%E4%B8%8D%E5%8F%AA%E6%9C%89%E7%9B%8A%E8%85%B8%E8%83%83%E5%A4%AA%E9%AB%98%E5%A4%AA%E4%BD%8E%E6%9C%89%E9%80%99%E4%BA%9B%E5%A3%9E%E8%99%95%20%E5%B7%B2%E7%9F%A5%E5%85%8D%E7%96%AB%E7%B4%B0%E8%83%9E%E6%9C%83%E5%88%86%E6%B3%8C%E7%B4%B0%E8%83%9E%E6%BF%80%E7%B4%A0%E8%AA%BF%E6%8E%A7%E5%85%8D%E7%96%AB%E5%8F%8D%E6%87%89%EF%BC%8C%E5%8C%85%E5%90%AB%E5%B9%B2%E6%93%BE%E7%B4%A0%E5%92%8C%E7%B4%B0%E8%83%9E%E6%BF%80%E7%B4%A0IL%2D10%E3%80%82%20%E7%A0%94%E7%A9%B6%E5%B7%B2%E8%AD%89%E5%AF%A6%EF%BC%8C%E5%B9%B2%E6%93%BE%E7%B4%A0%E5%8F%AF%E6%8A%91%E5%88%B6%E7%97%85%E6%AF%92%E5%8F%8A%E8%85%AB%E7%98%A4%E7%B4%B0%E8%83%9E%E7%9A%84%E8%A4%87%E8%A3%BD%EF%BC%8C%E8%AA%BF%E6%8E%A7%E5%85%8D%E7%96%AB%E5%8A%9F%E8%83%BD%EF%BC%8C%E8%AE%93%E5%85%8D%E7%96%AB%E5%8F%8D%E6%87%89%E6%8F%90%E5%8D%87%EF%BC%9B%E7%B4%B0%E8%83%9E%E6%BF%80%E7%B4%A0IL%2D10%E5%89%87%E8%83%BD%E6%8A%91%E5%88%B6%E9%81%8E%E5%BA%A6%E6%B4%BB%E8%BA%8D%E7%9A%84%E5%85%8D%E7%96%AB%E7%B4%B0%E8%83%9E%EF%BC%8C%E8%AE%93%E5%85%8D%E7%96%AB%E5%8F%8D%E6%87%89%E7%B7%A9%E5%92%8C%E3%80%82%20%E6%9F%AF%E5%A8%81%E6%97%AD%E6%8C%87%E5%87%BA%EF%BC%8C%E5%A6%82%E4%BD%95%E8%83%BD%E5%88%BA%E6%BF%80%E5%85%8D%E7%96%AB%E7%B4%B0%E8%83%9E%EF%BC%8C%E4%BE%9D%E6%93%9A%E8%BA%AB%E9%AB%94%E6%89%80%E9%9C%80%E5%88%86%E6%B3%8C%E5%B9%B2%E6%93%BE%E7%B4%A0%E6%88%96%E4%BB%8B%E7%99%BD%E8%B3%AA%E4%BE%86%E8%AA%BF%E6%8E%A7%E5%85%8D%E7%96%AB%E5%8F%8D%E6%87%89%E5%91%A2%EF%BC%9F%20%E7%AD%94%E6%A1%88%E5%B0%B1%E6%98%AF%E3%80%8C%E7%9B%8A%E7%94%9F%E8%8F%8C%E3%80%8D%E3%80%82%20%E8%A8%B1%E5%A4%9A%E4%BA%BA%E5%B0%8D%E7%9B%8A%E7%94%9F%E8%8F%8C%E7%9A%84%E8%A7%80%E5%BF%B5%E9%82%84%E5%81%9C%E7%95%99%E5%9C%A8%E5%81%A5%E8%83%83%E6%95%B4%E8%85%B8%EF%BC%8C%E7%84%B6%E8%80%8C%E8%B6%8A%E4%BE%86%E8%B6%8A%E5%A4%9A%E7%9A%84%E7%A0%94%E7%A9%B6%E7%99%BC%E7%8F%BE%E7%9B%8A%E7%94%9F%E8%8F%8C%E7%9A%84%E5%A5%BD%E8%99%95%E4%B8%8D%E5%8F%AA%E6%96%BC%E6%AD%A4%E3%80%82%20%E6%9F%AF%E9%86%AB%E5%B8%AB%E5%88%86%E4%BA%AB%E7%9B%8A%E7%94%9F%E8%8F%8C%E5%B0%B1%E8%87%A8%E5%BA%8A%E5%8A%9F%E8%83%BD%EF%BC%8C%E8%88%87%E5%85%8D%E7%96%AB%E7%9B%B8%E9%97%9C%E7%9A%84%E4%B8%BB%E8%A6%81%E7%9A%84%E6%AD%A3%E9%9D%A2%E5%8A%9F%E6%95%88%E5%8C%85%E5%90%AB%EF%BC%9A%201.%E7%94%A2%E7%94%9F%E5%85%8D%E7%96%AB%E7%89%A9%E8%B3%AA%EF%BC%8C%E8%AA%98%E7%99%BC%E5%85%8D%E7%96%AB%E7%B4%B0%E8%83%9E%E6%B4%BB%E6%80%A7%EF%BC%8C%E5%A2%9E%E5%BC%B7%E5%AE%BF%E4%B8%BB%E6%8A%97%E8%8F%8C%E5%8F%8A%E6%8A%97%E7%97%85%E6%AF%92%E8%83%BD%E5%8A%9B%E3%80%82%202.%E7%B6%AD%E6%8C%81%E8%85%B8%E9%81%93%E8%A1%A8%E9%9D%A2%E4%BF%9D%E8%AD%B7%E5%B1%A4%E7%9A%84%E5%AE%8C%E6%95%B4%EF%BC%8C%E4%BF%83%E9%80%B2%E5%85%8D%E7%96%AB%E8%AA%BF%E7%AF%80%E4%BD%9C%E7%94%A8%E3%80%82%203.%E6%94%B9%E8%AE%8A%E9%81%8E%E6%95%8F%E8%9B%8B%E7%99%BD%E7%9A%84%E6%8A%97%E5%8E%9F%E6%80%A7%EF%BC%8C%E9%99%8D%E4%BD%8E%E8%BA%AB%E9%AB%94%E9%81%8E%E6%95%8F%E5%8F%8D%E6%87%89%E7%9A%84%E7%A8%8B%E5%BA%A6%E7%AD%89%E3%80%82
https://www.iehealth7799.com/%E7%9B%8A%E7%94%9F%E8%8F%8C%E4%B8%8D%E5%8F%AA%E6%94%B9%E5%96%84%E8%85%B8%E8%83%83%E9%81%93%EF%BC%8C%E9%82%84%E8%83%BD%E6%8A%97%E7%99%BC%E7%82%8E%EF%BC%9F/#:~:text=%E2%9D%90%20%E7%9B%8A%E7%94%9F%E8%8F%8C%E5%8F%AF%E4%BB%A5%E5%B9%AB%E5%8A%A9%E7%B7%A9%E8%A7%A3%E8%BA%AB%E9%AB%94%E7%99%BC%E7%82%8E%E7%9A%84%E6%A9%9F%E5%88%B6%E6%98%AF%E4%BB%80%E9%BA%BC%EF%BC%9F%20%E7%9B%8A%E7%94%9F%E8%8F%8C%E4%B8%BB%E8%A6%81%E9%80%9A%E9%81%8E%E8%AA%BF%E7%AF%80%E8%85%B8%E9%81%93%E5%85%8D%E7%96%AB%E7%B3%BB%E7%B5%B1%E4%BE%86%E6%B8%9B%E7%B7%A9%E7%99%BC%E7%82%8E%E3%80%82%20%E4%BE%8B%E5%A6%82%EF%BC%8C%E7%9B%8A%E7%94%9F%E8%8F%8C%E8%83%BD%E4%BF%83%E9%80%B2%E7%AC%AC%E4%B8%80%E5%9E%8BT%E6%B7%8B%E5%B7%B4%E7%B4%B0%E8%83%9E%E7%9A%84%E5%A2%9E%E7%94%9F%EF%BC%8C%E9%80%99%E4%BA%9B%E7%B4%B0%E8%83%9E%E6%9C%83%E5%88%86%E6%B3%8C%E5%B9%B2%E6%93%BE%E7%B4%A0%EF%BC%8C%E5%A3%93%E5%88%B6%E7%AC%AC%E4%BA%8C%E5%9E%8BT%E6%B7%8B%E5%B7%B4%E7%B4%B0%E8%83%9E%E7%9A%84%E6%B4%BB%E5%8B%95%EF%BC%8C%E5%BE%9E%E8%80%8C%E6%B8%9B%E5%B0%91%E7%99%BC%E7%82%8E%E5%8F%8D%E6%87%89%E3%80%82%20%E9%80%99%E7%A8%AE%E6%A9%9F%E5%88%B6%E8%83%BD%E6%9C%89%E6%95%88%E6%B8%9B%E8%BC%95%E8%BA%AB%E9%AB%94%E7%9A%84%E6%85%A2%E6%80%A7%E7%99%BC%E7%82%8E%E5%8F%8A%E9%81%8E%E6%95%8F%E5%8F%8D%E6%87%89%EF%BC%8C%E9%81%94%E6%88%90%E5%85%8D%E7%96%AB%E8%AA%BF%E7%AF%80%E7%9A%84%E5%8A%9F%E8%83%BD%E3%80%82
https://www.ustvshopping.com.tw/blogs/news/180306
https://www.healthnews.com.tw/article/43483/#:~:text=%E7%9B%8A%E7%94%9F%E8%8F%8C%E4%B8%8D%E5%8F%AA%E6%9C%89%E7%9B%8A%E8%85%B8%E8%83%83%E5%A4%AA%E9%AB%98%E5%A4%AA%E4%BD%8E%E6%9C%89%E9%80%99%E4%BA%9B%E5%A3%9E%E8%99%95%20%E5%B7%B2%E7%9F%A5%E5%85%8D%E7%96%AB%E7%B4%B0%E8%83%9E%E6%9C%83%E5%88%86%E6%B3%8C%E7%B4%B0%E8%83%9E%E6%BF%80%E7%B4%A0%E8%AA%BF%E6%8E%A7%E5%85%8D%E7%96%AB%E5%8F%8D%E6%87%89%EF%BC%8C%E5%8C%85%E5%90%AB%E5%B9%B2%E6%93%BE%E7%B4%A0%E5%92%8C%E7%B4%B0%E8%83%9E%E6%BF%80%E7%B4%A0IL%2D10%E3%80%82%20%E7%A0%94%E7%A9%B6%E5%B7%B2%E8%AD%89%E5%AF%A6%EF%BC%8C%E5%B9%B2%E6%93%BE%E7%B4%A0%E5%8F%AF%E6%8A%91%E5%88%B6%E7%97%85%E6%AF%92%E5%8F%8A%E8%85%AB%E7%98%A4%E7%B4%B0%E8%83%9E%E7%9A%84%E8%A4%87%E8%A3%BD%EF%BC%8C%E8%AA%BF%E6%8E%A7%E5%85%8D%E7%96%AB%E5%8A%9F%E8%83%BD%EF%BC%8C%E8%AE%93%E5%85%8D%E7%96%AB%E5%8F%8D%E6%87%89%E6%8F%90%E5%8D%87%EF%BC%9B%E7%B4%B0%E8%83%9E%E6%BF%80%E7%B4%A0IL%2D10%E5%89%87%E8%83%BD%E6%8A%91%E5%88%B6%E9%81%8E%E5%BA%A6%E6%B4%BB%E8%BA%8D%E7%9A%84%E5%85%8D%E7%96%AB%E7%B4%B0%E8%83%9E%EF%BC%8C%E8%AE%93%E5%85%8D%E7%96%AB%E5%8F%8D%E6%87%89%E7%B7%A9%E5%92%8C%E3%80%82%20%E6%9F%AF%E5%A8%81%E6%97%AD%E6%8C%87%E5%87%BA%EF%BC%8C%E5%A6%82%E4%BD%95%E8%83%BD%E5%88%BA%E6%BF%80%E5%85%8D%E7%96%AB%E7%B4%B0%E8%83%9E%EF%BC%8C%E4%BE%9D%E6%93%9A%E8%BA%AB%E9%AB%94%E6%89%80%E9%9C%80%E5%88%86%E6%B3%8C%E5%B9%B2%E6%93%BE%E7%B4%A0%E6%88%96%E4%BB%8B%E7%99%BD%E8%B3%AA%E4%BE%86%E8%AA%BF%E6%8E%A7%E5%85%8D%E7%96%AB%E5%8F%8D%E6%87%89%E5%91%A2%EF%BC%9F%20%E7%AD%94%E6%A1%88%E5%B0%B1%E6%98%AF%E3%80%8C%E7%9B%8A%E7%94%9F%E8%8F%8C%E3%80%8D%E3%80%82%20%E8%A8%B1%E5%A4%9A%E4%BA%BA%E5%B0%8D%E7%9B%8A%E7%94%9F%E8%8F%8C%E7%9A%84%E8%A7%80%E5%BF%B5%E9%82%84%E5%81%9C%E7%95%99%E5%9C%A8%E5%81%A5%E8%83%83%E6%95%B4%E8%85%B8%EF%BC%8C%E7%84%B6%E8%80%8C%E8%B6%8A%E4%BE%86%E8%B6%8A%E5%A4%9A%E7%9A%84%E7%A0%94%E7%A9%B6%E7%99%BC%E7%8F%BE%E7%9B%8A%E7%94%9F%E8%8F%8C%E7%9A%84%E5%A5%BD%E8%99%95%E4%B8%8D%E5%8F%AA%E6%96%BC%E6%AD%A4%E3%80%82%20%E6%9F%AF%E9%86%AB%E5%B8%AB%E5%88%86%E4%BA%AB%E7%9B%8A%E7%94%9F%E8%8F%8C%E5%B0%B1%E8%87%A8%E5%BA%8A%E5%8A%9F%E8%83%BD%EF%BC%8C%E8%88%87%E5%85%8D%E7%96%AB%E7%9B%B8%E9%97%9C%E7%9A%84%E4%B8%BB%E8%A6%81%E7%9A%84%E6%AD%A3%E9%9D%A2%E5%8A%9F%E6%95%88%E5%8C%85%E5%90%AB%EF%BC%9A%201.%E7%94%A2%E7%94%9F%E5%85%8D%E7%96%AB%E7%89%A9%E8%B3%AA%EF%BC%8C%E8%AA%98%E7%99%BC%E5%85%8D%E7%96%AB%E7%B4%B0%E8%83%9E%E6%B4%BB%E6%80%A7%EF%BC%8C%E5%A2%9E%E5%BC%B7%E5%AE%BF%E4%B8%BB%E6%8A%97%E8%8F%8C%E5%8F%8A%E6%8A%97%E7%97%85%E6%AF%92%E8%83%BD%E5%8A%9B%E3%80%82%202.%E7%B6%AD%E6%8C%81%E8%85%B8%E9%81%93%E8%A1%A8%E9%9D%A2%E4%BF%9D%E8%AD%B7%E5%B1%A4%E7%9A%84%E5%AE%8C%E6%95%B4%EF%BC%8C%E4%BF%83%E9%80%B2%E5%85%8D%E7%96%AB%E8%AA%BF%E7%AF%80%E4%BD%9C%E7%94%A8%E3%80%82%203.%E6%94%B9%E8%AE%8A%E9%81%8E%E6%95%8F%E8%9B%8B%E7%99%BD%E7%9A%84%E6%8A%97%E5%8E%9F%E6%80%A7%EF%BC%8C%E9%99%8D%E4%BD%8E%E8%BA%AB%E9%AB%94%E9%81%8E%E6%95%8F%E5%8F%8D%E6%87%89%E7%9A%84%E7%A8%8B%E5%BA%A6%E7%AD%89%E3%80%82
https://shop.vitabox.com.tw/products/lactobacillus#:~:text=Q%EF%BC%9A%E4%BB%80%E9%BA%BC%E6%98%AFLTA%EF%BC%9F%20L%2D137%20%E5%B0%88%E5%88%A9%E6%A4%8D%E7%89%A9%E4%B9%B3%E9%85%B8%E8%8F%8C%E5%90%AB%E6%9C%89%E8%84%82%E5%A3%81%E9%85%B8%EF%BC%88Lipoteichoic%20Acid%2C%20LTA%EF%BC%89%EF%BC%8C%E5%85%B6%E6%98%AF%E5%BE%AE%E7%94%9F%E7%89%A9%E7%B4%B0%E8%83%9E%E5%A3%81%E4%B8%8A%E7%9A%84%E7%B5%A8%E6%AF%9B%E7%8B%80%E6%88%90%E5%88%86%EF%BC%8C%E4%B9%9F%E6%98%AFL%2D137%20%E6%A4%8D%E7%89%A9%E4%B9%B3%E9%85%B8%E8%8F%8C%E7%9A%84%E9%97%9C%E9%8D%B5%E6%95%88%E6%80%A7%E5%9B%A0%E5%AD%90%E3%80%82%20LTA,%E7%94%A2%E5%93%81%E6%8E%A1%E7%94%A8%E5%A4%A9%E7%84%B6%E6%A4%8D%E7%89%A9%E8%86%A0%E5%9B%8A%E5%8A%91%E5%9E%8B%EF%BC%8C%E9%81%A9%E5%90%881%20%E6%AD%B2%E4%BB%A5%E4%B8%8A%E5%90%84%E5%B9%B4%E9%BD%A1%E5%B1%A4%E4%BD%BF%E7%94%A8%E3%80%82%20%E3%80%90%E5%85%92%E7%AB%A5%E9%A0%86%E6%9A%A2%E5%B0%88%E7%A7%91%E3%80%91%E6%AF%8F%E5%8C%85%E5%90%AB%E6%9C%8975%20%E5%84%84%E6%B4%BB%E6%80%A7%E7%9B%8A%E7%94%9F%E8%8F%8C%EF%BC%8C%E8%83%BD%E5%B9%AB%E5%8A%A9%E7%B6%AD%E6%8C%81%E6%B6%88%E5%8C%96%E9%81%93%E6%A9%9F%E8%83%BD%EF%BC%8C%E4%BF%83%E9%80%B2%E6%8E%92%E4%BE%BF%E9%A0%86%E6%9A%A2%E3%80%82%20%E6%AD%A4%E5%A4%96%EF%BC%8C%E7%89%B9%E5%88%A5%E6%B7%BB%E5%8A%A0%E7%9A%84%E5%A4%A7%E8%87%AA%E7%84%B6%E8%B6%85%E7%B4%9A%E8%8E%93%E6%9E%9C%E7%B2%BE%E8%8F%AF%EF%BC%8C%E5%85%B7%E6%9C%89%E4%BF%83%E9%80%B2%E9%A3%9F%E6%85%BE%E7%9A%84%E6%95%88%E6%9E%9C%EF%BC%8C%E5%BE%AE%E9%85%B8%E7%9A%84%E5%8F%A3%E6%84%9F%E6%B7%B1%E5%8F%97%E5%B0%8F%E6%9C%8B%E5%8F%8B%E5%96%9C%E6%84%9B%E3%80%82%20%E9%80%99%E6%AC%BE%E7%94%A2%E5%93%81%E5%B0%88%E7%82%BA%E5%B9%BC%E5%85%92%E5%92%8C%E5%85%92%E7%AB%A5%E8%A8%AD%E8%A8%88%EF%BC%8C%E7%B2%89%E5%8C%85%E5%8A%91%E5%9E%8B%E9%81%A9%E5%90%88%E4%B8%8D%E7%BF%92%E6%85%A3%E5%90%9E%E9%A3%9F%E8%86%A0%E5%9B%8A%E7%9A%84%E5%AD%A9%E5%AD%90%E4%BD%BF%E7%94%A8%E3%80%82%20%E5%85%A9%E8%80%85%E5%8F%AF%E4%BB%A5%E6%90%AD%E9%85%8D%E9%A3%9F%E7%94%A8%EF%BC%8C%E7%99%BC%E6%8F%AE%E7%9B%B8%E8%BC%94%E7%9B%B8%E6%88%90%E7%9A%84%E6%95%88%E6%9E%9C%EF%BC%8C%E6%97%A9%E4%B8%8A%E9%A3%AF%E5%BE%8C%E3%80%90%E5%85%8D%E7%96%AB%E5%B0%88%E7%A7%91%E3%80%91%E3%80%81%E7%9D%A1%E5%89%8D%E9%A3%9F%E7%94%A8%E3%80%90%E5%85%92%E7%AB%A5%E9%A0%86%E6%9A%A2%E5%B0%88%E7%A7%91%E3%80%91%EF%BC%8C%E6%9C%89%E5%8A%A9%E6%96%BC%E8%AA%BF%E7%AF%80%E9%AB%94%E8%B3%AA%E4%B8%A6%E7%B6%AD%E6%8C%81%E6%95%B4%E9%AB%94%E5%81%A5%E5%BA%B7%E3%80%82
https://www.iehealth7799.com/%E7%9B%8A%E7%94%9F%E8%8F%8C%E4%B8%8D%E5%8F%AA%E6%94%B9%E5%96%84%E8%85%B8%E8%83%83%E9%81%93%EF%BC%8C%E9%82%84%E8%83%BD%E6%8A%97%E7%99%BC%E7%82%8E%EF%BC%9F/#:~:text=%E2%9D%90%20%E7%9B%8A%E7%94%9F%E8%8F%8C%E5%8F%AF%E4%BB%A5%E5%B9%AB%E5%8A%A9%E7%B7%A9%E8%A7%A3%E8%BA%AB%E9%AB%94%E7%99%BC%E7%82%8E%E7%9A%84%E6%A9%9F%E5%88%B6%E6%98%AF%E4%BB%80%E9%BA%BC%EF%BC%9F%20%E7%9B%8A%E7%94%9F%E8%8F%8C%E4%B8%BB%E8%A6%81%E9%80%9A%E9%81%8E%E8%AA%BF%E7%AF%80%E8%85%B8%E9%81%93%E5%85%8D%E7%96%AB%E7%B3%BB%E7%B5%B1%E4%BE%86%E6%B8%9B%E7%B7%A9%E7%99%BC%E7%82%8E%E3%80%82%20%E4%BE%8B%E5%A6%82%EF%BC%8C%E7%9B%8A%E7%94%9F%E8%8F%8C%E8%83%BD%E4%BF%83%E9%80%B2%E7%AC%AC%E4%B8%80%E5%9E%8BT%E6%B7%8B%E5%B7%B4%E7%B4%B0%E8%83%9E%E7%9A%84%E5%A2%9E%E7%94%9F%EF%BC%8C%E9%80%99%E4%BA%9B%E7%B4%B0%E8%83%9E%E6%9C%83%E5%88%86%E6%B3%8C%E5%B9%B2%E6%93%BE%E7%B4%A0%EF%BC%8C%E5%A3%93%E5%88%B6%E7%AC%AC%E4%BA%8C%E5%9E%8BT%E6%B7%8B%E5%B7%B4%E7%B4%B0%E8%83%9E%E7%9A%84%E6%B4%BB%E5%8B%95%EF%BC%8C%E5%BE%9E%E8%80%8C%E6%B8%9B%E5%B0%91%E7%99%BC%E7%82%8E%E5%8F%8D%E6%87%89%E3%80%82%20%E9%80%99%E7%A8%AE%E6%A9%9F%E5%88%B6%E8%83%BD%E6%9C%89%E6%95%88%E6%B8%9B%E8%BC%95%E8%BA%AB%E9%AB%94%E7%9A%84%E6%85%A2%E6%80%A7%E7%99%BC%E7%82%8E%E5%8F%8A%E9%81%8E%E6%95%8F%E5%8F%8D%E6%87%89%EF%BC%8C%E9%81%94%E6%88%90%E5%85%8D%E7%96%AB%E8%AA%BF%E7%AF%80%E7%9A%84%E5%8A%9F%E8%83%BD%E3%80%82"
益生菌體重管理,"益生菌在體重管理中並非直接的減肥藥，但有助於改善腸道健康，進而間接影響體重，配合飲食控制和運動，才能達到更好的體重管理效果。
益生菌如何幫助體重管理：
改善腸道菌群平衡
：
腸道菌群失衡與肥胖有關，益生菌能幫助增加腸道中有益細菌，抑制有害菌，維持腸道微生態平衡，間接促進新陳代謝。
減少炎症
：
益生菌有助於減少體內炎症，炎症與肥胖、胰島素抵抗等健康問題有關，從而改善體重管理。
影響食慾與飽足感
：
部分益生菌可以促進腸泌素等激素分泌，增加飽足感，減少熱量攝入。
影響脂肪吸收
：
某些菌種（如乳桿菌屬）可能抑制脂肪酶活性，減少脂肪吸收。
益生菌體重管理的注意事項：
非萬靈丹
：
單靠補充益生菌無法有效減重，必須搭配均衡飲食、規律運動和健康生活作息。
選擇合適菌種
：
益生菌的效果可能因菌種而異，選擇針對體重管理的菌種，並注意產品標示的活菌數(CFUs)。
避免添加物
：
有些益生菌產品可能添加糖或甜味劑，需注意熱量攝取。
循序漸進
：
從飲食調整和運動著手，再將益生菌作為輔助，以達到長遠的健康體態。
諮詢專業意見
：
若有特殊健康狀況或疑慮，建議諮詢營養師或醫生，了解是否適合補充益生菌。","https://biomed.hk/%E4%B8%80%E9%80%B1%E4%B8%80%E6%AC%A1%E6%B8%9B%E8%82%A5%E9%87%9D%E5%8E%9F%E7%90%86-%E5%89%AF%E4%BD%9C%E7%94%A8%E8%A7%A3%E6%A7%8B-%E7%9B%8A%E7%94%9F%E8%8F%8C%E6%8E%A7%E5%88%B6%E9%AB%94%E9%87%8D%E6%9B%B4/#:~:text=%E7%9B%8A%E7%94%9F%E8%8F%8C%E8%83%BD%E4%BF%83%E9%80%B2%E8%85%B8%E6%B3%8C%E7%B4%A0%E8%AA%BF%E6%8E%A7%E8%A1%80%E7%B3%96%E5%81%A5%E5%BA%B7%E7%98%A6%20%E6%83%B3%E4%BF%83%E9%80%B2%E8%85%B8%E6%B3%8C%E7%B4%A0%E5%88%86%E6%B3%8C%EF%BC%8C%E4%B8%8D%E4%B8%80%E5%AE%9A%E8%A6%81%E7%94%A8%E6%B8%9B%E8%82%A5%E9%87%9D%EF%BC%8C%E7%9B%8A%E7%94%9F%E8%8F%8C%E4%BA%A6%E5%90%8C%E6%A8%A3%E8%83%BD%E5%A4%A0%E5%81%9A%E5%88%B0%E3%80%82%20%E6%9C%89%E5%B0%8F%E9%BC%A0%E7%A0%94%E7%A9%B6%E9%A1%AF%E7%A4%BA%EF%BC%8C%E6%9C%8D%E7%94%A8%E7%9B%8A%E7%94%9F%E8%8F%8C%E5%8F%AF%E4%BB%A5%E5%88%BA%E6%BF%80%E8%85%B8%E6%B3%8C%E7%B4%A0%E7%9A%84%E5%88%86%E6%B3%8C%EF%BC%8C%E5%8F%A6%E5%A4%96%E4%BA%A6%E6%9C%89%E7%A0%94%E7%A9%B6%E5%B0%87%E4%B9%B3%E9%85%B8%E8%8F%8C%EF%BC%88Lactic%20acid%20bacteria%EF%BC%89%E5%8F%8A%E5%B0%8F%E8%85%B8%E5%85%A7%E5%88%86%E6%B3%8C%E7%B4%B0%E8%83%9E%EF%BC%88Intestinal%20Enteroendocrine%20cell%EF%BC%89%E4%B8%80%E5%90%8C%E5%9F%B9%E6%A4%8D%EF%BC%8C%E7%99%BC%E7%8F%BE%E4%B9%B3%E9%85%B8%E8%8F%8C%E8%83%BD%E5%A4%A0%E5%88%BA%E6%BF%80%E5%B0%8F%E8%85%B8%E5%85%A7%E5%88%86%E6%B3%8C%E7%B4%B0%E8%83%9E%E7%94%A3%E7%94%9F%E8%85%B8%E6%B3%8C%E7%B4%A0%E9%81%9413%2D194%20%E5%80%8D%EF%BC%8C%E6%95%88%E6%9E%9C%E9%A1%AF%E8%91%97%E3%80%82%20%E4%BA%86%E8%A7%A3%E6%B8%9B%E8%82%A5%E9%87%9D%E5%8E%9F%E7%90%86%E5%8F%8A%E5%89%AF%E4%BD%9C%E7%94%A8%E4%B9%8B%E5%BE%8C%EF%BC%8C%E6%AF%94%E8%B5%B7%E4%B8%80%E9%80%B1%E4%B8%80%E6%AC%A1%E7%9A%84%E6%B8%9B%E8%82%A5%E9%87%9D%EF%BC%8C%E4%B8%8D%E5%A6%82%E9%81%B8%E6%93%87%E6%9B%B4%E5%8A%A0%E5%AE%89%E5%85%A8%E3%80%81%E5%81%A5%E5%BA%B7%E7%9A%84%E9%AB%94%E9%87%8D%E7%AE%A1%E7%90%86%E6%96%B9%E5%BC%8F%E5%90%A7%EF%BC%81
https://www.cw.com.tw/article/5131821#:~:text=%E4%BF%9D%E5%81%A5%E9%A3%9F%E5%93%81%E5%87%BA%E7%8F%BE%E6%96%B0%E6%98%8E%E6%98%9F%EF%BC%8C%E4%B8%80%E7%A8%AE%E7%9B%8A%E7%94%9F%E8%8F%8C%E8%A8%8E%E8%AB%96%E9%A0%93%E7%AA%81%E7%84%B6%E5%A4%A7%E5%A2%9E%EF%BC%8C%E8%99%9F%E7%A8%B1%E5%8F%AF%E4%BB%A5%E7%AE%A1%E7%90%86%E9%AB%94%E9%87%8D%E3%80%81%E6%94%B9%E5%96%84%E8%A1%80%E7%B3%96%E6%BF%83%E5%BA%A6%EF%BC%8C%E9%82%84%E5%9B%A0%E7%82%BA%E5%8F%AF%E4%BB%A5%E5%A2%9E%E5%8A%A0%E9%A1%9E%E5%8D%87%E7%B3%96%E7%B4%A0%E8%83%9C%E8%82%BD%2D1%EF%BC%88GLP%2D1%EF%BC%89%E5%88%86%E6%B3%8C%EF%BC%8C%E8%AE%93%E4%BA%BA%E6%9C%89%E9%A3%BD%E8%B6%B3%E6%84%9F%EF%BC%8C%E6%8F%9B%E5%8F%A5%E8%A9%B1%E8%AA%AA%EF%BC%8C%E7%9B%B4%E6%8E%A5%E7%B5%A6%E4%BD%A0%E7%98%A6%E7%98%A6%E9%87%9D%E5%B8%B6%E4%BE%86%E7%9A%84%E6%95%88%E6%9E%9C%E3%80%82%20%E9%80%99%E7%A8%AE%E7%9B%8A%E7%94%9F%E8%8F%8C%E8%A3%9C%E5%85%85%E5%8A%91%E7%A8%B1%E4%BD%9C%E8%89%BE%E5%85%8B%E6%9B%BC%E5%97%9C%E9%BB%8F%E8%9B%8B%E7%99%BD%E8%8F%8C%EF%BC%88Akkermansia%20muciniphila%EF%BC%89%EF%BC%8C%E4%B8%80%E8%88%AC%E8%A2%AB%E7%A8%B1%E7%82%BAAkk%E8%8F%8C%E3%80%82%20%E5%8F%B0%E7%81%A3%E5%B0%9A%E6%9C%AA%E6%A0%B8%E5%87%86%E8%B2%A9%E5%94%AE%EF%BC%8C%E7%BE%8E%E5%9C%8B%E6%A0%B8%E5%87%86%E6%B4%BB%E8%8F%8C%E8%B2%A9%E5%94%AE%EF%BC%8C%E6%AD%90%E6%B4%B2%E5%B8%82%E5%A0%B4%E5%89%87%E6%BB%85%E6%B4%BB%E5%BE%8C%E4%BB%A5%E3%80%8C%E6%96%B0%E5%9E%8B%E9%A3%9F%E5%93%81%E5%8E%9F%E6%96%99%E3%80%8D%E8%B2%A9%E5%94%AE%E3%80%82%20%E7%A0%94%E7%A9%B6%E9%A1%AF%E7%A4%BA%EF%BC%8C%E5%A4%A7%E9%83%A8%E5%88%86%E4%BA%BA%E7%9A%84%E8%85%B8%E9%81%93%E4%B8%AD%EF%BC%8C%E5%8E%9F%E6%9C%AC%E5%B0%B1%E5%85%B7%E6%9C%89Akk%E8%8F%8C%EF%BC%8C%E5%8F%AA%E6%98%AF%E6%9C%89%E4%BA%BA%E5%A4%9A%E6%9C%89%E4%BA%BA%E5%B0%91%EF%BC%8C%E8%80%8C%E9%86%AB%E5%AD%B8%E7%95%8C%E8%AA%8D%E7%82%BA%EF%BC%8CAkk%E8%8F%8C%E6%95%B8%E9%AB%98%EF%BC%8C%E5%B0%8D%E5%81%A5%E5%BA%B7%E5%B0%A4%E5%85%B6%E6%9C%89%E5%A5%BD%E8%99%95%E3%80%82%20%E7%A0%94%E7%A9%B6%E7%99%BC%E7%8F%BE%EF%BC%8C%E8%85%B8%E9%81%93%E5%85%A7Akk%E8%8F%8C%E6%AF%94%E4%BE%8B%E9%AB%98%E7%9A%84%E4%BA%BA%EF%BC%8C%E4%B8%8D%E5%AE%B9%E6%98%93%E7%99%BC%E8%83%96%E3%80%81%E7%BD%B9%E6%82%A3%E4%BB%A3%E8%AC%9D%E6%80%A7%E7%96%BE%E7%97%85%E9%A2%A8%E9%9A%AA%E8%BC%83%E4%BD%8E%E3%80%82%20%E8%80%8C%E6%AF%94%E4%BE%8B%E8%BC%83%E4%BD%8E%E7%9A%84%E4%BA%BA%EF%BC%8C%E5%81%A5%E5%BA%B7%E8%BC%83%E5%AE%B9%E6%98%93%E5%87%BA%E7%8B%80%E6%B3%81%E3%80%82
https://biomed.hk/%E5%8E%9F%E4%BE%86%E8%85%B8%E9%81%93%E8%8F%8C%E7%BE%A4%E9%83%BD%E6%9C%89%E5%88%86%E8%82%A5%E8%8F%8C%E8%88%87%E7%98%A6%E8%8F%8C-%E7%9B%8A%E7%94%9F%E8%8F%8C%E5%A6%82%E4%BD%95%E5%B9%AB%E6%82%A8%E6%B8%9B/#:~:text=%E8%A3%9C%E5%85%85%E5%90%88%E9%81%A9%E7%9A%84%E7%9B%8A%E7%94%9F%E8%8F%8C%E7%94%A2%E5%93%81%E6%9C%89%E5%8A%A9%E5%A2%9E%E5%8A%A0%E8%85%B8%E9%81%93%E5%A5%BD%E8%8F%8C%E7%9A%84%E6%95%B8%E7%9B%AE%EF%BC%8C%E6%8A%91%E5%88%B6%E8%85%B8%E5%85%A7%E5%A3%9E%E8%8F%8C%EF%BC%8C%E6%94%B9%E5%96%84%E8%85%B8%E9%81%93%E5%BE%AE%E7%94%9F%E6%85%8B%E5%B9%B3%E8%A1%A1%E3%80%82%20%E9%99%A4%E4%BA%86%E6%94%B9%E5%96%84%E2%80%9D%E8%82%A5%E8%8F%8C%E2%80%9D%E5%92%8C%E2%80%9D%E7%98%A6%E8%8F%8C%E2%80%9D%E7%9A%84%E6%95%B8%E7%9B%AE%E5%B9%B3%E8%A1%A1%EF%BC%8C%E5%A2%9E%E5%8A%A0%E5%85%B6%E4%BB%96%E8%8F%8C%E7%A8%AE%E4%B9%9F%E8%83%BD%E9%96%93%E6%8E%A5%E5%B9%AB%E5%8A%A9%E6%8E%A7%E5%88%B6%E9%AB%94%E9%87%8D%E3%80%82%20%E4%BE%8B%E5%A6%82%EF%BC%8C%E6%9C%89%E7%A0%94%E7%A9%B6%E9%A1%AF%E7%A4%BA%E4%B9%B3%E6%A1%BF%E8%8F%8C%E5%B1%AC%EF%BC%88Lactobacillus%EF%BC%89%E7%9A%84%E7%B4%B0%E8%8F%8C%E6%8A%91%E5%88%B6%E8%84%82%E9%85%B6%E7%9A%84%E8%84%82%E8%82%AA%E6%B0%B4%E8%A7%A3%EF%BC%8C%E5%A2%9E%E5%8A%A0%E8%84%82%E8%82%AA%E4%B9%B3%E6%BB%B4%E7%9A%84%E5%A4%A7%E5%B0%8F%EF%BC%8C%E6%B8%9B%E5%B0%91%E5%90%B8%E6%94%B6%E9%A3%9F%E7%89%A9%E4%B8%AD%E7%9A%84%E8%84%82%E8%82%AA%EF%BC%8C%E4%BB%A5%E5%8F%8A%E5%A2%9E%E5%8A%A0%E9%9A%A8%E7%B3%9E%E4%BE%BF%E6%8E%92%E5%87%BA%E7%9A%84%E8%84%82%E8%82%AA%E9%87%8F%E3%80%82%20%E8%85%B8%E9%81%93%E8%88%87%E5%A4%A7%E8%85%A6%E7%9B%B8%E8%BC%94%E7%9B%B8%E6%88%90%EF%BC%8C%E4%BA%92%E7%9B%B8%E5%BD%B1%E9%9F%BF%E3%80%82%20%E6%9C%89%E7%A0%94%E7%A9%B6%E6%8C%87%E5%87%BA%E6%94%B9%E5%96%84%E8%85%B8%E9%81%93%E8%8F%8C%E7%9B%B8%E5%B9%AB%E5%8A%A9%E9%87%8B%E6%94%BE%E6%9B%B4%E5%A4%9A%E6%B8%9B%E5%B0%91%E9%A3%9F%E6%85%BE%E7%9A%84%E6%BF%80%E7%B4%A0%EF%BC%8C%E9%80%99%E4%BA%9B%E6%BF%80%E7%B4%A0%E5%90%8C%E6%99%82%E5%A2%9E%E5%8A%A0%E5%8D%A1%E8%B7%AF%E9%87%8C%E7%9A%84%E7%87%83%E7%87%92%E3%80%82%20%E6%AD%A4%E5%A4%96%EF%BC%8C%E7%9B%8A%E7%94%9F%E8%8F%8C%E4%BA%A6%E8%83%BD%E6%8F%90%E5%8D%87%E9%AB%94%E5%85%A7%E5%B0%8D%E2%80%9D%E7%98%A6%E7%B4%A0%E2%80%9D%EF%BC%88Leptin%EF%BC%89%E7%9A%84%E6%95%8F%E6%84%9F%E5%BA%A6%EF%BC%8C%E5%90%91%E5%A4%A7%E8%85%A6%E7%99%BC%E9%80%81%E6%84%9F%E5%88%B0%E9%A3%BD%E8%B6%B3%EF%BC%8C%E6%B8%9B%E5%B0%91%E9%80%B2%E9%A3%9F%E7%9A%84%E4%BF%A1%E8%99%9F%EF%BC%8C%E5%B9%AB%E5%8A%A9%E6%8E%A7%E5%88%B6%E9%A3%9F%E6%85%BE%E4%BB%A5%E6%B8%9B%E5%B0%91%E7%86%B1%E9%87%8F%E7%9A%84%E6%94%9D%E5%85%A5%E3%80%82%20%E7%9B%8A%E7%94%9F%E8%8F%8C%E4%BA%A6%E6%9C%89%E6%94%B9%E5%96%84%E8%BA%AB%E9%AB%94%E5%85%8D%E7%96%AB%E5%8A%9B%EF%BC%8C%E6%B8%9B%E5%B0%91%E7%82%8E%E7%97%87%E7%AD%89%E5%BB%A3%E6%B3%9B%E5%8A%9F%E8%83%BD%EF%BC%8C%E4%BF%9D%E9%9A%9C%E4%BA%BA%E9%AB%94%E5%81%A5%E5%BA%B7%E3%80%82
https://ricky.tw/all/probiotics-and-weight-loss/
https://www.harpersbazaar.com/tw/beauty/bodyandhealth/news/g1655/the-gut-to-lose-weight/
https://www.biojoy.com.tw/zh-TW/blogs/health/172720#:~:text=%E7%9B%8A%E7%94%9F%E8%8F%8C%E6%9C%AC%E8%BA%AB%E4%B8%8D%E5%90%AB,%E9%80%A0%E6%88%90%E9%A1%8D%E5%A4%96%E7%9A%84%E8%BA%AB%E9%AB%94%E8%B2%A0%E6%93%94%E3%80%82
https://www.health-click.com.tw/faq/knowledge/101307986026169438
https://tw.wen8health.com/article/716#:~:text=%E6%89%93%E9%80%A0%E7%98%A6%E9%AB%94%E8%B3%AA%EF%BC%8C%E5%AE%9C%E5%A4%9A%E7%AE%A1%E9%BD%8A%E4%B8%8B%20%E4%B8%8D%E9%81%8E%EF%BC%8C%E9%82%84%E6%98%AF%E8%A6%81%E6%8F%90%E9%86%92%E4%B8%80%E4%B8%8B%EF%BC%8C%E9%9B%96%E7%84%B6%E8%A3%9C%E5%85%85%E7%9B%8A%E7%94%9F%E8%8F%8C%E6%9C%89%E5%8A%A9%E6%96%BC%E9%AB%94%E9%87%8D%E6%8E%A7%E5%88%B6%E3%80%82%20%E4%BD%86%E8%8B%A5%E5%96%AE%E5%8F%AA%E6%9C%89%E8%A3%9C%E5%85%85%E7%9B%8A%E7%94%9F%E8%8F%8C%EF%BC%8C%E6%B2%92%E6%9C%89%E5%90%83%E8%B6%B3%E5%A4%A0%E7%9A%84%E8%86%B3%E9%A3%9F%E7%BA%96%E7%B6%AD%E3%80%81%E5%81%9A%E5%A5%BD%E9%A3%B2%E9%A3%9F%E6%8E%A7%E5%88%B6%E5%8F%8A%E5%A2%9E%E5%8A%A0%E9%81%8B%E5%8B%95%E9%87%8F%EF%BC%8C%E6%98%AF%E7%84%A1%E6%B3%95%E9%81%94%E5%88%B0%E8%89%AF%E5%A5%BD%E7%9A%84%E6%B8%9B%E9%87%8D%E6%95%88%E6%9E%9C%E3%80%82%20%E5%9B%A0%E6%AD%A4%EF%BC%8C%E5%BB%BA%E8%AD%B0%E5%A4%A7%E5%AE%B6%E5%9C%A8%E8%A3%9C%E5%85%85%E7%9B%8A%E7%94%9F%E8%8F%8C%E7%9A%84%E5%90%8C%E6%99%82%EF%BC%8C%E4%BB%8D%E9%A0%88%E9%81%94%E5%88%B0%E6%AF%8F%E6%97%A53%E4%BB%BD%E8%94%AC%E8%8F%9C%E5%8F%8A2%E4%BB%BD%E6%B0%B4%E6%9E%9C%E7%9A%84%E6%94%9D%E5%8F%96%E9%87%8F%E3%80%81%E4%BB%A5%E5%85%A8%E7%A9%80%E7%89%A9%E4%BB%A3%E6%9B%BF%E7%B2%BE%E7%B7%BB%E6%BE%B1%E7%B2%89%EF%BC%8C%E4%B8%A6%E5%A4%9A%E5%90%83%E4%BA%9B%E6%B3%A1%E8%8F%9C%E3%80%81%E5%91%B3%E5%99%8C%E7%AD%89%E7%99%BC%E9%85%B5%E9%A3%9F%E7%89%A9%EF%BC%8C%E5%9F%B9%E9%A4%8A%E5%A5%BD%E8%8F%8C%E9%81%A9%E5%90%88%E7%94%9F%E5%AD%98%E8%88%87%E7%B9%81%E6%AE%96%E7%9A%84%E7%92%B0%E5%A2%83%EF%BC%8C%E4%B8%A6%E4%B8%94%E5%81%9A%E5%A5%BD%E7%86%B1%E9%87%8F%E6%8E%A7%E5%88%B6%E3%80%81%E7%B6%AD%E6%8C%81%E5%9B%BA%E5%AE%9A%E7%9A%84%E9%81%8B%E5%8B%95%E7%BF%92%E6%85%A3%EF%BC%8C%E6%89%8D%E6%98%AF%E6%89%93%E9%80%A0%E7%98%A6%E9%AB%94%E8%B3%AA%E7%9A%84%E9%95%B7%E5%B0%B1%E4%B9%8B%E8%A8%88%EF%BC%81
https://www.simplyhealth.com.hk/blogs/column/probiotics-for-weight-loss#:~:text=%E7%9B%8A%E7%94%9F%E8%8F%8C%E5%A6%82%E4%BD%95%E5%B9%AB%E5%8A%A9%E6%B8%9B%E8%82%A5%EF%BC%9F%20%E7%A0%94%E7%A9%B6%E8%A1%A8%E6%98%8E%EF%BC%8C%E6%88%91%E5%80%91%E8%85%B8%E9%81%93%E4%B8%AD%E7%9A%84%E7%B4%B0%E8%8F%8C%E6%9C%83%E5%B0%8D%E6%88%91%E5%80%91%E7%9A%84%E9%AB%94%E9%87%8D%E7%94%A2%E7%94%9F%E9%87%8D%E5%A4%A7%E5%BD%B1%E9%9F%BF%E3%80%82%20%E4%BA%8B%E5%AF%A6%E4%B8%8A%EF%BC%8C%E7%A0%94%E7%A9%B6%E7%99%BC%E7%8F%BE%E8%85%B8%E9%81%93%E7%B4%B0%E8%8F%8C%E5%A4%B1%E8%A1%A1%E7%9A%84%E4%BA%BA%E6%9B%B4%E5%AE%B9%E6%98%93%E6%9C%89%E8%B6%85%E9%87%8D%E6%88%96%E8%82%A5%E8%83%96%E7%9A%84%E5%95%8F%E9%A1%8C%E3%80%82%20%E7%9B%8A%E7%94%9F%E8%8F%8C%E6%9C%89%E5%8A%A9%E6%96%BC%E6%94%B9%E5%96%84%E8%85%B8%E9%81%93%E4%B8%AD%E6%9C%89%E7%9B%8A%E7%B4%B0%E8%8F%8C%E7%9A%84%E5%B9%B3%E8%A1%A1%EF%BC%8C%E9%85%8D%E5%90%88%E5%9D%87%E8%A1%A1%E9%A3%B2%E9%A3%9F%E5%8F%8A%E9%81%8B%E5%8B%95%EF%BC%8C%E7%B9%BC%E8%80%8C%E6%9C%89%E5%8A%A9%E6%B8%9B%E8%BC%95%E9%AB%94%E9%87%8D%E3%80%82%20%E4%B8%80%E9%A0%85%E8%BF%91%E4%BA%8C%E5%8D%83%E4%BA%BA%E5%8F%83%E8%88%87%E7%9A%84%E7%A0%94%E7%A9%B6%E7%99%BC%E7%8F%BE%EF%BC%8C%E6%9C%8D%E7%94%A8%E7%9B%8A%E7%94%9F%E8%8F%8C%208%20%E5%80%8B%E6%98%9F%E6%9C%9F%E5%8F%AF%E9%A1%AF%E8%91%97%E9%99%8D%E4%BD%8E%E9%AB%94%E9%87%8D%E3%80%81%E9%AB%94%E9%87%8D%E6%8C%87%E6%95%B8(BMI)%20%E5%92%8C%E8%85%B0%E5%9C%8D%E3%80%82%20%E7%9B%8A%E7%94%9F%E8%8F%8C%E6%9C%89%E5%8A%A9%E6%96%BC%E6%B8%9B%E8%BC%95%E9%AB%94%E9%87%8D%E7%9A%84%E5%8F%A6%E4%B8%80%E7%A8%AE%E6%96%B9%E5%BC%8F%E6%98%AF%E6%B8%9B%E5%B0%91%E6%88%96%E8%88%92%E7%B7%A9%E9%AB%94%E5%85%A7%E7%82%8E%E7%97%87%E3%80%82%20%E7%82%8E%E7%97%87%E8%88%87%E8%82%A5%E8%83%96%E3%80%81%E8%83%B0%E5%B3%B6%E7%B4%A0%E6%8A%B5%E6%8A%97%E5%92%8C%E5%85%B6%E4%BB%96%E5%81%A5%E5%BA%B7%E5%95%8F%E9%A1%8C%E6%9C%89%E9%97%9C%E3%80%82%20%E7%9B%8A%E7%94%9F%E8%8F%8C%E5%8F%AF%E4%BB%A5%E5%B9%AB%E5%8A%A9%E6%B8%9B%E5%B0%91%E7%82%8E%E7%97%87%EF%BC%8C%E5%BE%9E%E8%80%8C%E6%9B%B4%E5%AE%B9%E6%98%93%E7%AE%A1%E7%90%86%E9%AB%94%E9%87%8D%E5%92%8C%E6%94%B9%E5%96%84%E8%85%B8%E9%81%93%E5%81%A5%E5%BA%B7%E3%80%82
https://www.funcare.com/article_d.php?lang=tw&tb=3&id=3263
https://www.damokampo.com/blogs/knowledge-articles/144396#:~:text=%E7%A0%B4%E8%A7%A3%E7%9B%8A%E7%94%9F%E8%8F%8C%E6%B8%9B%E8%82%A5%E8%BF%B7%E6%80%9D%EF%BC%81%20%E6%88%96%E8%A8%B1%E6%82%A8%E6%9B%BE%E7%96%91%E6%83%91%E5%90%83%E7%9B%8A%E7%94%9F%E8%8F%8C%E6%9C%83%E7%98%A6%E5%97%8E%EF%BC%9F%20%E7%9B%8A%E7%94%9F%E8%8F%8C%E5%85%B6%E5%AF%A6%E4%B8%A6%E4%B8%8D%E8%83%BD%E5%B9%AB%E5%8A%A9%E7%98%A6%E8%BA%AB%EF%BC%8C%E5%AE%83%E7%9A%84%E4%B8%BB%E8%A6%81%E4%BD%9C%E7%94%A8%E5%9C%A8%E6%96%BC%E5%B9%AB%E5%8A%A9%E7%B6%AD%E6%8C%81%E6%B6%88%E5%8C%96%E9%81%93%E6%A9%9F%E8%83%BD%E3%80%81%E4%BD%BF%E6%8E%92%E4%BE%BF%E9%A0%86%E6%9A%A2%E5%92%8C%E8%AA%BF%E6%95%B4%E9%AB%94%E8%B3%AA%E7%AD%89%EF%BC%8C%E7%84%A1%E6%B3%95%E7%9B%B4%E6%8E%A5%E5%BD%B1%E9%9F%BF%E9%AB%94%E9%87%8D%E6%88%96%E8%84%82%E8%82%AA%E4%BB%A3%E8%AC%9D%E3%80%82%20%E8%A6%81%E9%81%94%E5%88%B0%E5%81%A5%E5%BA%B7%E6%B8%9B%E8%82%A5%E7%9A%84%E7%9B%AE%E6%A8%99%EF%BC%8C%E6%88%91%E5%80%91%E9%9C%80%E8%A6%81%E6%B3%A8%E6%84%8F%E7%9A%84%E6%98%AF%E9%A3%B2%E9%A3%9F%E5%8F%8A%E9%81%8B%E5%8B%95%EF%BC%81%20%E4%B8%8D%E8%89%AF%E7%9A%84%E9%A3%B2%E9%A3%9F%E7%BF%92%E6%85%A3%EF%BC%8C%E5%A6%82%E9%95%B7%E6%9C%9F%E6%94%9D%E5%8F%96%E9%AB%98%E7%B3%96%E3%80%81%E9%AB%98%E9%B9%BD%E3%80%81%E9%AB%98%E6%B2%B9%E8%84%82%E7%9A%84%E9%A3%9F%E7%89%A9%EF%BC%8C%E6%9C%83%E5%BD%B1%E9%9F%BF%E6%88%91%E5%80%91%E7%9A%84%E4%BB%A3%E8%AC%9D%E9%80%9F%E5%BA%A6%E5%8F%8A%E6%B6%88%E5%8C%96%E9%81%93%E8%8F%8C%E5%8F%A2%E5%A4%B1%E8%A1%A1%EF%BC%8C%E8%80%8C%E8%8F%8C%E5%8F%A2%E7%9A%84%E4%B8%8D%E5%B9%B3%E8%A1%A1%E6%89%8D%E6%98%AF%E5%B0%8E%E8%87%B4%E9%AB%94%E9%87%8D%E5%A2%9E%E5%8A%A0%E7%9A%84%E5%8E%9F%E5%9B%A0%E3%80%82%20%E8%8B%A5%E6%83%B3%E9%81%94%E5%88%B0%E7%90%86%E6%83%B3%E9%AB%94%E9%87%8D%EF%BC%8C%E6%88%91%E5%80%91%E6%87%89%E8%A9%B2%E8%A6%81%E6%B3%A8%E6%84%8F%E9%A3%B2%E9%A3%9F%E5%9D%87%E8%A1%A1%E3%80%81%E9%81%A9%E9%87%8F%E9%81%8B%E5%8B%95%E5%92%8C%E6%AD%A3%E5%B8%B8%E7%9A%84%E7%94%9F%E6%B4%BB%E4%BD%9C%E6%81%AF%EF%BC%8C%E5%86%8D%E6%90%AD%E9%85%8D%E7%9B%8A%E7%94%9F%E8%8F%8C%E8%BC%94%E5%8A%A9%E6%89%8D%E5%8F%AF%E4%BB%A5%E5%B9%AB%E5%8A%A9%E7%B6%AD%E6%8C%81%E6%B6%88%E5%8C%96%E9%81%93%E8%8F%8C%E5%8F%A2%E5%B9%B3%E8%A1%A1%E3%80%82
https://tw.wen8health.com/article/716#:~:text=%E6%89%93%E9%80%A0%E7%98%A6%E9%AB%94%E8%B3%AA%EF%BC%8C%E5%AE%9C%E5%A4%9A%E7%AE%A1%E9%BD%8A%E4%B8%8B%20%E4%B8%8D%E9%81%8E%EF%BC%8C%E9%82%84%E6%98%AF%E8%A6%81%E6%8F%90%E9%86%92%E4%B8%80%E4%B8%8B%EF%BC%8C%E9%9B%96%E7%84%B6%E8%A3%9C%E5%85%85%E7%9B%8A%E7%94%9F%E8%8F%8C%E6%9C%89%E5%8A%A9%E6%96%BC%E9%AB%94%E9%87%8D%E6%8E%A7%E5%88%B6%E3%80%82%20%E4%BD%86%E8%8B%A5%E5%96%AE%E5%8F%AA%E6%9C%89%E8%A3%9C%E5%85%85%E7%9B%8A%E7%94%9F%E8%8F%8C%EF%BC%8C%E6%B2%92%E6%9C%89%E5%90%83%E8%B6%B3%E5%A4%A0%E7%9A%84%E8%86%B3%E9%A3%9F%E7%BA%96%E7%B6%AD%E3%80%81%E5%81%9A%E5%A5%BD%E9%A3%B2%E9%A3%9F%E6%8E%A7%E5%88%B6%E5%8F%8A%E5%A2%9E%E5%8A%A0%E9%81%8B%E5%8B%95%E9%87%8F%EF%BC%8C%E6%98%AF%E7%84%A1%E6%B3%95%E9%81%94%E5%88%B0%E8%89%AF%E5%A5%BD%E7%9A%84%E6%B8%9B%E9%87%8D%E6%95%88%E6%9E%9C%E3%80%82%20%E5%9B%A0%E6%AD%A4%EF%BC%8C%E5%BB%BA%E8%AD%B0%E5%A4%A7%E5%AE%B6%E5%9C%A8%E8%A3%9C%E5%85%85%E7%9B%8A%E7%94%9F%E8%8F%8C%E7%9A%84%E5%90%8C%E6%99%82%EF%BC%8C%E4%BB%8D%E9%A0%88%E9%81%94%E5%88%B0%E6%AF%8F%E6%97%A53%E4%BB%BD%E8%94%AC%E8%8F%9C%E5%8F%8A2%E4%BB%BD%E6%B0%B4%E6%9E%9C%E7%9A%84%E6%94%9D%E5%8F%96%E9%87%8F%E3%80%81%E4%BB%A5%E5%85%A8%E7%A9%80%E7%89%A9%E4%BB%A3%E6%9B%BF%E7%B2%BE%E7%B7%BB%E6%BE%B1%E7%B2%89%EF%BC%8C%E4%B8%A6%E5%A4%9A%E5%90%83%E4%BA%9B%E6%B3%A1%E8%8F%9C%E3%80%81%E5%91%B3%E5%99%8C%E7%AD%89%E7%99%BC%E9%85%B5%E9%A3%9F%E7%89%A9%EF%BC%8C%E5%9F%B9%E9%A4%8A%E5%A5%BD%E8%8F%8C%E9%81%A9%E5%90%88%E7%94%9F%E5%AD%98%E8%88%87%E7%B9%81%E6%AE%96%E7%9A%84%E7%92%B0%E5%A2%83%EF%BC%8C%E4%B8%A6%E4%B8%94%E5%81%9A%E5%A5%BD%E7%86%B1%E9%87%8F%E6%8E%A7%E5%88%B6%E3%80%81%E7%B6%AD%E6%8C%81%E5%9B%BA%E5%AE%9A%E7%9A%84%E9%81%8B%E5%8B%95%E7%BF%92%E6%85%A3%EF%BC%8C%E6%89%8D%E6%98%AF%E6%89%93%E9%80%A0%E7%98%A6%E9%AB%94%E8%B3%AA%E7%9A%84%E9%95%B7%E5%B0%B1%E4%B9%8B%E8%A8%88%EF%BC%81
https://biomed.hk/%E4%B8%80%E9%80%B1%E4%B8%80%E6%AC%A1%E6%B8%9B%E8%82%A5%E9%87%9D%E5%8E%9F%E7%90%86-%E5%89%AF%E4%BD%9C%E7%94%A8%E8%A7%A3%E6%A7%8B-%E7%9B%8A%E7%94%9F%E8%8F%8C%E6%8E%A7%E5%88%B6%E9%AB%94%E9%87%8D%E6%9B%B4/#:~:text=%E7%9B%8A%E7%94%9F%E8%8F%8C%E8%83%BD%E4%BF%83%E9%80%B2%E8%85%B8%E6%B3%8C%E7%B4%A0%E8%AA%BF%E6%8E%A7%E8%A1%80%E7%B3%96%E5%81%A5%E5%BA%B7%E7%98%A6%20%E6%83%B3%E4%BF%83%E9%80%B2%E8%85%B8%E6%B3%8C%E7%B4%A0%E5%88%86%E6%B3%8C%EF%BC%8C%E4%B8%8D%E4%B8%80%E5%AE%9A%E8%A6%81%E7%94%A8%E6%B8%9B%E8%82%A5%E9%87%9D%EF%BC%8C%E7%9B%8A%E7%94%9F%E8%8F%8C%E4%BA%A6%E5%90%8C%E6%A8%A3%E8%83%BD%E5%A4%A0%E5%81%9A%E5%88%B0%E3%80%82%20%E6%9C%89%E5%B0%8F%E9%BC%A0%E7%A0%94%E7%A9%B6%E9%A1%AF%E7%A4%BA%EF%BC%8C%E6%9C%8D%E7%94%A8%E7%9B%8A%E7%94%9F%E8%8F%8C%E5%8F%AF%E4%BB%A5%E5%88%BA%E6%BF%80%E8%85%B8%E6%B3%8C%E7%B4%A0%E7%9A%84%E5%88%86%E6%B3%8C%EF%BC%8C%E5%8F%A6%E5%A4%96%E4%BA%A6%E6%9C%89%E7%A0%94%E7%A9%B6%E5%B0%87%E4%B9%B3%E9%85%B8%E8%8F%8C%EF%BC%88Lactic%20acid%20bacteria%EF%BC%89%E5%8F%8A%E5%B0%8F%E8%85%B8%E5%85%A7%E5%88%86%E6%B3%8C%E7%B4%B0%E8%83%9E%EF%BC%88Intestinal%20Enteroendocrine%20cell%EF%BC%89%E4%B8%80%E5%90%8C%E5%9F%B9%E6%A4%8D%EF%BC%8C%E7%99%BC%E7%8F%BE%E4%B9%B3%E9%85%B8%E8%8F%8C%E8%83%BD%E5%A4%A0%E5%88%BA%E6%BF%80%E5%B0%8F%E8%85%B8%E5%85%A7%E5%88%86%E6%B3%8C%E7%B4%B0%E8%83%9E%E7%94%A3%E7%94%9F%E8%85%B8%E6%B3%8C%E7%B4%A0%E9%81%9413%2D194%20%E5%80%8D%EF%BC%8C%E6%95%88%E6%9E%9C%E9%A1%AF%E8%91%97%E3%80%82%20%E4%BA%86%E8%A7%A3%E6%B8%9B%E8%82%A5%E9%87%9D%E5%8E%9F%E7%90%86%E5%8F%8A%E5%89%AF%E4%BD%9C%E7%94%A8%E4%B9%8B%E5%BE%8C%EF%BC%8C%E6%AF%94%E8%B5%B7%E4%B8%80%E9%80%B1%E4%B8%80%E6%AC%A1%E7%9A%84%E6%B8%9B%E8%82%A5%E9%87%9D%EF%BC%8C%E4%B8%8D%E5%A6%82%E9%81%B8%E6%93%87%E6%9B%B4%E5%8A%A0%E5%AE%89%E5%85%A8%E3%80%81%E5%81%A5%E5%BA%B7%E7%9A%84%E9%AB%94%E9%87%8D%E7%AE%A1%E7%90%86%E6%96%B9%E5%BC%8F%E5%90%A7%EF%BC%81
https://www.simplyhealth.com.hk/blogs/column/probiotics-for-weight-loss#:~:text=%E7%9B%8A%E7%94%9F%E8%8F%8C%E5%A6%82%E4%BD%95%E5%B9%AB%E5%8A%A9%E6%B8%9B%E8%82%A5%EF%BC%9F%20%E7%A0%94%E7%A9%B6%E8%A1%A8%E6%98%8E%EF%BC%8C%E6%88%91%E5%80%91%E8%85%B8%E9%81%93%E4%B8%AD%E7%9A%84%E7%B4%B0%E8%8F%8C%E6%9C%83%E5%B0%8D%E6%88%91%E5%80%91%E7%9A%84%E9%AB%94%E9%87%8D%E7%94%A2%E7%94%9F%E9%87%8D%E5%A4%A7%E5%BD%B1%E9%9F%BF%E3%80%82%20%E4%BA%8B%E5%AF%A6%E4%B8%8A%EF%BC%8C%E7%A0%94%E7%A9%B6%E7%99%BC%E7%8F%BE%E8%85%B8%E9%81%93%E7%B4%B0%E8%8F%8C%E5%A4%B1%E8%A1%A1%E7%9A%84%E4%BA%BA%E6%9B%B4%E5%AE%B9%E6%98%93%E6%9C%89%E8%B6%85%E9%87%8D%E6%88%96%E8%82%A5%E8%83%96%E7%9A%84%E5%95%8F%E9%A1%8C%E3%80%82%20%E7%9B%8A%E7%94%9F%E8%8F%8C%E6%9C%89%E5%8A%A9%E6%96%BC%E6%94%B9%E5%96%84%E8%85%B8%E9%81%93%E4%B8%AD%E6%9C%89%E7%9B%8A%E7%B4%B0%E8%8F%8C%E7%9A%84%E5%B9%B3%E8%A1%A1%EF%BC%8C%E9%85%8D%E5%90%88%E5%9D%87%E8%A1%A1%E9%A3%B2%E9%A3%9F%E5%8F%8A%E9%81%8B%E5%8B%95%EF%BC%8C%E7%B9%BC%E8%80%8C%E6%9C%89%E5%8A%A9%E6%B8%9B%E8%BC%95%E9%AB%94%E9%87%8D%E3%80%82%20%E4%B8%80%E9%A0%85%E8%BF%91%E4%BA%8C%E5%8D%83%E4%BA%BA%E5%8F%83%E8%88%87%E7%9A%84%E7%A0%94%E7%A9%B6%E7%99%BC%E7%8F%BE%EF%BC%8C%E6%9C%8D%E7%94%A8%E7%9B%8A%E7%94%9F%E8%8F%8C%208%20%E5%80%8B%E6%98%9F%E6%9C%9F%E5%8F%AF%E9%A1%AF%E8%91%97%E9%99%8D%E4%BD%8E%E9%AB%94%E9%87%8D%E3%80%81%E9%AB%94%E9%87%8D%E6%8C%87%E6%95%B8(BMI)%20%E5%92%8C%E8%85%B0%E5%9C%8D%E3%80%82%20%E7%9B%8A%E7%94%9F%E8%8F%8C%E6%9C%89%E5%8A%A9%E6%96%BC%E6%B8%9B%E8%BC%95%E9%AB%94%E9%87%8D%E7%9A%84%E5%8F%A6%E4%B8%80%E7%A8%AE%E6%96%B9%E5%BC%8F%E6%98%AF%E6%B8%9B%E5%B0%91%E6%88%96%E8%88%92%E7%B7%A9%E9%AB%94%E5%85%A7%E7%82%8E%E7%97%87%E3%80%82%20%E7%82%8E%E7%97%87%E8%88%87%E8%82%A5%E8%83%96%E3%80%81%E8%83%B0%E5%B3%B6%E7%B4%A0%E6%8A%B5%E6%8A%97%E5%92%8C%E5%85%B6%E4%BB%96%E5%81%A5%E5%BA%B7%E5%95%8F%E9%A1%8C%E6%9C%89%E9%97%9C%E3%80%82%20%E7%9B%8A%E7%94%9F%E8%8F%8C%E5%8F%AF%E4%BB%A5%E5%B9%AB%E5%8A%A9%E6%B8%9B%E5%B0%91%E7%82%8E%E7%97%87%EF%BC%8C%E5%BE%9E%E8%80%8C%E6%9B%B4%E5%AE%B9%E6%98%93%E7%AE%A1%E7%90%86%E9%AB%94%E9%87%8D%E5%92%8C%E6%94%B9%E5%96%84%E8%85%B8%E9%81%93%E5%81%A5%E5%BA%B7%E3%80%82"
益生菌益生元搭配,"益生菌和益生元搭配食用可以更有效地維護腸道健康，因為益生元是益生菌的養分，可以幫助益生菌生長和繁殖，發揮更好的功效。
為何益生菌與益生元搭配效果更好：
提供養分，促進生長：
益生元（如膳食纖維、果寡糖、菊糖等）可以被益生菌利用，作為其發酵和繁殖的基質，從而增加腸道內有益菌的數量和活性。
增強益生菌功效：
單獨補充益生菌可能效果有限，搭配益生元可以讓益生菌更好地在腸道中紮根，提升整體保健效果。
維持腸道菌相平衡：
透過益生菌和益生元的共同作用，可以幫助維持腸道菌叢的多樣性，抑制壞菌生長，進而改善腸道功能。
如何選擇和搭配：
挑選合適的益生元：
選擇適合您益生菌菌株的益生元，例如某些益生菌能利用特定的寡糖或纖維。
攝取天然食物：
日常飲食中多攝取富含益生元的食物，如蔬菜、水果、全穀類、燕麥、地瓜等，同時也可攝取優格、優酪乳等發酵食品補充益生菌。
尋求專業建議：
如果不確定如何搭配，可以諮詢營養師，選擇市面上標榜含有益生元成分的益生菌產品，或是根據自身狀況挑選合適的產品。
注意事項：
搭配溫開水：
:
補充益生菌時建議搭配常溫或冷開水，避免高溫影響菌的活性。
避開咖啡、茶：
:
避免與咖啡、茶等飲品同時服用，建議間隔1-2小時。","https://www.dietician.com.tw/knowledge/item/1085.html#:~:text=%E5%BB%BA%E8%AD%B0%E6%8C%91%E9%81%B8%E7%9B%8A%E7%94%9F%E8%8F%8C%E6%90%AD%E9%85%8D%E7%9B%8A%E7%94%9F%E5%85%83%E7%9A%84%E7%94%A2%E5%93%81%20%E7%9B%8A%E7%94%9F%E5%85%83%E7%9A%84%E4%BD%9C%E7%82%BA%E7%9B%8A%E7%94%9F%E8%8F%8C%E7%9A%84%E9%A3%9F%E7%89%A9%EF%BC%8C%E6%9C%89%E5%A5%BD%E8%8F%8C%E7%9A%84%E5%AD%98%E5%9C%A8%E6%89%8D%E6%9C%89%E7%B9%81%E6%AE%96%E7%9A%84%E5%83%B9%E5%80%BC%EF%BC%8C%E7%9B%8A%E7%94%9F%E8%8F%8C%E7%9A%84%E8%A3%9C%E5%85%85%E5%8F%AF%E4%BB%A5%E5%B9%AB%E5%8A%A9%E8%AA%BF%E6%95%B4%E6%B6%88%E5%8C%96%E9%81%93%E8%8F%8C%E5%8F%A2%E7%94%9F%E6%85%8B%EF%BC%8C%E8%80%8C%E8%A3%9C%E5%85%85%E7%9B%8A%E7%94%9F%E5%85%83%E5%8F%AF%E4%BB%A5%E5%B9%AB%E5%8A%A9%E7%9B%8A%E7%94%9F%E8%8F%8C%E7%9A%84%E7%B9%81%E6%AE%96%EF%BC%8C%E5%B0%8D%E6%96%BC%E6%B6%88%E5%8C%96%E9%81%93%E7%9A%84%E7%B6%AD%E8%AD%B7%E6%89%8D%E6%9B%B4%E6%9C%89%E5%B9%AB%E5%8A%A9%E3%80%82%20%E7%A0%94%E7%A9%B6%E8%AD%89%E5%AF%A6%E5%A2%9E%E5%8A%A0%E6%B6%88%E5%8C%96%E9%81%93%E4%B8%AD%E7%9A%84%E7%B4%B0%E8%8F%8C%E5%8F%A2%E5%A4%9A%E6%A8%A3%E6%80%A7%E8%88%87%E5%81%A5%E5%BA%B7%E7%A8%8B%E5%BA%A6%E5%91%88%E7%8F%BE%E6%AD%A3%E7%9B%B8%E9%97%9C%E3%80%82%20%E9%99%A4%E4%BA%86%E6%94%9D%E5%8F%96%E5%A4%9A%E6%A8%A3%E7%9A%84%E8%8F%8C%E7%A8%AE%E7%9A%84%E7%9B%8A%E7%94%9F%E8%8F%8C%EF%BC%8C%E7%9B%8A%E7%94%9F%E8%B3%AA%E4%B9%9F%E8%83%BD%E5%A4%A0%E5%B9%AB%E5%8A%A9%E5%A4%9A%E6%A8%A3%E5%A5%BD%E8%8F%8C%E7%9A%84%E5%9F%B9%E8%82%B2%E3%80%82%20%E7%9B%8A%E7%94%9F%E5%85%83%E7%9A%84%E6%8C%91%E9%81%B8%E5%8F%AF%E4%BB%A5%E9%81%B8%E6%93%87%E6%9E%9C%E5%AF%A1%E9%86%A3%EF%BC%8C%E7%A0%94%E7%A9%B6%E9%A1%AF%E7%A4%BA%E6%9E%9C%E5%AF%A1%E7%B3%96%E8%A3%9C%E5%85%85%E8%88%87%E6%B6%88%E5%8C%96%E9%81%93%E4%B9%8B%E9%96%93%EF%BC%8C%E5%85%B6%E6%B6%88%E5%8C%96%E9%81%93%E4%B8%AD%E5%A4%9A%E6%A8%A3%E7%9A%84%E7%B4%B0%E8%8F%8C%E5%8F%A2%E6%AF%94%E4%BE%8B%E8%BC%83%E9%AB%98%EF%BC%8C%E8%83%BD%E5%A4%A0%E8%AA%BF%E7%AF%80%E6%B6%88%E5%8C%96%E9%81%93%E6%A9%9F%E8%83%BD%E7%9A%84%E5%B9%AB%E5%8A%A9%E3%80%82%20%E6%9C%80%E5%BE%8C%EF%BC%8C%E7%87%9F%E9%A4%8A%E5%B8%AB%E6%8F%90%E9%86%92%E4%BD%A0%EF%BC%8C%E7%9B%8A%E7%94%9F%E8%8F%8C%E6%90%AD%E9%85%8D%E7%9B%8A%E7%94%9F%E5%85%83%E7%9A%84%E8%A3%9C%E5%85%85%EF%BC%8C%E5%8F%AF%E4%BB%A5%E6%9B%B4%E5%85%A8%E9%9D%A2%E6%80%A7%E7%9A%84%E5%B9%AB%E5%8A%A9%E6%B6%88%E5%8C%96%E9%81%93%E6%A9%9F%E8%83%BD%E3%80%82%20%E8%80%8C%E5%9C%A8%E7%9B%8A%E7%94%9F%E8%8F%8C%E7%9A%84%E6%8C%91%E9%81%B8%E4%B8%8A%EF%BC%8C%E5%8F%AF%E4%BB%A5%E9%81%B8%E6%93%87%E6%9C%89%E4%BF%9D%E8%AD%89%E8%8F%8C%E6%95%B8%E3%80%81%E8%B6%85%E5%BE%AE%E6%B0%A7%E6%8A%80%E8%A1%93%E7%9A%84%E7%9B%8A%E7%94%9F%E8%8F%8C%EF%BC%8C%E7%A2%BA%E4%BF%9D%E5%9C%A8%E6%9C%89%E6%95%88%E6%9C%9F%E9%99%90%E5%85%A7%E5%90%83%E5%88%B0%E8%B6%B3%E5%A4%A0%E7%9A%84%E5%A5%BD%E8%8F%8C%EF%BC%8C%E8%80%8C%E8%B6%85%E5%BE%AE%E6%B0%A7%E6%8A%80%E8%A1%93%E4%B9%9F%E5%8F%AF%E4%BB%A5%E6%8F%90%E5%8D%87%E5%A5%BD%E8%8F%8C%E7%9A%84%E5%AD%98%E6%B4%BB%E5%8A%9B%EF%BC%8C%E6%8F%90%E9%AB%98%E4%BA%86%E7%9B%8A%E7%94%9F%E8%8F%8C%E7%9A%84%E6%95%B4%E9%AB%94%E5%A3%BD%E5%91%BD%EF%BC%8C%E8%AE%93%E4%BD%A0%E5%90%83%E9%80%B2%E6%9B%B4%E5%A4%9A%E6%96%B0%E9%AE%AE%E7%9A%84%E5%A5%BD%E8%8F%8C%EF%BC%8C%E4%BE%8B%E5%A6%82%E3%80%8A%E5%8F%B0%E7%81%A301%20%E7%9B%8A%E7%94%9F%E8%8F%8C%E3%80%8B%E3%80%82
https://blog.goodhealth.tw/30041/#:~:text=%E7%9B%8A%E7%94%9F%E5%85%83%E3%80%81%E7%9B%8A%E7%94%9F%E8%8F%8C%E4%B8%80%E8%B5%B7%E5%90%83%EF%BC%8C%E6%89%93%E9%80%A0%E6%BB%BF%E5%88%86%E8%85%B8%E8%83%83%E5%81%A5%E5%BA%B7%20%E6%88%91%E5%80%91%E7%9A%84%E8%85%B8%E9%81%93%E7%92%B0%E5%A2%83%EF%BC%8C%E5%AE%B9%E6%98%93%E5%9B%A0%E7%82%BA%E9%A3%B2%E9%A3%9F%E4%B8%8D%E5%9D%87%E8%A1%A1%E3%80%81%E5%B9%B4%E9%BD%A1%E3%80%81%E9%81%8B%E5%8B%95%E9%A0%BB%E7%8E%87%E3%80%81%E7%92%B0%E5%A2%83%E7%AD%89%E5%9B%A0%E7%B4%A0%EF%BC%8C%E9%80%B2%E8%80%8C%E5%BD%B1%E9%9F%BF%E9%AB%94%E5%85%A7%E7%9A%84%E5%A5%BD%E8%8F%8C%E7%94%9F%E5%AD%98%E6%A9%9F%E7%8E%87%E3%80%82%20%E5%A6%82%E6%9E%9C%E8%83%BD%E5%A4%A0%E5%9C%A8%E8%A3%9C%E5%85%85%E7%9B%8A%E7%94%9F%E8%8F%8C%E7%9A%84%E5%90%8C%E6%99%82%EF%BC%8C%E4%B9%9F%E7%A2%BA%E4%BF%9D%E7%9B%8A%E7%94%9F%E8%8F%8C%E8%83%BD%E5%A4%A0%E6%9C%89%E8%B6%B3%E5%A4%A0%E7%9A%84%E9%A4%8A%E5%88%86%E6%88%90%E9%95%B7%E8%8C%81%E5%A3%AF%EF%BC%8C%E5%B0%B1%E5%8F%AF%E4%BB%A5%E7%9B%A1%E9%87%8F%E9%81%BF%E5%85%8D%E5%A4%96%E5%9C%A8%E5%9B%A0%E7%B4%A0%EF%BC%8C%E4%B8%8D%E5%8E%BB%E5%BD%B1%E9%9F%BF%E7%9B%8A%E7%94%9F%E8%8F%8C%E8%88%87%E9%AB%94%E5%85%A7%E5%8E%9F%E7%94%9F%E5%A5%BD%E8%8F%8C%E7%9A%84%E7%94%9F%E9%95%B7%E3%80%82%20%E7%9B%8A%E7%94%9F%E5%85%83%E8%B7%9F%E7%9B%8A%E7%94%9F%E8%8F%8C%E6%90%AD%E9%85%8D%E4%B8%80%E8%B5%B7%E5%90%83%EF%BC%8C%E6%98%AF%E5%9B%A0%E7%82%BA%E7%9B%8A%E7%94%9F%E8%8F%8C%E4%B9%9F%E5%83%8F%E6%98%AF%E6%88%91%E5%80%91%E4%BA%BA%E9%A1%9E%E4%B8%80%E6%A8%A3%EF%BC%8C%E9%9C%80%E8%A6%81%E5%90%83%E5%A5%BD%E9%A3%AF%E6%89%8D%E8%83%BD%E6%88%90%E9%95%B7%EF%BC%8C%E7%9B%8A%E7%94%9F%E8%8F%8C%E7%9A%84%E6%88%90%E9%95%B7%EF%BC%8C%E5%B0%B1%E4%BB%A3%E8%A1%A8%E4%BA%86%E6%88%91%E5%80%91%E6%93%81%E6%9C%89%E6%9B%B4%E5%81%A5%E5%BA%B7%E7%9A%84%E8%85%B8%E8%83%83%E3%80%82%20%E6%A0%B9%E6%93%9A%E4%B8%80%E7%AF%87%E6%96%BC1998%E5%B9%B4%E7%99%BC%E8%A1%A8%E6%96%BC%E7%BE%8E%E5%9C%8B%E5%9C%8B%E7%AB%8B%E8%A1%9B%E7%94%9F%E7%A0%94%E7%A9%B6%E9%99%A2%E6%89%80%E5%B1%AC%E7%9A%84%E7%A0%94%E7%A9%B6%E5%B9%B3%E5%8F%B0PubMed%E7%9A%84%E7%9B%8A%E7%94%9F%E5%85%83%E7%A0%94%E7%A9%B6%E4%B8%AD%EF%BC%8C%E7%94%B1%E5%AD%B8%E8%80%85Michel%2C%20C.%20%E7%AD%89%E4%BA%BA%E6%8C%87%E5%87%BA%E6%9C%8D%E7%94%A8%E4%B8%80%E5%AE%9A%E6%95%B8%E9%87%8F%E7%9B%8A%E7%94%9F%E5%85%83%EF%BC%8C%E5%9C%A8%E4%BF%83%E9%80%B2%E7%9B%8A%E7%94%9F%E8%8F%8C%E8%8F%8C%E6%95%B8%E6%8F%90%E9%AB%98%E7%9A%84%E5%90%8C%E6%99%82%EF%BC%8C%E9%82%84%E5%8F%AF%E6%9C%89%E5%8A%A9%E6%96%BC%E7%B6%AD%E6%8C%81%E8%85%B8%E9%81%93%E5%81%A5%E5%BA%B7%EF%BC%8C%E6%8A%B5%E7%A6%A6%E5%A4%96%E4%BE%86%E7%89%A9%E8%B3%AA%E5%85%A5%E4%BE%B5%E8%85%B8%E9%81%93%EF%BC%8C%E9%81%94%E5%88%B0%E4%BF%9D%E8%AD%B7%E8%85%B8%E8%83%83%E7%9A%84%E6%95%88%E6%9E%9C%E3%80%82
https://hskgene.com/blogs/probiofirst/prebiotics_and_probiotics#:~:text=%E7%9B%8A%E7%94%9F%E8%8F%8C%20+%20%E7%9B%8A%E7%94%9F%E5%85%83=%20%E5%85%B1%E7%94%9F%E8%B3%AA%20%E9%81%A9%E7%95%B6%E6%90%AD%E9%85%8D%E4%BA%8B%E5%8D%8A%E5%8A%9F%E5%80%8D&text=%E7%B5%90%E6%9E%9C%E9%A1%AF%E7%A4%BA%E9%A3%9F%E7%94%A8%E5%8A%A0%E5%85%A5%E5%85%B1%E7%94%9F%E8%B3%AA%E7%9A%84%E4%B9%B3%E9%85%AA%E7%B5%84%E5%88%A5%EF%BC%8C%E6%AF%94%E8%B5%B7%E5%B0%8D%E7%85%A7%E7%B5%84%E5%88%A5%E7%9A%84%E7%B5%90%E8%85%B8%E9%80%9A%E9%81%8E%E6%99%82%E9%96%93%EF%BC%88Colonic%20Transit%20Time%EF%BC%89%E6%98%8E%E9%A1%AF%E7%9F%AD%EF%BC%8C%E5%8D%B3%E7%B3%9E%E4%BE%BF%E6%8E%92%E5%87%BA%E6%89%80%E9%9C%80%E8%A6%81%E7%9A%84%E6%99%82%E9%96%93%E4%BA%A6%E8%BC%83%E7%9F%AD%E3%80%82%20%E8%8B%B1%E5%9C%8B%E4%BA%A6%E6%9C%89%E7%A0%94%E7%A9%B6%E7%B5%A6%E5%81%A5%E5%BA%B7%E6%88%90%E5%B9%B4%E4%BA%BA%E6%9C%8D%E7%94%A8%E4%BD%8E%E8%81%9A%E6%9C%A8%E7%B3%96(Xyooligosaccharide)%20/%E9%9B%99%E6%AD%A7%E6%A1%BF%E8%8F%8CBi%2D07/%E4%BD%8E%E8%81%9A%E6%9C%A8%E7%B3%96%E6%B7%B7%E5%90%88Bi%2D07%E7%9A%84%E5%85%B1%E7%94%9F%E8%B3%AA%E7%B5%84%E5%90%88%E3%80%82%20%E5%B0%8D%E6%AF%94%E5%8F%AA%E6%9C%89%E7%9B%8A%E7%94%9F%E5%85%83%E5%92%8C%E7%9B%8A%E7%94%9F%E8%8F%8C%E7%B5%84%E5%88%A5%EF%BC%8C%E5%85%B1%E7%94%9F%E8%B3%AA%E7%B5%84%E5%88%A5%E6%9C%89%E6%98%8E%E9%A1%AF%E8%BC%83%E5%A4%9A%E6%9C%89%E7%9B%8A%E7%9F%AD%E9%8F%88%E8%84%82%E8%82%AA%E9%85%B8%E3%80%81%E5%8F%97%E8%A9%A6%E8%80%85%E6%9C%8D%E7%94%A8%E6%AD%A2%E7%97%9B%E8%97%A5%E6%AC%A1%E6%95%B8%E6%B8%9B%E5%B0%91%E3%80%81%E5%8F%8A%E6%9C%89%E9%97%9C%E5%85%8D%E7%96%AB%E5%8F%8D%E6%87%89%E7%9A%84CD19%E6%A8%99%E8%A8%98%E6%9C%89%E6%89%80%E4%B8%8B%E9%99%8D%E3%80%82%20%E7%9B%8A%E7%94%9F%E8%B3%AA%E7%B5%84%E5%90%88%E6%AF%94%E5%8F%AA%E6%9C%89%E7%9B%8A%E7%94%9F%E5%85%83%E5%92%8C%E7%9B%8A%E7%94%9F%E8%8F%8C%E6%9B%B4%E8%83%BD%E6%94%B9%E5%96%84%E8%85%B8%E9%81%93%E5%92%8C%E6%95%B4%E9%AB%94%E5%81%A5%E5%BA%B7%E3%80%82%20%E7%9B%8A%E7%94%9F%E8%8F%8C%E5%92%8C%E7%9B%8A%E7%94%9F%E5%85%83%E6%9E%97%E6%9E%97%E7%B8%BD%E7%B8%BD%EF%BC%8C%E4%B8%8D%E6%98%AF%E6%89%80%E6%9C%89%E7%9B%8A%E7%94%9F%E8%8F%8C%E9%83%BD%E8%83%BD%E5%88%A9%E7%94%A8%E6%AF%8F%E7%A8%AE%E7%9B%8A%E7%94%9F%E5%85%83%E3%80%82%20%E6%9C%89%E7%A0%94%E7%A9%B6%E5%9F%B9%E9%A4%8A%E6%96%B9%E5%BC%8F%E6%B8%AC%E8%A9%A668%E7%A8%AE%E7%9B%8A%E7%94%9F%E8%8F%8C%E5%B0%8D10%E7%A8%AE%E7%9B%8A%E7%94%9F%E5%85%83%E7%9A%84%E4%BB%A3%E8%AC%9D%E5%88%A9%E7%94%A8%E3%80%82%20%E7%B5%90%E6%9E%9C%E7%99%BC%E7%8F%BE%E5%97%9C%E9%85%B8%E4%B9%B3%E6%A1%BF%E8%8F%8CNCFM%E8%83%BD%E7%99%BC%E9%85%B5%E4%B9%B3%E7%B3%96(Lactose)%E3%80%81%E6%9E%9C%E5%AF%A1%E7%B3%96%E5%92%8C%E8%81%9A%E8%91%A1%E8%90%84%E7%B3%96%EF%BC%8C%E4%BD%86%E5%8D%B4%E4%B8%8D%E8%83%BD%E5%88%A9%E7%94%A8%E8%8F%8A%E7%B3%96%E5%92%8C%E9%BA%A5%E8%8A%BD%E7%B3%8A%E7%B2%BE(Maltodextrin)%E3%80%82%20%E8%80%8C%E5%90%8C%E6%98%AF%E9%9B%99%E6%AD%A7%E6%A1%BF%E8%8F%8C(Bifidobacterium%20animalis)%EF%BC%8CDSM20105%E8%8F%8C%E6%A0%AA%E4%B8%8D%E8%83%BD%E7%99%BC%E9%85%B5%E8%81%9A%E8%91%A1%E8%90%84%E7%B3%96%E5%92%8C%E8%8F%8A%E7%B3%96%EF%BC%8C%E4%BD%86BB12%E8%8F%8C%E6%A0%AA%E5%B0%B1%E5%8F%AF%E4%BB%A5%E3%80%82%20%E5%8F%AF%E8%A6%8B%E4%B8%8D%E5%90%8C%E7%9A%84%E7%9B%8A%E7%94%9F%E8%8F%8C%E9%9C%80%E9%85%8D%E5%90%88%E5%85%B6%E5%90%88%E9%81%A9%E7%9A%84%E7%9B%8A%E7%94%9F%E5%85%83%E6%88%90%E7%82%BA%E5%85%B1%E7%94%9F%E8%B3%AA%EF%BC%8C%E6%89%8D%E8%83%BD%E8%83%BD%E5%81%9A%E6%88%90%E5%8D%94%E5%90%8C%E6%95%88%E6%87%89%EF%BC%8C%E7%99%BC%E6%8F%AE%E6%9C%80%E4%BD%B3%E4%BF%9D%E5%81%A5%E5%8A%9F%E6%95%88%E3%80%82%20%E4%BE%8B%E5%A6%82%E7%9B%8A%E7%BA%96%E8%8F%8C%E4%BB%A5%E8%81%9A%E8%91%A1%E8%90%84%E7%B3%96%E9%85%8D%E5%90%88%E9%9B%99%E6%AD%A7%E6%A1%BF%E8%8F%8CHN019%E5%92%8C%E5%97%9C%E9%85%B8%E4%B9%B3%E6%A1%BF%E8%8F%8CNCFM%EF%BC%8C%E6%9C%89%E6%95%88%E5%85%B1%E7%94%9F%E8%B3%AA%E6%90%AD%E9%85%8D%E4%BB%A4%E5%85%B6%E5%81%A5%E5%BA%B7%E5%8A%9F%E6%95%88%E6%9B%B4%E8%83%BD%E7%99%BC%E6%8F%AE%E3%80%82
https://www.8more.com.tw/blog/posts/what-is-prebiotics#:~:text=%E5%85%AD%E3%80%81%E9%95%B7%E6%9C%9F%E7%B6%AD%E6%8C%81%E8%85%B8%E9%81%93%E5%81%A5%E5%BA%B7%EF%BC%8C%E5%B0%B1%E8%A6%81%E7%9B%8A%E7%94%9F%E8%8F%8C%E3%80%81%E7%9B%8A%E7%94%9F%E5%85%83%E5%90%8C%E6%99%82%E8%A3%9C%E5%85%85%20%E6%83%B3%E8%A6%81%E7%B6%AD%E8%AD%B7%E8%85%B8%E9%81%93%E5%81%A5%E5%BA%B7%EF%BC%8C%E6%9C%80%E5%A4%A7%E7%9A%84%E9%97%9C%E9%8D%B5%E5%B0%B1%E6%98%AF%E5%90%8C%E6%99%82%E8%A3%9C%E5%85%85%E7%9B%8A%E7%94%9F%E8%8F%8C%E5%92%8C%E7%9B%8A%E7%94%9F%E5%85%83%E3%80%82%20%E9%80%99%E9%9B%99%E9%87%8D%E7%B5%84%E5%90%88%E5%8F%AF%E4%BB%A5%E6%9C%89%E6%95%88%E5%9C%B0%E7%B6%AD%E6%8C%81%E8%85%B8%E9%81%93%E7%B5%90%E6%A7%8B%E7%A9%A9%E5%AE%9A%EF%BC%8C%E4%BF%83%E9%80%B2%E9%A3%9F%E7%89%A9%E6%B6%88%E5%8C%96%EF%BC%8C%E6%B8%9B%E8%BC%95%E8%85%B8%E9%81%93%E4%B8%8D%E9%81%A9%E3%80%82%20%E9%80%9A%E9%81%8E%E9%A3%B2%E9%A3%9F%E4%B8%AD%E6%94%9D%E5%8F%96%E5%AF%8C%E5%90%AB%E7%9B%8A%E7%94%9F%E5%85%83%E7%9A%84%E9%A3%9F%E7%89%A9%EF%BC%8C%E5%A6%82%E7%99%BD%E6%9C%A8%E8%80%B3%E3%80%81%E6%B0%B4%E6%9E%9C%E3%80%81%E8%94%AC%E8%8F%9C%E3%80%81%E5%85%A8%E7%A9%80%E9%A1%9E%E5%92%8C%E4%B9%B3%E8%A3%BD%E5%93%81%EF%BC%8C%E9%82%84%E6%9C%89%E5%AF%8C%E5%90%AB%E7%9B%8A%E7%94%9F%E8%8F%8C%E7%9A%84%E9%A3%9F%E7%89%A9%EF%BC%8C%E5%A6%82%E5%84%AA%E6%A0%BC%EF%BC%8C%E5%85%A9%E8%80%85%E6%90%AD%E9%85%8D%E5%9C%A8%E4%B8%80%E8%B5%B7%E5%90%83%E6%95%88%E6%9E%9C%E6%9C%80%E5%A5%BD%E3%80%82
https://herbpro.tw/%E8%85%B8%E8%83%83%E4%BF%9D%E5%81%A5/%E7%9B%8A%E7%94%9F%E8%8F%8C-%E8%85%B8%E8%83%83%E4%BF%9D%E5%81%A5/%E7%9B%8A%E7%94%9F%E8%8F%8C%E8%A3%9C%E5%85%85%E6%8F%90%E5%8D%87%E7%A7%98%E8%A8%A3%EF%BC%81%E6%90%9E%E6%87%82%E7%9B%8A%E7%94%9F%E8%8F%8C%E3%80%81%E7%9B%8A%E7%94%9F%E5%85%83%E3%80%81%E5%BE%8C%E7%94%9F/
https://www.carloine.com.tw/Article/Detail/73482#:~:text=%E5%B9%B3%E5%B8%B8%E9%A3%B2%E9%A3%9F%E7%BF%92%E6%85%A3%E4%B9%9F%E5%BE%88%E9%87%8D%E8%A6%81%E3%80%82%20%E9%9C%80%E6%90%AD%E9%85%8D%E7%A9%80%E7%89%A9%E3%80%81%E8%94%AC%E8%8F%9C%E6%B0%B4%E6%9E%9C%E3%80%81%E5%A0%85%E6%9E%9C%E7%A8%AE%E5%AD%90%E7%AD%89%E5%AF%8C%E5%90%AB%E8%86%B3%E9%A3%9F%E7%BA%96%E7%B6%AD%E7%9A%84%E6%A4%8D%E7%89%A9%E6%80%A7%E9%A3%9F%E6%9D%90%EF%BC%8C%E8%A3%9C%E5%85%85%E5%88%B0%E5%A4%9A%E7%A8%AE%E7%B6%AD%E7%94%9F%E7%B4%A0%E7%A4%A6%E7%89%A9%E8%B3%AA%E7%9A%84%E5%90%8C%E6%99%82%EF%BC%8C%E4%B9%9F%E5%8F%AF%E4%BD%9C%E7%82%BA%E7%9B%8A%E7%94%9F%E8%8F%8C%E7%9A%84%E9%A3%9F%E7%89%A9%EF%BC%8C%E5%B9%AB%E5%8A%A9%E7%B6%AD%E6%8C%81%E8%8F%8C%E7%9B%B8%E7%9A%84%E5%B9%B3%E8%A1%A1%E3%80%82%20%E8%8B%A5%E9%A3%B2%E9%A3%9F%E7%84%A1%E6%B3%95%E5%9D%87%E8%A1%A1%EF%BC%8C%E5%BB%BA%E8%AD%B0%E5%8F%AF%E6%8C%91%E9%81%B8%E5%B8%82%E9%9D%A2%E4%B8%8A%E5%90%AB%E7%9B%8A%E7%94%9F%E5%85%83%E7%9A%84%E7%9B%8A%E7%94%9F%E8%8F%8C%E7%94%A2%E5%93%81%EF%BC%8C%E6%89%8D%E8%83%BD%E7%99%BC%E6%8F%AE%E7%9B%8A%E7%94%9F%E8%8F%8C%E6%9C%80%E5%A4%A7%E5%8A%9F%E6%95%88%EF%BC%8C%E6%98%AF%E7%B6%AD%E6%8C%81%E5%81%A5%E5%BA%B7%E7%9A%84%E9%97%9C%E9%8D%B5%E3%80%82%20%E6%83%B3%E4%BA%86%E8%A7%A3%E6%9B%B4%E5%A4%9A%E7%9B%8A%E7%94%9F%E8%8F%8C%E5%8A%9F%E6%95%88%E3%80%81%E6%8E%A8%E8%96%A6%E6%80%8E%E9%BA%BC%E6%8C%91%E3%80%81%E4%BD%95%E6%99%82%E5%90%83%E3%80%81%E6%94%9D%E5%8F%96%E9%87%8F%E5%97%8E%EF%BC%9F%20%E6%AD%A1%E8%BF%8E%E6%82%A8%E5%8A%A0%E5%85%A5%20Line%20%E8%A9%A2%E5%95%8F%EF%BC%8C%E8%AE%93%E5%8D%A1%E8%98%BF%E7%90%B3%E8%A1%9B%E6%95%99%E5%B8%AB%E7%82%BA%E6%82%A8%E8%A7%A3%E7%AD%94%E8%88%87%E8%AA%AA%E6%98%8E%E3%80%82
https://www.daikenshop.com/article/how_to_take_probiotics#:~:text=%E5%92%8C%E4%B8%80%E8%88%AC%E7%94%A8%E8%97%A5%E5%B8%B8%E8%AD%98%E7%9B%B8%E5%90%8C,1%2D2%E5%B0%8F%E6%99%82%E7%82%BA%E5%AE%9C%E3%80%82
https://www.dietician.com.tw/knowledge/item/1045.html#:~:text=%E8%A8%B1%E5%A4%9A%E4%BA%BA%E5%9C%A8%E5%90%83%E7%9B%8A%E7%94%9F,%E5%B8%B8%E6%BA%AB%E7%99%BD%E9%96%8B%E6%B0%B4%E5%B0%B1%E5%A5%BD%E5%9B%89%EF%BC%81
https://shop.vitabox.com.tw/pages/prebiotics
https://www.papa-oligo.com/pages/prebiotisprobiotis#:~:text=%E2%96%87%20%E7%9B%8A%E7%94%9F%E8%8F%8C%E5%92%8C%E7%9B%8A%E7%94%9F%E5%85%83%E5%8F%AF%E4%BB%A5%E4%B8%80%E8%B5%B7%E5%90%83%E5%97%8E%EF%BC%9F%20%E6%9C%83%E6%AF%94%E8%BC%83%E5%A5%BD%E5%97%8E%EF%BC%9F%20%E8%A9%B2%E6%B3%A8%E6%84%8F%E4%BB%80%E9%BA%BC%EF%BC%9F%20%E7%9B%8A%E7%94%9F%E8%8F%8C%E3%80%81%E7%9B%8A%E7%94%9F%E5%85%83%E5%85%A9%E8%80%85%E5%B0%8D%E6%96%BC%E4%BA%BA%E9%AB%94%E8%85%B8%E9%81%93%E5%81%A5%E5%BA%B7%E7%9A%86%E6%9C%89%E5%B9%AB%E5%8A%A9%EF%BC%8C%E4%B8%80%E8%B5%B7%E5%90%83%E6%98%AF%E7%B5%95%E5%B0%8D%E6%B2%92%E6%9C%89%E5%95%8F%E9%A1%8C%E7%9A%84%EF%BC%8C%E7%9B%8A%E7%94%9F%E5%85%83%E6%9C%AC%E8%BA%AB%E6%98%AF%E7%9B%8A%E7%94%9F%E8%8F%8C%E7%9A%84%E9%A4%8A%E5%88%86%E5%8F%8A%E9%A3%9F%E7%89%A9%EF%BC%8C%E5%8F%AF%E4%BB%A5%E6%8F%90%E9%AB%98%E7%9B%8A%E7%94%9F%E8%8F%8C%E7%9A%84%E6%88%B0%E9%AC%A5%E5%8A%9B%EF%BC%8C%E6%89%80%E4%BB%A5%E8%A3%9C%E5%85%85%E7%9B%8A%E7%94%9F%E8%8F%8C%E7%9A%84%E5%90%8C%E6%99%82%E6%9B%B4%E8%A6%81%E8%A3%9C%E5%85%85%E7%9B%8A%E7%94%9F%E5%85%83%EF%BC%8C%E4%BD%BF%E7%9B%8A%E8%8F%8C%E7%BE%A4%E7%99%BC%E6%8F%AE%E6%9C%80%E4%BD%B3%E7%9A%84%E6%95%88%E6%9E%9C%E3%80%82%20%E5%80%BC%E5%BE%97%E6%B3%A8%E6%84%8F%E7%9A%84%E6%98%AF%EF%BC%8C%E4%BA%BA%E9%AB%94%E8%85%B8%E9%81%93%E5%85%A7%E6%9C%AC%E4%BE%86%E5%B0%B1%E6%9C%89%E9%AB%98%E9%81%94%E6%95%B8%E5%85%86%E7%9A%84%E5%8E%9F%E7%94%9F%E8%8F%8C%EF%BC%8C%E5%9C%A8%E8%A3%9C%E5%85%85%E5%A4%96%E4%BE%86%E8%8F%8C%E4%B9%8B%E5%89%8D%EF%BC%8C%E8%8B%A5%E6%98%AF%E8%A9%A6%E8%91%97%E5%85%88%E8%8C%81%E5%A3%AF%E8%87%AA%E5%B7%B1%E7%9A%84%E9%AB%94%E5%85%A7%E5%8E%9F%E7%94%9F%E8%8F%8C%EF%BC%8C%E6%8A%8A%E8%85%B8%E9%81%93%E8%8F%8C%E7%9B%B8%E8%AA%BF%E6%95%B4%E5%A5%BD%EF%BC%8C%E5%A4%A7%E9%83%A8%E5%88%86%E7%9A%84%E8%85%B8%E9%81%93%E5%9B%B0%E6%93%BE%E4%BE%BF%E8%BF%8E%E5%88%83%E8%80%8C%E8%A7%A3%EF%BC%8C%E4%B9%9F%E5%8F%AF%E4%BB%A5%E9%81%BF%E5%85%8D%E5%A4%96%E4%BE%86%E8%8F%8C%E5%88%B0%E5%BA%95%E9%81%A9%E4%B8%8D%E9%81%A9%E5%90%88%E8%87%AA%E8%BA%AB%E9%AB%94%E8%B3%AA%E7%9A%84%E5%95%8F%E9%A1%8C%EF%BC%8C%E9%99%8D%E4%BD%8E%E4%B8%8D%E8%89%AF%E5%8F%8D%E6%87%89%E7%99%BC%E7%94%9F%E7%9A%84%E9%A2%A8%E9%9A%AA%E3%80%82
https://views.learneating.com/report/probiotics-fiber/#:~:text=%E6%90%AD%E9%85%8D%E7%9B%8A%E7%94%9F%E5%85%83%E7%99%BC%E6%8F%AE%E6%9B%B4%E5%A4%A7%E5%8A%9F%E6%95%88%20%E7%9B%8A%E7%94%9F%E8%8F%8C%E6%98%AF%E8%A8%B1%E5%A4%9A%E4%BA%BA%E7%82%BA%E6%94%B9%E5%96%84%E8%85%B8%E9%81%93%E5%81%A5%E5%BA%B7%E8%80%8C%E6%8E%A1%E5%8F%96%E7%9A%84%E6%8E%AA%E6%96%BD%E4%B9%8B%E4%B8%80%EF%BC%8C%E5%B7%B2%E6%9C%89%E8%A8%B1%E5%A4%9A%E7%A0%94%E7%A9%B6%E8%AD%89%E5%AF%A6%EF%BC%8C%E5%96%AE%E7%8D%A8%E8%A3%9C%E5%85%85%E7%9B%8A%E7%94%9F%E8%8F%8C%E5%8F%AF%E8%83%BD%E4%B8%8D%E8%B6%B3%E4%BB%A5%E5%AF%A6%E7%8F%BE%E7%99%BC%E6%8F%AE%E6%9C%80%E4%BD%B3%E6%95%88%E6%9E%9C%EF%BC%8C%E9%9C%80%E8%A6%81%E6%9C%89%E8%86%B3%E9%A3%9F%E7%BA%96%E7%B6%AD%EF%BC%88%E7%9B%8A%E7%94%9F%E5%85%83%EF%BC%89%E7%9A%84%E6%90%AD%E9%85%8D%EF%BC%8C%E6%89%8D%E8%83%BD%E7%9C%9F%E6%AD%A3%E5%A2%9E%E5%8A%A0%E8%85%B8%E9%81%93%E5%85%A7%E7%9A%84%E5%A5%BD%E8%8F%8C%E3%80%82%20%E7%87%9F%E9%A4%8A%E5%B8%AB%E8%A7%A3%E9%87%8B%EF%BC%8C%E7%9B%8A%E7%94%9F%E8%8F%8C%E5%8F%AF%E5%B0%87%E7%9B%8A%E7%94%9F%E5%85%83%E7%95%B6%E4%BD%9C%E7%87%9F%E9%A4%8A%E5%9F%BA%E8%B3%AA%EF%BC%8C%E7%B6%93%E9%81%8E%E7%99%BC%E9%85%B5%E4%BD%9C%E7%94%A8%E9%80%B2%E4%B8%80%E6%AD%A5%E7%B9%81%E6%AE%96%EF%BC%8C%E4%B9%9F%E7%94%A2%E7%94%9F%E8%A8%B1%E5%A4%9A%E4%BB%A3%E8%AC%9D%E7%89%A9%EF%BC%8C%E7%B6%AD%E6%8C%81%E9%95%B7%E6%9C%9F%E8%85%B8%E9%81%93%E8%8F%8C%E5%8F%A2%E7%9A%84%E5%A4%9A%E6%A8%A3%E6%80%A7%E3%80%81%E8%85%B8%E9%81%93%E7%B2%98%E8%86%9C%E7%9A%84%E5%AE%8C%E6%95%B4%EF%BC%8C%E7%94%9A%E8%87%B3%E4%BB%A3%E8%AC%9D%E7%89%A9%E4%B9%9F%E6%9C%83%E9%80%B2%E5%85%A5%E4%BA%BA%E9%AB%94%E5%BD%B1%E9%9F%BF%E8%A1%80%E7%B3%96%E3%80%81%E8%A1%80%E8%84%82%E5%92%8C%E5%BB%BA%E6%A7%8B%E8%A8%B1%E5%A4%9A%E8%85%B8%E9%81%93%E8%BB%B8%E7%B7%9A%E3%80%82%20%E5%9B%A0%E6%AD%A4%EF%BC%8C%E6%9E%97%E4%BF%90%E5%A6%A4%E7%87%9F%E9%A4%8A%E5%B8%AB%E5%BB%BA%E8%AD%B0%E5%9C%A8%E8%A3%9C%E5%85%85%E7%9B%8A%E7%94%9F%E8%8F%8C%E7%9A%84%E5%90%8C%E6%99%82%EF%BC%8C%E6%9C%80%E9%87%8D%E8%A6%81%E7%9A%84%E4%BB%8D%E7%84%B6%E6%98%AF%E6%97%A5%E5%B8%B8%E7%94%9F%E6%B4%BB%E4%B8%AD%E5%A4%9A%E5%A4%9A%E6%94%9D%E5%8F%96%E5%AF%8C%E5%90%AB%E8%86%B3%E9%A3%9F%E7%BA%96%E7%9A%84%E9%A3%9F%E7%89%A9%EF%BC%8C%E5%A6%82%E8%94%AC%E8%8F%9C%E3%80%81%E6%B0%B4%E6%9E%9C%E3%80%81%E7%87%95%E9%BA%A5%E7%AD%89%EF%BC%8C%E4%B8%A6%E4%B8%94%E9%85%8D%E5%90%88%E5%81%A5%E5%BA%B7%E7%9A%84%E9%A3%B2%E9%A3%9F%E5%9E%8B%E6%85%8B%E6%89%8D%E6%98%AF%E7%B6%AD%E6%8C%81%E8%85%B8%E9%81%93%E5%81%A5%E5%BA%B7%E7%9A%84%E4%B8%8D%E4%BA%8C%E6%B3%95%E9%96%80%EF%BC%81
https://shop.vitabox.com.tw/pages/prebiotics
https://www.dietician.com.tw/knowledge/item/1085.html#:~:text=%E5%BB%BA%E8%AD%B0%E6%8C%91%E9%81%B8%E7%9B%8A%E7%94%9F%E8%8F%8C%E6%90%AD%E9%85%8D%E7%9B%8A%E7%94%9F%E5%85%83%E7%9A%84%E7%94%A2%E5%93%81%20%E7%9B%8A%E7%94%9F%E5%85%83%E7%9A%84%E4%BD%9C%E7%82%BA%E7%9B%8A%E7%94%9F%E8%8F%8C%E7%9A%84%E9%A3%9F%E7%89%A9%EF%BC%8C%E6%9C%89%E5%A5%BD%E8%8F%8C%E7%9A%84%E5%AD%98%E5%9C%A8%E6%89%8D%E6%9C%89%E7%B9%81%E6%AE%96%E7%9A%84%E5%83%B9%E5%80%BC%EF%BC%8C%E7%9B%8A%E7%94%9F%E8%8F%8C%E7%9A%84%E8%A3%9C%E5%85%85%E5%8F%AF%E4%BB%A5%E5%B9%AB%E5%8A%A9%E8%AA%BF%E6%95%B4%E6%B6%88%E5%8C%96%E9%81%93%E8%8F%8C%E5%8F%A2%E7%94%9F%E6%85%8B%EF%BC%8C%E8%80%8C%E8%A3%9C%E5%85%85%E7%9B%8A%E7%94%9F%E5%85%83%E5%8F%AF%E4%BB%A5%E5%B9%AB%E5%8A%A9%E7%9B%8A%E7%94%9F%E8%8F%8C%E7%9A%84%E7%B9%81%E6%AE%96%EF%BC%8C%E5%B0%8D%E6%96%BC%E6%B6%88%E5%8C%96%E9%81%93%E7%9A%84%E7%B6%AD%E8%AD%B7%E6%89%8D%E6%9B%B4%E6%9C%89%E5%B9%AB%E5%8A%A9%E3%80%82%20%E7%A0%94%E7%A9%B6%E8%AD%89%E5%AF%A6%E5%A2%9E%E5%8A%A0%E6%B6%88%E5%8C%96%E9%81%93%E4%B8%AD%E7%9A%84%E7%B4%B0%E8%8F%8C%E5%8F%A2%E5%A4%9A%E6%A8%A3%E6%80%A7%E8%88%87%E5%81%A5%E5%BA%B7%E7%A8%8B%E5%BA%A6%E5%91%88%E7%8F%BE%E6%AD%A3%E7%9B%B8%E9%97%9C%E3%80%82%20%E9%99%A4%E4%BA%86%E6%94%9D%E5%8F%96%E5%A4%9A%E6%A8%A3%E7%9A%84%E8%8F%8C%E7%A8%AE%E7%9A%84%E7%9B%8A%E7%94%9F%E8%8F%8C%EF%BC%8C%E7%9B%8A%E7%94%9F%E8%B3%AA%E4%B9%9F%E8%83%BD%E5%A4%A0%E5%B9%AB%E5%8A%A9%E5%A4%9A%E6%A8%A3%E5%A5%BD%E8%8F%8C%E7%9A%84%E5%9F%B9%E8%82%B2%E3%80%82%20%E7%9B%8A%E7%94%9F%E5%85%83%E7%9A%84%E6%8C%91%E9%81%B8%E5%8F%AF%E4%BB%A5%E9%81%B8%E6%93%87%E6%9E%9C%E5%AF%A1%E9%86%A3%EF%BC%8C%E7%A0%94%E7%A9%B6%E9%A1%AF%E7%A4%BA%E6%9E%9C%E5%AF%A1%E7%B3%96%E8%A3%9C%E5%85%85%E8%88%87%E6%B6%88%E5%8C%96%E9%81%93%E4%B9%8B%E9%96%93%EF%BC%8C%E5%85%B6%E6%B6%88%E5%8C%96%E9%81%93%E4%B8%AD%E5%A4%9A%E6%A8%A3%E7%9A%84%E7%B4%B0%E8%8F%8C%E5%8F%A2%E6%AF%94%E4%BE%8B%E8%BC%83%E9%AB%98%EF%BC%8C%E8%83%BD%E5%A4%A0%E8%AA%BF%E7%AF%80%E6%B6%88%E5%8C%96%E9%81%93%E6%A9%9F%E8%83%BD%E7%9A%84%E5%B9%AB%E5%8A%A9%E3%80%82%20%E6%9C%80%E5%BE%8C%EF%BC%8C%E7%87%9F%E9%A4%8A%E5%B8%AB%E6%8F%90%E9%86%92%E4%BD%A0%EF%BC%8C%E7%9B%8A%E7%94%9F%E8%8F%8C%E6%90%AD%E9%85%8D%E7%9B%8A%E7%94%9F%E5%85%83%E7%9A%84%E8%A3%9C%E5%85%85%EF%BC%8C%E5%8F%AF%E4%BB%A5%E6%9B%B4%E5%85%A8%E9%9D%A2%E6%80%A7%E7%9A%84%E5%B9%AB%E5%8A%A9%E6%B6%88%E5%8C%96%E9%81%93%E6%A9%9F%E8%83%BD%E3%80%82%20%E8%80%8C%E5%9C%A8%E7%9B%8A%E7%94%9F%E8%8F%8C%E7%9A%84%E6%8C%91%E9%81%B8%E4%B8%8A%EF%BC%8C%E5%8F%AF%E4%BB%A5%E9%81%B8%E6%93%87%E6%9C%89%E4%BF%9D%E8%AD%89%E8%8F%8C%E6%95%B8%E3%80%81%E8%B6%85%E5%BE%AE%E6%B0%A7%E6%8A%80%E8%A1%93%E7%9A%84%E7%9B%8A%E7%94%9F%E8%8F%8C%EF%BC%8C%E7%A2%BA%E4%BF%9D%E5%9C%A8%E6%9C%89%E6%95%88%E6%9C%9F%E9%99%90%E5%85%A7%E5%90%83%E5%88%B0%E8%B6%B3%E5%A4%A0%E7%9A%84%E5%A5%BD%E8%8F%8C%EF%BC%8C%E8%80%8C%E8%B6%85%E5%BE%AE%E6%B0%A7%E6%8A%80%E8%A1%93%E4%B9%9F%E5%8F%AF%E4%BB%A5%E6%8F%90%E5%8D%87%E5%A5%BD%E8%8F%8C%E7%9A%84%E5%AD%98%E6%B4%BB%E5%8A%9B%EF%BC%8C%E6%8F%90%E9%AB%98%E4%BA%86%E7%9B%8A%E7%94%9F%E8%8F%8C%E7%9A%84%E6%95%B4%E9%AB%94%E5%A3%BD%E5%91%BD%EF%BC%8C%E8%AE%93%E4%BD%A0%E5%90%83%E9%80%B2%E6%9B%B4%E5%A4%9A%E6%96%B0%E9%AE%AE%E7%9A%84%E5%A5%BD%E8%8F%8C%EF%BC%8C%E4%BE%8B%E5%A6%82%E3%80%8A%E5%8F%B0%E7%81%A301%20%E7%9B%8A%E7%94%9F%E8%8F%8C%E3%80%8B%E3%80%82
https://www.papa-oligo.com/pages/prebiotisprobiotis#:~:text=%E2%96%87%20%E7%9B%8A%E7%94%9F%E8%8F%8C%E5%92%8C%E7%9B%8A%E7%94%9F%E5%85%83%E5%8F%AF%E4%BB%A5%E4%B8%80%E8%B5%B7%E5%90%83%E5%97%8E%EF%BC%9F%20%E6%9C%83%E6%AF%94%E8%BC%83%E5%A5%BD%E5%97%8E%EF%BC%9F%20%E8%A9%B2%E6%B3%A8%E6%84%8F%E4%BB%80%E9%BA%BC%EF%BC%9F%20%E7%9B%8A%E7%94%9F%E8%8F%8C%E3%80%81%E7%9B%8A%E7%94%9F%E5%85%83%E5%85%A9%E8%80%85%E5%B0%8D%E6%96%BC%E4%BA%BA%E9%AB%94%E8%85%B8%E9%81%93%E5%81%A5%E5%BA%B7%E7%9A%86%E6%9C%89%E5%B9%AB%E5%8A%A9%EF%BC%8C%E4%B8%80%E8%B5%B7%E5%90%83%E6%98%AF%E7%B5%95%E5%B0%8D%E6%B2%92%E6%9C%89%E5%95%8F%E9%A1%8C%E7%9A%84%EF%BC%8C%E7%9B%8A%E7%94%9F%E5%85%83%E6%9C%AC%E8%BA%AB%E6%98%AF%E7%9B%8A%E7%94%9F%E8%8F%8C%E7%9A%84%E9%A4%8A%E5%88%86%E5%8F%8A%E9%A3%9F%E7%89%A9%EF%BC%8C%E5%8F%AF%E4%BB%A5%E6%8F%90%E9%AB%98%E7%9B%8A%E7%94%9F%E8%8F%8C%E7%9A%84%E6%88%B0%E9%AC%A5%E5%8A%9B%EF%BC%8C%E6%89%80%E4%BB%A5%E8%A3%9C%E5%85%85%E7%9B%8A%E7%94%9F%E8%8F%8C%E7%9A%84%E5%90%8C%E6%99%82%E6%9B%B4%E8%A6%81%E8%A3%9C%E5%85%85%E7%9B%8A%E7%94%9F%E5%85%83%EF%BC%8C%E4%BD%BF%E7%9B%8A%E8%8F%8C%E7%BE%A4%E7%99%BC%E6%8F%AE%E6%9C%80%E4%BD%B3%E7%9A%84%E6%95%88%E6%9E%9C%E3%80%82%20%E5%80%BC%E5%BE%97%E6%B3%A8%E6%84%8F%E7%9A%84%E6%98%AF%EF%BC%8C%E4%BA%BA%E9%AB%94%E8%85%B8%E9%81%93%E5%85%A7%E6%9C%AC%E4%BE%86%E5%B0%B1%E6%9C%89%E9%AB%98%E9%81%94%E6%95%B8%E5%85%86%E7%9A%84%E5%8E%9F%E7%94%9F%E8%8F%8C%EF%BC%8C%E5%9C%A8%E8%A3%9C%E5%85%85%E5%A4%96%E4%BE%86%E8%8F%8C%E4%B9%8B%E5%89%8D%EF%BC%8C%E8%8B%A5%E6%98%AF%E8%A9%A6%E8%91%97%E5%85%88%E8%8C%81%E5%A3%AF%E8%87%AA%E5%B7%B1%E7%9A%84%E9%AB%94%E5%85%A7%E5%8E%9F%E7%94%9F%E8%8F%8C%EF%BC%8C%E6%8A%8A%E8%85%B8%E9%81%93%E8%8F%8C%E7%9B%B8%E8%AA%BF%E6%95%B4%E5%A5%BD%EF%BC%8C%E5%A4%A7%E9%83%A8%E5%88%86%E7%9A%84%E8%85%B8%E9%81%93%E5%9B%B0%E6%93%BE%E4%BE%BF%E8%BF%8E%E5%88%83%E8%80%8C%E8%A7%A3%EF%BC%8C%E4%B9%9F%E5%8F%AF%E4%BB%A5%E9%81%BF%E5%85%8D%E5%A4%96%E4%BE%86%E8%8F%8C%E5%88%B0%E5%BA%95%E9%81%A9%E4%B8%8D%E9%81%A9%E5%90%88%E8%87%AA%E8%BA%AB%E9%AB%94%E8%B3%AA%E7%9A%84%E5%95%8F%E9%A1%8C%EF%BC%8C%E9%99%8D%E4%BD%8E%E4%B8%8D%E8%89%AF%E5%8F%8D%E6%87%89%E7%99%BC%E7%94%9F%E7%9A%84%E9%A2%A8%E9%9A%AA%E3%80%82"
益生菌菌種鑑定,NO_AIO_FOUND,
益生菌選擇指南,NO_AIO_FOUND,
